2026-05-02 22:19:10,003 [INFO] [0.00s] 
================================================================================
2026-05-02 22:19:10,003 [INFO] [0.00s] FNO2 ENHANCED TRAINING CONFIGURATION (Python Standard Logging)
2026-05-02 22:19:10,004 [INFO] [0.00s] ================================================================================
2026-05-02 22:19:10,004 [INFO] [0.00s] classNum: 1
2026-05-02 22:19:10,005 [INFO] [0.00s]   -> Using only: bc category
2026-05-02 22:19:10,005 [INFO] [0.00s] Max cases per category: 2
2026-05-02 22:19:10,005 [INFO] [0.00s] Epochs: 1
2026-05-02 22:19:10,006 [INFO] [0.01s] Batch size: 4
2026-05-02 22:19:10,006 [INFO] [0.01s] Learning rate: 0.001
2026-05-02 22:19:10,007 [INFO] [0.01s] Log level: DEBUG
2026-05-02 22:19:10,007 [INFO] [0.01s] Log to console: True
2026-05-02 22:19:10,007 [INFO] [0.01s] Log to file: True
2026-05-02 22:19:10,007 [INFO] [0.01s] ================================================================================
2026-05-02 22:19:10,007 [INFO] [0.01s] 
2026-05-02 22:19:10,022 [INFO] [0.02s] 
================================================================================
2026-05-02 22:19:10,023 [INFO] [0.02s] ENHANCED FNO2 TRAINING FOR NAVIER-STOKES (CFDBENCH)
2026-05-02 22:19:10,023 [INFO] [0.02s] ================================================================================
2026-05-02 22:19:10,023 [INFO] [0.02s] Start time: 2026-05-02 22:19:10
2026-05-02 22:19:10,025 [INFO] [0.02s] Device: cpu
2026-05-02 22:19:10,025 [INFO] [0.02s] Log file: training_full.log
2026-05-02 22:19:10,025 [INFO] [0.02s] Log level: DEBUG
2026-05-02 22:19:10,025 [INFO] [0.02s] Log to console: True
2026-05-02 22:19:10,026 [INFO] [0.02s] Log to file: True
2026-05-02 22:19:10,026 [INFO] [0.02s] 
2026-05-02 22:19:10,026 [INFO] [0.02s] TRAINING CONFIGURATION:
2026-05-02 22:19:10,026 [INFO] [0.02s]   data_root: C:\traework\data
2026-05-02 22:19:10,027 [INFO] [0.02s]   problems: ['cavity']
2026-05-02 22:19:10,027 [INFO] [0.02s]   categories: None
2026-05-02 22:19:10,027 [INFO] [0.02s]   classNum: 1
2026-05-02 22:19:10,027 [INFO] [0.02s]   modes: 12
2026-05-02 22:19:10,028 [INFO] [0.02s]   width: 32
2026-05-02 22:19:10,028 [INFO] [0.02s]   epochs: 1
2026-05-02 22:19:10,028 [INFO] [0.02s]   batch_size: 4
2026-05-02 22:19:10,028 [INFO] [0.02s]   learning_rate: 0.001
2026-05-02 22:19:10,028 [INFO] [0.02s]   weight_decay: 0.0001
2026-05-02 22:19:10,028 [INFO] [0.02s]   train_ratio: 0.8
2026-05-02 22:19:10,029 [INFO] [0.02s]   normalize: True
2026-05-02 22:19:10,029 [INFO] [0.02s]   max_cases_per_category: 2
2026-05-02 22:19:10,029 [INFO] [0.02s]   in_channels: 4
2026-05-02 22:19:10,029 [INFO] [0.02s]   out_channels: 2
2026-05-02 22:19:10,029 [INFO] [0.02s]   show_gradient_stats: True
2026-05-02 22:19:10,031 [INFO] [0.02s]   show_param_stats: True
2026-05-02 22:19:10,032 [INFO] [0.02s]   show_tensor_stats: True
2026-05-02 22:19:10,032 [INFO] [0.02s]   show_prediction_samples: True
2026-05-02 22:19:10,032 [INFO] [0.02s] 
2026-05-02 22:19:10,032 [INFO] [0.02s] === STARTING: Data Loading ===
2026-05-02 22:19:10,032 [INFO] [0.02s] ============================================================
2026-05-02 22:19:10,033 [INFO] [0.03s] DATA LOADING PROCESS
2026-05-02 22:19:10,033 [INFO] [0.03s] ============================================================
2026-05-02 22:19:10,034 [INFO] [0.03s] Data root: C:\traework\data
2026-05-02 22:19:10,034 [INFO] [0.03s] Problems: ['cavity']
2026-05-02 22:19:10,034 [INFO] [0.03s] classNum: 1
2026-05-02 22:19:10,034 [INFO] [0.03s] Categories to use: ['bc']
2026-05-02 22:19:10,034 [INFO] [0.03s] Max cases per category: 2
2026-05-02 22:19:10,035 [INFO] [0.03s] Normalize: True
2026-05-02 22:19:10,035 [INFO] [0.03s] 
2026-05-02 22:19:10,036 [INFO] [0.03s] Processing problem: cavity
2026-05-02 22:19:10,039 [INFO] [0.03s]   Category: bc - Found 50 cases, using 2
2026-05-02 22:19:10,046 [INFO] [0.04s]     [LOAD] case0000: 10 time steps, 9 samples, shape=(64, 64)
2026-05-02 22:19:10,051 [INFO] [0.04s]     [LOAD] case0001: 11 time steps, 10 samples, shape=(64, 64)
2026-05-02 22:19:10,051 [INFO] [0.04s] 
2026-05-02 22:19:10,051 [INFO] [0.04s] ------------------------------------------------------------
2026-05-02 22:19:10,052 [INFO] [0.04s] DATA LOADING SUMMARY
2026-05-02 22:19:10,052 [INFO] [0.04s] ------------------------------------------------------------
2026-05-02 22:19:10,052 [INFO] [0.04s]   Total cases loaded: 2
2026-05-02 22:19:10,052 [INFO] [0.04s]   Total cases skipped: 0
2026-05-02 22:19:10,052 [INFO] [0.05s]   Total time-step pairs: 19
2026-05-02 22:19:10,053 [INFO] [0.05s] 
2026-05-02 22:19:10,053 [INFO] [0.05s] Computing normalization statistics...
2026-05-02 22:19:10,056 [INFO] [0.05s]   U Component:
2026-05-02 22:19:10,057 [INFO] [0.05s]     mean = 0.023579
2026-05-02 22:19:10,057 [INFO] [0.05s]     std  = 0.376494
2026-05-02 22:19:10,057 [INFO] [0.05s]     min  = -0.835910
2026-05-02 22:19:10,058 [INFO] [0.05s]     max  = 2.000000
2026-05-02 22:19:10,058 [INFO] [0.05s]   V Component:
2026-05-02 22:19:10,058 [INFO] [0.05s]     mean = -0.000162
2026-05-02 22:19:10,058 [INFO] [0.05s]     std  = 0.307426
2026-05-02 22:19:10,058 [INFO] [0.05s]     min  = -1.341040
2026-05-02 22:19:10,058 [INFO] [0.05s]     max  = 0.830370
2026-05-02 22:19:10,060 [INFO] [0.05s] 
2026-05-02 22:19:10,060 [INFO] [0.05s] Normalizing data...
2026-05-02 22:19:10,061 [INFO] [0.05s]   Normalization complete: 19 samples
2026-05-02 22:19:10,061 [INFO] [0.05s] 
2026-05-02 22:19:10,061 [INFO] [0.05s] ============================================================
2026-05-02 22:19:10,061 [INFO] [0.05s] DATA LOADING COMPLETE
2026-05-02 22:19:10,061 [INFO] [0.05s] ============================================================
2026-05-02 22:19:10,063 [INFO] [0.06s] === COMPLETED: Data Loading (took 0.03s) ===
2026-05-02 22:19:10,063 [INFO] [0.06s]     Details: 15 train, 4 test, 4 batches per epoch
2026-05-02 22:19:10,119 [INFO] [0.11s] Memory: CPU Memory: 157.34MB RSS
2026-05-02 22:19:10,119 [INFO] [0.11s] === STARTING: Model Creation ===
2026-05-02 22:19:10,158 [INFO] [0.15s] Model Architecture:
2026-05-02 22:19:10,158 [INFO] [0.15s]   FNO2d with modes=12, width=32
2026-05-02 22:19:10,158 [INFO] [0.15s]   Input channels: 4 (2 data + 2 coords auto-added)
2026-05-02 22:19:10,158 [INFO] [0.15s]   Output channels: 2 (u, v velocity)
2026-05-02 22:19:10,159 [INFO] [0.15s]   Total parameters: 1,188,770
2026-05-02 22:19:10,159 [INFO] [0.15s]   Trainable parameters: 1,188,770
2026-05-02 22:19:10,159 [INFO] [0.15s] 
  Layer-wise parameter count:
2026-05-02 22:19:10,159 [INFO] [0.15s]     fc0.weight: 128 params
2026-05-02 22:19:10,159 [INFO] [0.15s]     fc0.bias: 32 params
2026-05-02 22:19:10,159 [INFO] [0.15s]     conv0.weights1: 147,456 params
2026-05-02 22:19:10,160 [INFO] [0.15s]     conv0.weights2: 147,456 params
2026-05-02 22:19:10,160 [INFO] [0.15s]     conv1.weights1: 147,456 params
2026-05-02 22:19:10,160 [INFO] [0.15s]     conv1.weights2: 147,456 params
2026-05-02 22:19:10,160 [INFO] [0.15s]     conv2.weights1: 147,456 params
2026-05-02 22:19:10,161 [INFO] [0.15s]     conv2.weights2: 147,456 params
2026-05-02 22:19:10,161 [INFO] [0.15s]     conv3.weights1: 147,456 params
2026-05-02 22:19:10,161 [INFO] [0.15s]     conv3.weights2: 147,456 params
2026-05-02 22:19:10,161 [INFO] [0.15s]     w0.weight: 1,024 params
2026-05-02 22:19:10,162 [INFO] [0.15s]     w0.bias: 32 params
2026-05-02 22:19:10,162 [INFO] [0.15s]     w1.weight: 1,024 params
2026-05-02 22:19:10,162 [INFO] [0.15s]     w1.bias: 32 params
2026-05-02 22:19:10,162 [INFO] [0.16s]     w2.weight: 1,024 params
2026-05-02 22:19:10,163 [INFO] [0.16s]     w2.bias: 32 params
2026-05-02 22:19:10,164 [INFO] [0.16s]     w3.weight: 1,024 params
2026-05-02 22:19:10,164 [INFO] [0.16s]     w3.bias: 32 params
2026-05-02 22:19:10,164 [INFO] [0.16s]     bn0.weight: 32 params
2026-05-02 22:19:10,166 [INFO] [0.16s]     bn0.bias: 32 params
2026-05-02 22:19:10,166 [INFO] [0.16s]     bn1.weight: 32 params
2026-05-02 22:19:10,166 [INFO] [0.16s]     bn1.bias: 32 params
2026-05-02 22:19:10,166 [INFO] [0.16s]     bn2.weight: 32 params
2026-05-02 22:19:10,166 [INFO] [0.16s]     bn2.bias: 32 params
2026-05-02 22:19:10,166 [INFO] [0.16s]     bn3.weight: 32 params
2026-05-02 22:19:10,166 [INFO] [0.16s]     bn3.bias: 32 params
2026-05-02 22:19:10,168 [INFO] [0.16s]     fc1.weight: 4,096 params
2026-05-02 22:19:10,168 [INFO] [0.16s]     fc1.bias: 128 params
2026-05-02 22:19:10,168 [INFO] [0.16s]     fc2.weight: 256 params
2026-05-02 22:19:10,169 [INFO] [0.16s]     fc2.bias: 2 params
2026-05-02 22:19:10,169 [INFO] [0.16s] === COMPLETED: Model Creation (took 0.05s) ===
2026-05-02 22:19:10,169 [INFO] [0.16s]     Details: 1,188,770 parameters
2026-05-02 22:19:10,170 [INFO] [0.16s] Memory: CPU Memory: 168.85MB RSS
2026-05-02 22:19:10,170 [INFO] [0.16s] === STARTING: Optimizer Setup ===
2026-05-02 22:19:14,354 [INFO] [4.35s] Optimizer: Adam
2026-05-02 22:19:14,354 [INFO] [4.35s]   Learning rate: 0.001
2026-05-02 22:19:14,354 [INFO] [4.35s]   Weight decay: 0.0001
2026-05-02 22:19:14,354 [INFO] [4.35s] Scheduler: StepLR (step=15, gamma=0.5)
2026-05-02 22:19:14,354 [INFO] [4.35s] Loss function: MSELoss
2026-05-02 22:19:14,355 [INFO] [4.35s] === COMPLETED: Optimizer Setup (took 4.19s) ===
2026-05-02 22:19:14,355 [INFO] [4.35s] === STARTING: Training ===
2026-05-02 22:19:14,355 [INFO] [4.35s] ================================================================================
2026-05-02 22:19:14,355 [INFO] [4.35s] TRAINING PROCESS - DETAILED LOGGING
2026-05-02 22:19:14,356 [INFO] [4.35s] ================================================================================
2026-05-02 22:19:14,356 [INFO] [4.35s] 
2026-05-02 22:19:14,356 [INFO] [4.35s] Logging features enabled:
2026-05-02 22:19:14,356 [INFO] [4.35s]   - Gradient statistics: [YES]
2026-05-02 22:19:14,356 [INFO] [4.35s]   - Parameter statistics: [YES]
2026-05-02 22:19:14,357 [INFO] [4.35s]   - Tensor statistics: [YES]
2026-05-02 22:19:14,357 [INFO] [4.35s]   - Prediction samples: [YES]
2026-05-02 22:19:14,357 [INFO] [4.35s] 
2026-05-02 22:19:14,358 [INFO] [4.35s] 
================================================================================
2026-05-02 22:19:14,358 [INFO] [4.35s] [EPOCH 1/1] START
2026-05-02 22:19:14,359 [INFO] [4.35s] ================================================================================
2026-05-02 22:19:14,359 [INFO] [4.35s]   Current learning rate: 1.00e-03
2026-05-02 22:19:14,359 [INFO] [4.35s]   Number of batches: 4
2026-05-02 22:19:14,360 [INFO] [4.35s]   Memory: CPU Memory: 208.11MB RSS
2026-05-02 22:19:14,360 [INFO] [4.35s] 
2026-05-02 22:19:14,364 [INFO] [4.36s] ------------------------------------------------------------
2026-05-02 22:19:14,364 [DEBUG] [4.36s] [Batch 1/4] INPUT DATA STATS
2026-05-02 22:19:14,365 [INFO] [4.36s]   Case: cavity/bc/case0000 (t=5)
2026-05-02 22:19:14,367 [DEBUG] [4.36s]   Tensor Stats - Input (first sample):
2026-05-02 22:19:14,368 [INFO] [4.36s]     shape: (64, 64, 2)
2026-05-02 22:19:14,368 [INFO] [4.36s]     dtype: torch.float32
2026-05-02 22:19:14,368 [INFO] [4.36s]     mean: -0.010596
2026-05-02 22:19:14,368 [INFO] [4.36s]     std: 0.642236
2026-05-02 22:19:14,368 [INFO] [4.36s]     min: -2.136783
2026-05-02 22:19:14,369 [INFO] [4.36s]     max: 2.593456
2026-05-02 22:19:14,369 [INFO] [4.36s]     median: -0.036922
2026-05-02 22:19:14,371 [DEBUG] [4.36s]   Tensor Stats - Target (first sample):
2026-05-02 22:19:14,371 [INFO] [4.36s]     shape: (64, 64, 2)
2026-05-02 22:19:14,371 [INFO] [4.36s]     dtype: torch.float32
2026-05-02 22:19:14,372 [INFO] [4.36s]     mean: -0.010597
2026-05-02 22:19:14,372 [INFO] [4.36s]     std: 0.646211
2026-05-02 22:19:14,372 [INFO] [4.36s]     min: -2.137498
2026-05-02 22:19:14,372 [INFO] [4.36s]     max: 2.593456
2026-05-02 22:19:14,372 [INFO] [4.37s]     median: -0.036761
2026-05-02 22:20:28,638 [INFO] [0.01s] 
================================================================================
2026-05-02 22:20:28,638 [INFO] [0.01s] FNO2 ENHANCED TRAINING CONFIGURATION (Python Standard Logging)
2026-05-02 22:20:28,638 [INFO] [0.01s] ================================================================================
2026-05-02 22:20:28,638 [INFO] [0.01s] classNum: 1
2026-05-02 22:20:28,639 [INFO] [0.01s]   -> Using only: bc category
2026-05-02 22:20:28,639 [INFO] [0.01s] Max cases per category: 2
2026-05-02 22:20:28,639 [INFO] [0.01s] Epochs: 1
2026-05-02 22:20:28,639 [INFO] [0.01s] Batch size: 4
2026-05-02 22:20:28,639 [INFO] [0.01s] Learning rate: 0.001
2026-05-02 22:20:28,639 [INFO] [0.01s] Log level: DEBUG
2026-05-02 22:20:28,639 [INFO] [0.01s] Log to console: True
2026-05-02 22:20:28,639 [INFO] [0.01s] Log to file: True
2026-05-02 22:20:28,639 [INFO] [0.01s] ================================================================================
2026-05-02 22:20:28,639 [INFO] [0.01s] 
2026-05-02 22:20:28,650 [INFO] [0.01s] 
================================================================================
2026-05-02 22:20:28,650 [INFO] [0.01s] ENHANCED FNO2 TRAINING FOR NAVIER-STOKES (CFDBENCH)
2026-05-02 22:20:28,650 [INFO] [0.01s] ================================================================================
2026-05-02 22:20:28,650 [INFO] [0.01s] Start time: 2026-05-02 22:20:28
2026-05-02 22:20:28,650 [INFO] [0.01s] Device: cpu
2026-05-02 22:20:28,650 [INFO] [0.01s] Log file: training_full.log
2026-05-02 22:20:28,651 [INFO] [0.01s] Log level: DEBUG
2026-05-02 22:20:28,651 [INFO] [0.01s] Log to console: True
2026-05-02 22:20:28,651 [INFO] [0.01s] Log to file: True
2026-05-02 22:20:28,651 [INFO] [0.01s] 
2026-05-02 22:20:28,651 [INFO] [0.01s] TRAINING CONFIGURATION:
2026-05-02 22:20:28,651 [INFO] [0.01s]   data_root: C:\traework\data
2026-05-02 22:20:28,651 [INFO] [0.01s]   problems: ['cavity']
2026-05-02 22:20:28,651 [INFO] [0.01s]   categories: None
2026-05-02 22:20:28,653 [INFO] [0.01s]   classNum: 1
2026-05-02 22:20:28,653 [INFO] [0.01s]   modes: 12
2026-05-02 22:20:28,653 [INFO] [0.01s]   width: 32
2026-05-02 22:20:28,653 [INFO] [0.01s]   epochs: 1
2026-05-02 22:20:28,654 [INFO] [0.01s]   batch_size: 4
2026-05-02 22:20:28,654 [INFO] [0.01s]   learning_rate: 0.001
2026-05-02 22:20:28,654 [INFO] [0.01s]   weight_decay: 0.0001
2026-05-02 22:20:28,654 [INFO] [0.01s]   train_ratio: 0.8
2026-05-02 22:20:28,654 [INFO] [0.01s]   normalize: True
2026-05-02 22:20:28,654 [INFO] [0.01s]   max_cases_per_category: 2
2026-05-02 22:20:28,654 [INFO] [0.02s]   in_channels: 4
2026-05-02 22:20:28,656 [INFO] [0.02s]   out_channels: 2
2026-05-02 22:20:28,656 [INFO] [0.02s]   show_gradient_stats: True
2026-05-02 22:20:28,656 [INFO] [0.02s]   show_param_stats: True
2026-05-02 22:20:28,656 [INFO] [0.02s]   show_tensor_stats: True
2026-05-02 22:20:28,657 [INFO] [0.02s]   show_prediction_samples: True
2026-05-02 22:20:28,657 [INFO] [0.02s] 
2026-05-02 22:20:28,657 [INFO] [0.02s] === STARTING: Data Loading ===
2026-05-02 22:20:28,657 [INFO] [0.02s] ============================================================
2026-05-02 22:20:28,657 [INFO] [0.02s] DATA LOADING PROCESS
2026-05-02 22:20:28,658 [INFO] [0.02s] ============================================================
2026-05-02 22:20:28,658 [INFO] [0.02s] Data root: C:\traework\data
2026-05-02 22:20:28,658 [INFO] [0.02s] Problems: ['cavity']
2026-05-02 22:20:28,658 [INFO] [0.02s] classNum: 1
2026-05-02 22:20:28,658 [INFO] [0.02s] Categories to use: ['bc']
2026-05-02 22:20:28,658 [INFO] [0.02s] Max cases per category: 2
2026-05-02 22:20:28,658 [INFO] [0.02s] Normalize: True
2026-05-02 22:20:28,659 [INFO] [0.02s] 
2026-05-02 22:20:28,659 [INFO] [0.02s] Processing problem: cavity
2026-05-02 22:20:28,660 [INFO] [0.02s]   Category: bc - Found 50 cases, using 2
2026-05-02 22:20:28,666 [INFO] [0.03s]     [LOAD] case0000: 10 time steps, 9 samples, shape=(64, 64)
2026-05-02 22:20:28,669 [INFO] [0.03s]     [LOAD] case0001: 11 time steps, 10 samples, shape=(64, 64)
2026-05-02 22:20:28,670 [INFO] [0.03s] 
2026-05-02 22:20:28,670 [INFO] [0.03s] ------------------------------------------------------------
2026-05-02 22:20:28,670 [INFO] [0.03s] DATA LOADING SUMMARY
2026-05-02 22:20:28,670 [INFO] [0.03s] ------------------------------------------------------------
2026-05-02 22:20:28,670 [INFO] [0.03s]   Total cases loaded: 2
2026-05-02 22:20:28,670 [INFO] [0.03s]   Total cases skipped: 0
2026-05-02 22:20:28,671 [INFO] [0.03s]   Total time-step pairs: 19
2026-05-02 22:20:28,671 [INFO] [0.03s] 
2026-05-02 22:20:28,671 [INFO] [0.03s] Computing normalization statistics...
2026-05-02 22:20:28,674 [INFO] [0.03s]   U Component:
2026-05-02 22:20:28,674 [INFO] [0.03s]     mean = 0.023579
2026-05-02 22:20:28,674 [INFO] [0.03s]     std  = 0.376494
2026-05-02 22:20:28,674 [INFO] [0.03s]     min  = -0.835910
2026-05-02 22:20:28,674 [INFO] [0.03s]     max  = 2.000000
2026-05-02 22:20:28,674 [INFO] [0.03s]   V Component:
2026-05-02 22:20:28,675 [INFO] [0.03s]     mean = -0.000162
2026-05-02 22:20:28,675 [INFO] [0.03s]     std  = 0.307426
2026-05-02 22:20:28,675 [INFO] [0.03s]     min  = -1.341040
2026-05-02 22:20:28,675 [INFO] [0.03s]     max  = 0.830370
2026-05-02 22:20:28,675 [INFO] [0.03s] 
2026-05-02 22:20:28,675 [INFO] [0.03s] Normalizing data...
2026-05-02 22:20:28,676 [INFO] [0.04s]   Normalization complete: 19 samples
2026-05-02 22:20:28,676 [INFO] [0.04s] 
2026-05-02 22:20:28,676 [INFO] [0.04s] ============================================================
2026-05-02 22:20:28,676 [INFO] [0.04s] DATA LOADING COMPLETE
2026-05-02 22:20:28,676 [INFO] [0.04s] ============================================================
2026-05-02 22:20:28,678 [INFO] [0.04s] === COMPLETED: Data Loading (took 0.02s) ===
2026-05-02 22:20:28,678 [INFO] [0.04s]     Details: 15 train, 4 test, 4 batches per epoch
2026-05-02 22:20:28,716 [INFO] [0.08s] Memory: CPU Memory: 157.69MB RSS
2026-05-02 22:20:28,716 [INFO] [0.08s] === STARTING: Model Creation ===
2026-05-02 22:20:28,747 [INFO] [0.11s] Model Architecture:
2026-05-02 22:20:28,747 [INFO] [0.11s]   FNO2d with modes=12, width=32
2026-05-02 22:20:28,747 [INFO] [0.11s]   Input channels: 4 (2 data + 2 coords auto-added)
2026-05-02 22:20:28,747 [INFO] [0.11s]   Output channels: 2 (u, v velocity)
2026-05-02 22:20:28,747 [INFO] [0.11s]   Total parameters: 1,188,770
2026-05-02 22:20:28,747 [INFO] [0.11s]   Trainable parameters: 1,188,770
2026-05-02 22:20:28,747 [INFO] [0.11s] 
  Layer-wise parameter count:
2026-05-02 22:20:28,748 [INFO] [0.11s]     fc0.weight: 128 params
2026-05-02 22:20:28,748 [INFO] [0.11s]     fc0.bias: 32 params
2026-05-02 22:20:28,748 [INFO] [0.11s]     conv0.weights1: 147,456 params
2026-05-02 22:20:28,748 [INFO] [0.11s]     conv0.weights2: 147,456 params
2026-05-02 22:20:28,749 [INFO] [0.11s]     conv1.weights1: 147,456 params
2026-05-02 22:20:28,749 [INFO] [0.11s]     conv1.weights2: 147,456 params
2026-05-02 22:20:28,749 [INFO] [0.11s]     conv2.weights1: 147,456 params
2026-05-02 22:20:28,749 [INFO] [0.11s]     conv2.weights2: 147,456 params
2026-05-02 22:20:28,749 [INFO] [0.11s]     conv3.weights1: 147,456 params
2026-05-02 22:20:28,750 [INFO] [0.11s]     conv3.weights2: 147,456 params
2026-05-02 22:20:28,750 [INFO] [0.11s]     w0.weight: 1,024 params
2026-05-02 22:20:28,750 [INFO] [0.11s]     w0.bias: 32 params
2026-05-02 22:20:28,750 [INFO] [0.11s]     w1.weight: 1,024 params
2026-05-02 22:20:28,751 [INFO] [0.11s]     w1.bias: 32 params
2026-05-02 22:20:28,751 [INFO] [0.11s]     w2.weight: 1,024 params
2026-05-02 22:20:28,751 [INFO] [0.11s]     w2.bias: 32 params
2026-05-02 22:20:28,751 [INFO] [0.11s]     w3.weight: 1,024 params
2026-05-02 22:20:28,751 [INFO] [0.11s]     w3.bias: 32 params
2026-05-02 22:20:28,751 [INFO] [0.11s]     bn0.weight: 32 params
2026-05-02 22:20:28,752 [INFO] [0.11s]     bn0.bias: 32 params
2026-05-02 22:20:28,752 [INFO] [0.11s]     bn1.weight: 32 params
2026-05-02 22:20:28,752 [INFO] [0.11s]     bn1.bias: 32 params
2026-05-02 22:20:28,752 [INFO] [0.11s]     bn2.weight: 32 params
2026-05-02 22:20:28,752 [INFO] [0.11s]     bn2.bias: 32 params
2026-05-02 22:20:28,753 [INFO] [0.11s]     bn3.weight: 32 params
2026-05-02 22:20:28,753 [INFO] [0.11s]     bn3.bias: 32 params
2026-05-02 22:20:28,753 [INFO] [0.11s]     fc1.weight: 4,096 params
2026-05-02 22:20:28,753 [INFO] [0.11s]     fc1.bias: 128 params
2026-05-02 22:20:28,753 [INFO] [0.11s]     fc2.weight: 256 params
2026-05-02 22:20:28,753 [INFO] [0.11s]     fc2.bias: 2 params
2026-05-02 22:20:28,753 [INFO] [0.11s] === COMPLETED: Model Creation (took 0.04s) ===
2026-05-02 22:20:28,753 [INFO] [0.11s]     Details: 1,188,770 parameters
2026-05-02 22:20:28,754 [INFO] [0.11s] Memory: CPU Memory: 169.20MB RSS
2026-05-02 22:20:28,754 [INFO] [0.11s] === STARTING: Optimizer Setup ===
2026-05-02 22:20:32,308 [INFO] [3.67s] Optimizer: Adam
2026-05-02 22:20:32,309 [INFO] [3.67s]   Learning rate: 0.001
2026-05-02 22:20:32,309 [INFO] [3.67s]   Weight decay: 0.0001
2026-05-02 22:20:32,309 [INFO] [3.67s] Scheduler: StepLR (step=15, gamma=0.5)
2026-05-02 22:20:32,309 [INFO] [3.67s] Loss function: MSELoss
2026-05-02 22:20:32,309 [INFO] [3.67s] === COMPLETED: Optimizer Setup (took 3.55s) ===
2026-05-02 22:20:32,309 [INFO] [3.67s] === STARTING: Training ===
2026-05-02 22:20:32,310 [INFO] [3.67s] ================================================================================
2026-05-02 22:20:32,310 [INFO] [3.67s] TRAINING PROCESS - DETAILED LOGGING
2026-05-02 22:20:32,310 [INFO] [3.67s] ================================================================================
2026-05-02 22:20:32,310 [INFO] [3.67s] 
2026-05-02 22:20:32,310 [INFO] [3.67s] Logging features enabled:
2026-05-02 22:20:32,310 [INFO] [3.67s]   - Gradient statistics: [YES]
2026-05-02 22:20:32,311 [INFO] [3.67s]   - Parameter statistics: [YES]
2026-05-02 22:20:32,311 [INFO] [3.67s]   - Tensor statistics: [YES]
2026-05-02 22:20:32,311 [INFO] [3.67s]   - Prediction samples: [YES]
2026-05-02 22:20:32,311 [INFO] [3.67s] 
2026-05-02 22:20:32,311 [INFO] [3.67s] 
================================================================================
2026-05-02 22:20:32,311 [INFO] [3.67s] [EPOCH 1/1] START
2026-05-02 22:20:32,311 [INFO] [3.67s] ================================================================================
2026-05-02 22:20:32,311 [INFO] [3.67s]   Current learning rate: 1.00e-03
2026-05-02 22:20:32,311 [INFO] [3.67s]   Number of batches: 4
2026-05-02 22:20:32,312 [INFO] [3.67s]   Memory: CPU Memory: 208.21MB RSS
2026-05-02 22:20:32,312 [INFO] [3.67s] 
2026-05-02 22:20:32,315 [INFO] [3.68s] ------------------------------------------------------------
2026-05-02 22:20:32,316 [DEBUG] [3.68s] [Batch 1/4] INPUT DATA STATS
2026-05-02 22:20:32,316 [INFO] [3.68s]   Case: cavity/bc/case0001 (t=5)
2026-05-02 22:20:32,316 [DEBUG] [3.68s]   Tensor Stats - Input (first sample):
2026-05-02 22:20:32,316 [INFO] [3.68s]     shape: (64, 64, 2)
2026-05-02 22:20:32,316 [INFO] [3.68s]     dtype: torch.float32
2026-05-02 22:20:32,317 [INFO] [3.68s]     mean: 0.009605
2026-05-02 22:20:32,317 [INFO] [3.68s]     std: 1.295748
2026-05-02 22:20:32,317 [INFO] [3.68s]     min: -4.352429
2026-05-02 22:20:32,317 [INFO] [3.68s]     max: 5.249540
2026-05-02 22:20:32,318 [INFO] [3.68s]     median: -0.021313
2026-05-02 22:20:32,318 [DEBUG] [3.68s]   Tensor Stats - Target (first sample):
2026-05-02 22:20:32,318 [INFO] [3.68s]     shape: (64, 64, 2)
2026-05-02 22:20:32,319 [INFO] [3.68s]     dtype: torch.float32
2026-05-02 22:20:32,319 [INFO] [3.68s]     mean: 0.009599
2026-05-02 22:20:32,319 [INFO] [3.68s]     std: 1.306274
2026-05-02 22:20:32,319 [INFO] [3.68s]     min: -4.350214
2026-05-02 22:20:32,319 [INFO] [3.68s]     max: 5.249540
2026-05-02 22:20:32,319 [INFO] [3.68s]     median: -0.020965
2026-05-02 22:20:32,647 [DEBUG] [4.01s] 
  [Batch 1/4] GRADIENT STATISTICS
2026-05-02 22:20:32,648 [INFO] [4.01s]   Gradient Stats:
2026-05-02 22:20:32,649 [INFO] [4.01s]     grad_norm_mean: 0.885363
2026-05-02 22:20:32,649 [INFO] [4.01s]     grad_norm_max: 3.905669
2026-05-02 22:20:32,649 [INFO] [4.01s]     grad_norm_min: 0.000000
2026-05-02 22:20:32,649 [INFO] [4.01s]     grad_mean_mean: 0.002443
2026-05-02 22:20:32,649 [INFO] [4.01s]     grad_max_max: 0.797554
2026-05-02 22:20:32,649 [INFO] [4.01s]     grad_min_min: -0.866100
2026-05-02 22:20:32,649 [INFO] [4.01s]     valid_gradients: 30
2026-05-02 22:20:32,650 [INFO] [4.01s]     invalid_gradients: 0
2026-05-02 22:20:32,709 [DEBUG] [4.07s] 
  [Batch 1/4] PARAMETER STATISTICS
2026-05-02 22:20:32,710 [INFO] [4.07s]   Param Stats:
2026-05-02 22:20:32,711 [INFO] [4.07s]     param_norm_mean: 1.869899
2026-05-02 22:20:32,711 [INFO] [4.07s]     param_norm_max: 6.599068
2026-05-02 22:20:32,711 [INFO] [4.07s]     param_means_mean: 0.133308
2026-05-02 22:20:32,711 [INFO] [4.07s] 
  [Batch 1/4] TRAINING PROGRESS
2026-05-02 22:20:32,712 [INFO] [4.07s]     Batch Loss:      1.55425429
2026-05-02 22:20:32,712 [INFO] [4.07s]     Running Avg:     1.55425429
2026-05-02 22:20:32,712 [INFO] [4.07s]     Case:            cavity/bc/case0001 (t=5)
2026-05-02 22:20:32,715 [INFO] [4.07s] ------------------------------------------------------------
2026-05-02 22:20:32,715 [DEBUG] [4.07s] [Batch 2/4] INPUT DATA STATS
2026-05-02 22:20:32,716 [INFO] [4.08s]   Case: cavity/bc/case0001 (t=2)
2026-05-02 22:20:32,716 [DEBUG] [4.08s]   Tensor Stats - Input (first sample):
2026-05-02 22:20:32,717 [INFO] [4.08s]     shape: (64, 64, 2)
2026-05-02 22:20:32,717 [INFO] [4.08s]     dtype: torch.float32
2026-05-02 22:20:32,717 [INFO] [4.08s]     mean: 0.009643
2026-05-02 22:20:32,718 [INFO] [4.08s]     std: 1.215756
2026-05-02 22:20:32,718 [INFO] [4.08s]     min: -4.361636
2026-05-02 22:20:32,718 [INFO] [4.08s]     max: 5.249540
2026-05-02 22:20:32,718 [INFO] [4.08s]     median: -0.022221
2026-05-02 22:20:32,719 [DEBUG] [4.08s]   Tensor Stats - Target (first sample):
2026-05-02 22:20:32,719 [INFO] [4.08s]     shape: (64, 64, 2)
2026-05-02 22:20:32,719 [INFO] [4.08s]     dtype: torch.float32
2026-05-02 22:20:32,719 [INFO] [4.08s]     mean: 0.009623
2026-05-02 22:20:32,719 [INFO] [4.08s]     std: 1.256045
2026-05-02 22:20:32,719 [INFO] [4.08s]     min: -4.359238
2026-05-02 22:20:32,720 [INFO] [4.08s]     max: 5.249540
2026-05-02 22:20:32,720 [INFO] [4.08s]     median: -0.021400
2026-05-02 22:20:33,002 [DEBUG] [4.36s] 
  [Batch 2/4] GRADIENT STATISTICS
2026-05-02 22:20:33,002 [INFO] [4.36s]   Gradient Stats:
2026-05-02 22:20:33,003 [INFO] [4.36s]     grad_norm_mean: 0.383933
2026-05-02 22:20:33,003 [INFO] [4.36s]     grad_norm_max: 1.830009
2026-05-02 22:20:33,003 [INFO] [4.36s]     grad_norm_min: 0.000000
2026-05-02 22:20:33,003 [INFO] [4.36s]     grad_mean_mean: -0.000379
2026-05-02 22:20:33,003 [INFO] [4.36s]     grad_max_max: 0.427931
2026-05-02 22:20:33,004 [INFO] [4.36s]     grad_min_min: -0.323416
2026-05-02 22:20:33,004 [INFO] [4.36s]     valid_gradients: 30
2026-05-02 22:20:33,004 [INFO] [4.36s]     invalid_gradients: 0
2026-05-02 22:20:33,072 [DEBUG] [4.43s] 
  [Batch 2/4] PARAMETER STATISTICS
2026-05-02 22:20:33,073 [INFO] [4.43s]   Param Stats:
2026-05-02 22:20:33,074 [INFO] [4.43s]     param_norm_mean: 1.946776
2026-05-02 22:20:33,074 [INFO] [4.43s]     param_norm_max: 6.599749
2026-05-02 22:20:33,075 [INFO] [4.44s]     param_means_mean: 0.133524
2026-05-02 22:20:33,075 [INFO] [4.44s] 
  [Batch 2/4] TRAINING PROGRESS
2026-05-02 22:20:33,076 [INFO] [4.44s]     Batch Loss:      0.90318555
2026-05-02 22:20:33,076 [INFO] [4.44s]     Running Avg:     1.22871992
2026-05-02 22:20:33,077 [INFO] [4.44s]     Case:            cavity/bc/case0001 (t=2)
2026-05-02 22:20:33,081 [INFO] [4.44s] ------------------------------------------------------------
2026-05-02 22:20:33,081 [DEBUG] [4.44s] [Batch 3/4] INPUT DATA STATS
2026-05-02 22:20:33,081 [INFO] [4.44s]   Case: cavity/bc/case0000 (t=0)
2026-05-02 22:20:33,083 [DEBUG] [4.44s]   Tensor Stats - Input (first sample):
2026-05-02 22:20:33,083 [INFO] [4.44s]     shape: (64, 64, 2)
2026-05-02 22:20:33,084 [INFO] [4.44s]     dtype: torch.float32
2026-05-02 22:20:33,085 [INFO] [4.44s]     mean: -0.010513
2026-05-02 22:20:33,085 [INFO] [4.44s]     std: 0.456671
2026-05-02 22:20:33,085 [INFO] [4.45s]     min: -2.064880
2026-05-02 22:20:33,086 [INFO] [4.45s]     max: 2.593456
2026-05-02 22:20:33,086 [INFO] [4.45s]     median: -0.049467
2026-05-02 22:20:33,090 [DEBUG] [4.45s]   Tensor Stats - Target (first sample):
2026-05-02 22:20:33,092 [INFO] [4.45s]     shape: (64, 64, 2)
2026-05-02 22:20:33,092 [INFO] [4.45s]     dtype: torch.float32
2026-05-02 22:20:33,093 [INFO] [4.45s]     mean: -0.010608
2026-05-02 22:20:33,095 [INFO] [4.46s]     std: 0.551163
2026-05-02 22:20:33,095 [INFO] [4.46s]     min: -2.123062
2026-05-02 22:20:33,095 [INFO] [4.46s]     max: 2.593456
2026-05-02 22:20:33,096 [INFO] [4.46s]     median: -0.037308
2026-05-02 22:20:33,374 [DEBUG] [4.73s] 
  [Batch 3/4] GRADIENT STATISTICS
2026-05-02 22:20:33,374 [INFO] [4.73s]   Gradient Stats:
2026-05-02 22:20:33,375 [INFO] [4.73s]     grad_norm_mean: 0.177365
2026-05-02 22:20:33,375 [INFO] [4.73s]     grad_norm_max: 1.144440
2026-05-02 22:20:33,375 [INFO] [4.73s]     grad_norm_min: 0.000000
2026-05-02 22:20:33,375 [INFO] [4.74s]     grad_mean_mean: -0.000204
2026-05-02 22:20:33,376 [INFO] [4.74s]     grad_max_max: 0.275744
2026-05-02 22:20:33,376 [INFO] [4.74s]     grad_min_min: -0.263749
2026-05-02 22:20:33,376 [INFO] [4.74s]     valid_gradients: 30
2026-05-02 22:20:33,376 [INFO] [4.74s]     invalid_gradients: 0
2026-05-02 22:20:33,440 [DEBUG] [4.80s] 
  [Batch 3/4] PARAMETER STATISTICS
2026-05-02 22:20:33,441 [INFO] [4.80s]   Param Stats:
2026-05-02 22:20:33,441 [INFO] [4.80s]     param_norm_mean: 2.012041
2026-05-02 22:20:33,441 [INFO] [4.80s]     param_norm_max: 6.601402
2026-05-02 22:20:33,442 [INFO] [4.80s]     param_means_mean: 0.133704
2026-05-02 22:20:33,442 [INFO] [4.80s] 
  [Batch 3/4] TRAINING PROGRESS
2026-05-02 22:20:33,442 [INFO] [4.80s]     Batch Loss:      0.28334960
2026-05-02 22:20:33,443 [INFO] [4.80s]     Running Avg:     0.91359648
2026-05-02 22:20:33,443 [INFO] [4.80s]     Case:            cavity/bc/case0000 (t=0)
2026-05-02 22:20:33,448 [INFO] [4.81s] ------------------------------------------------------------
2026-05-02 22:20:33,448 [DEBUG] [4.81s] [Batch 4/4] INPUT DATA STATS
2026-05-02 22:20:33,448 [INFO] [4.81s]   Case: cavity/bc/case0000 (t=2)
2026-05-02 22:20:33,450 [DEBUG] [4.81s]   Tensor Stats - Input (first sample):
2026-05-02 22:20:33,450 [INFO] [4.81s]     shape: (64, 64, 2)
2026-05-02 22:20:33,451 [INFO] [4.81s]     dtype: torch.float32
2026-05-02 22:20:33,451 [INFO] [4.81s]     mean: -0.010594
2026-05-02 22:20:33,452 [INFO] [4.81s]     std: 0.599218
2026-05-02 22:20:33,452 [INFO] [4.81s]     min: -2.125283
2026-05-02 22:20:33,452 [INFO] [4.81s]     max: 2.593456
2026-05-02 22:20:33,452 [INFO] [4.81s]     median: -0.036290
2026-05-02 22:20:33,454 [DEBUG] [4.81s]   Tensor Stats - Target (first sample):
2026-05-02 22:20:33,454 [INFO] [4.82s]     shape: (64, 64, 2)
2026-05-02 22:20:33,457 [INFO] [4.82s]     dtype: torch.float32
2026-05-02 22:20:33,457 [INFO] [4.82s]     mean: -0.010593
2026-05-02 22:20:33,458 [INFO] [4.82s]     std: 0.623108
2026-05-02 22:20:33,458 [INFO] [4.82s]     min: -2.130981
2026-05-02 22:20:33,458 [INFO] [4.82s]     max: 2.593456
2026-05-02 22:20:33,458 [INFO] [4.82s]     median: -0.036932
2026-05-02 22:20:33,735 [DEBUG] [5.10s] 
  [Batch 4/4] GRADIENT STATISTICS
2026-05-02 22:20:33,736 [INFO] [5.10s]   Gradient Stats:
2026-05-02 22:20:33,736 [INFO] [5.10s]     grad_norm_mean: 0.158584
2026-05-02 22:20:33,736 [INFO] [5.10s]     grad_norm_max: 1.226549
2026-05-02 22:20:33,737 [INFO] [5.10s]     grad_norm_min: 0.000000
2026-05-02 22:20:33,737 [INFO] [5.10s]     grad_mean_mean: -0.000547
2026-05-02 22:20:33,738 [INFO] [5.10s]     grad_max_max: 0.280194
2026-05-02 22:20:33,738 [INFO] [5.10s]     grad_min_min: -0.295455
2026-05-02 22:20:33,739 [INFO] [5.10s]     valid_gradients: 30
2026-05-02 22:20:33,739 [INFO] [5.10s]     invalid_gradients: 0
2026-05-02 22:20:33,792 [DEBUG] [5.15s] 
  [Batch 4/4] PARAMETER STATISTICS
2026-05-02 22:20:33,792 [INFO] [5.15s]   Param Stats:
2026-05-02 22:20:33,793 [INFO] [5.15s]     param_norm_mean: 2.067418
2026-05-02 22:20:33,793 [INFO] [5.15s]     param_norm_max: 6.603905
2026-05-02 22:20:33,793 [INFO] [5.15s]     param_means_mean: 0.133862
2026-05-02 22:20:33,794 [INFO] [5.15s] 
  [Batch 4/4] TRAINING PROGRESS
2026-05-02 22:20:33,794 [INFO] [5.15s]     Batch Loss:      0.27529082
2026-05-02 22:20:33,794 [INFO] [5.15s]     Running Avg:     0.78593535
2026-05-02 22:20:33,795 [INFO] [5.16s]     Case:            cavity/bc/case0000 (t=2)
2026-05-02 22:20:33,795 [INFO] [5.16s] 
------------------------------------------------------------
2026-05-02 22:20:33,795 [INFO] [5.16s] [EPOCH 1/1] TRAIN COMPLETE
2026-05-02 22:20:33,795 [INFO] [5.16s] ------------------------------------------------------------
2026-05-02 22:20:33,795 [INFO] [5.16s]   Average Train Loss: 0.78593535
2026-05-02 22:20:33,797 [INFO] [5.16s]   Epoch time: 1.48s
2026-05-02 22:20:33,798 [INFO] [5.16s] 
[EPOCH 1/1] EVALUATION ON TEST SET
2026-05-02 22:20:33,870 [INFO] [5.23s] 
  Test Loss: 1.05836272 *** BEST ***
2026-05-02 22:20:33,870 [INFO] [5.23s]   Test Metrics:
2026-05-02 22:20:33,870 [INFO] [5.23s]     MSE:  1.05836272
2026-05-02 22:20:33,870 [INFO] [5.23s]     RMSE: 1.028768
2026-05-02 22:20:33,870 [INFO] [5.23s]     MAE:  0.689426
2026-05-02 22:20:33,871 [INFO] [5.23s]     R2 (Overall): 0.006821
2026-05-02 22:20:33,871 [INFO] [5.23s]     R2 (U component): 0.010082
2026-05-02 22:20:33,871 [INFO] [5.23s]     R2 (V component): 0.003683
2026-05-02 22:20:33,871 [INFO] [5.23s] 
[EPOCH 1/1] END - Time: 1.48s
2026-05-02 22:20:33,872 [INFO] [5.23s] Memory: CPU Memory: 336.51MB RSS
2026-05-02 22:20:33,872 [INFO] [5.23s] === COMPLETED: Training (took 1.56s) ===
2026-05-02 22:20:33,872 [INFO] [5.23s]     Details: Total time: 1.56s (0.03 min)
2026-05-02 22:20:33,878 [INFO] [5.24s] === STARTING: Model Saving ===
2026-05-02 22:20:33,879 [INFO] [5.24s] Saving model to: fno2_full_model.pth
2026-05-02 22:20:33,935 [INFO] [5.29s] Model saved successfully: C:\traework\a\wilmer-deeplearn\portable_env\python-portable\workspace\fno2_full_model.pth
2026-05-02 22:20:33,959 [INFO] [5.32s] File size: 27.14 MB
2026-05-02 22:20:33,959 [INFO] [5.32s] === COMPLETED: Model Saving (took 0.08s) ===
2026-05-02 22:20:33,959 [INFO] [5.32s] 
================================================================================
2026-05-02 22:20:33,960 [INFO] [5.32s] TRAINING COMPLETE - FINAL SUMMARY
2026-05-02 22:20:33,960 [INFO] [5.32s] ================================================================================
2026-05-02 22:20:33,961 [INFO] [5.32s] Total training time: 1.56 seconds (0.03 minutes)
2026-05-02 22:20:33,961 [INFO] [5.32s] Average time per epoch: 1.56 seconds
2026-05-02 22:20:33,961 [INFO] [5.32s] 
2026-05-02 22:20:33,961 [INFO] [5.32s] Final Train Loss: 0.78593535
2026-05-02 22:20:33,961 [INFO] [5.32s] Final Test Loss:  1.05836272
2026-05-02 22:20:33,961 [INFO] [5.32s] Best Test Loss:   1.05836272 (Epoch 1)
2026-05-02 22:20:33,962 [INFO] [5.32s] 
2026-05-02 22:20:33,962 [INFO] [5.32s] Final Test Metrics:
2026-05-02 22:20:33,962 [INFO] [5.32s]   MSE:  1.05836272
2026-05-02 22:20:33,962 [INFO] [5.32s]   RMSE: 1.028768
2026-05-02 22:20:33,962 [INFO] [5.32s]   MAE:  0.689426
2026-05-02 22:20:33,962 [INFO] [5.32s]   R2:   0.006821
2026-05-02 22:20:33,962 [INFO] [5.32s] 
2026-05-02 22:20:33,962 [INFO] [5.32s] Gradient Statistics Summary:
2026-05-02 22:20:33,964 [INFO] [5.32s]   Average gradient norm: 0.401311
2026-05-02 22:20:33,964 [INFO] [5.32s]   Max gradient norm:     0.885363
2026-05-02 22:20:33,964 [INFO] [5.32s]   Min gradient norm:     0.158584
2026-05-02 22:20:33,965 [INFO] [5.33s] Model saved at: C:\traework\a\wilmer-deeplearn\portable_env\python-portable\workspace\fno2_full_model.pth
2026-05-02 22:20:33,965 [INFO] [5.33s] Log saved at: C:\traework\a\wilmer-deeplearn\portable_env\python-portable\workspace\training_full.log
2026-05-02 22:20:33,965 [INFO] [5.33s] End time: 2026-05-02 22:20:33
2026-05-02 22:20:33,965 [INFO] [5.33s] ================================================================================
2026-05-03 16:17:06,779 [INFO] [0.00s] 
================================================================================
2026-05-03 16:17:06,780 [INFO] [0.00s] FNO2 ENHANCED TRAINING CONFIGURATION (Python Standard Logging)
2026-05-03 16:17:06,780 [INFO] [0.00s] ================================================================================
2026-05-03 16:17:06,780 [INFO] [0.00s] classNum: 2
2026-05-03 16:17:06,780 [INFO] [0.00s]   -> Using: bc + geo categories
2026-05-03 16:17:06,780 [INFO] [0.00s] Max cases per category: 2
2026-05-03 16:17:06,780 [INFO] [0.00s] Epochs: 1
2026-05-03 16:17:06,780 [INFO] [0.00s] Batch size: 3
2026-05-03 16:17:06,780 [INFO] [0.00s] Learning rate: 0.001
2026-05-03 16:17:06,780 [INFO] [0.00s] Log level: DEBUG
2026-05-03 16:17:06,781 [INFO] [0.00s] Log to console: True
2026-05-03 16:17:06,781 [INFO] [0.00s] Log to file: True
2026-05-03 16:17:06,781 [INFO] [0.00s] ================================================================================
2026-05-03 16:17:06,781 [INFO] [0.00s] 
2026-05-03 16:17:06,784 [INFO] [0.00s] 
================================================================================
2026-05-03 16:17:06,784 [INFO] [0.00s] ENHANCED FNO2 TRAINING FOR NAVIER-STOKES (CFDBENCH)
2026-05-03 16:17:06,784 [INFO] [0.00s] ================================================================================
2026-05-03 16:17:06,784 [INFO] [0.00s] Start time: 2026-05-03 16:17:06
2026-05-03 16:17:06,784 [INFO] [0.00s] Device: cpu
2026-05-03 16:17:06,786 [INFO] [0.00s] Log file: training_full.log
2026-05-03 16:17:06,786 [INFO] [0.00s] Log level: DEBUG
2026-05-03 16:17:06,786 [INFO] [0.00s] Log to console: True
2026-05-03 16:17:06,786 [INFO] [0.00s] Log to file: True
2026-05-03 16:17:06,786 [INFO] [0.00s] 
2026-05-03 16:17:06,786 [INFO] [0.00s] TRAINING CONFIGURATION:
2026-05-03 16:17:06,787 [INFO] [0.01s]   data_root: C:\ftpService\;sf11
2026-05-03 16:17:06,787 [INFO] [0.01s]   problems: ['cavity']
2026-05-03 16:17:06,787 [INFO] [0.01s]   categories: None
2026-05-03 16:17:06,787 [INFO] [0.01s]   classNum: 2
2026-05-03 16:17:06,787 [INFO] [0.01s]   modes: 12
2026-05-03 16:17:06,787 [INFO] [0.01s]   width: 16
2026-05-03 16:17:06,787 [INFO] [0.01s]   epochs: 1
2026-05-03 16:17:06,788 [INFO] [0.01s]   batch_size: 3
2026-05-03 16:17:06,788 [INFO] [0.01s]   learning_rate: 0.001
2026-05-03 16:17:06,788 [INFO] [0.01s]   weight_decay: 0.0001
2026-05-03 16:17:06,788 [INFO] [0.01s]   train_ratio: 0.8
2026-05-03 16:17:06,788 [INFO] [0.01s]   normalize: True
2026-05-03 16:17:06,789 [INFO] [0.01s]   max_cases_per_category: 2
2026-05-03 16:17:06,789 [INFO] [0.01s]   in_channels: 4
2026-05-03 16:17:06,789 [INFO] [0.01s]   out_channels: 2
2026-05-03 16:17:06,789 [INFO] [0.01s]   show_gradient_stats: True
2026-05-03 16:17:06,789 [INFO] [0.01s]   show_param_stats: True
2026-05-03 16:17:06,789 [INFO] [0.01s]   show_tensor_stats: True
2026-05-03 16:17:06,789 [INFO] [0.01s]   show_prediction_samples: True
2026-05-03 16:17:06,789 [INFO] [0.01s] 
2026-05-03 16:17:06,789 [INFO] [0.01s] === STARTING: Data Loading ===
2026-05-03 16:17:06,790 [INFO] [0.01s] ============================================================
2026-05-03 16:17:06,790 [INFO] [0.01s] DATA LOADING PROCESS
2026-05-03 16:17:06,790 [INFO] [0.01s] ============================================================
2026-05-03 16:17:06,790 [INFO] [0.01s] Data root: C:\ftpService\;sf11
2026-05-03 16:17:06,790 [INFO] [0.01s] Problems: ['cavity']
2026-05-03 16:17:06,790 [INFO] [0.01s] classNum: 2
2026-05-03 16:17:06,790 [INFO] [0.01s] Categories to use: ['bc', 'geo']
2026-05-03 16:17:06,790 [INFO] [0.01s] Max cases per category: 2
2026-05-03 16:17:06,790 [INFO] [0.01s] Normalize: True
2026-05-03 16:17:06,790 [INFO] [0.01s] 
2026-05-03 16:17:06,792 [INFO] [0.01s] [SKIP] Problem directory not found: C:\ftpService\;sf11\cavity
2026-05-03 16:17:06,792 [INFO] [0.01s] 
2026-05-03 16:17:06,792 [INFO] [0.01s] ------------------------------------------------------------
2026-05-03 16:17:06,792 [INFO] [0.01s] DATA LOADING SUMMARY
2026-05-03 16:17:06,792 [INFO] [0.01s] ------------------------------------------------------------
2026-05-03 16:17:06,792 [INFO] [0.01s]   Total cases loaded: 0
2026-05-03 16:17:06,792 [INFO] [0.01s]   Total cases skipped: 0
2026-05-03 16:17:06,792 [INFO] [0.01s]   Total time-step pairs: 0
2026-05-03 16:17:06,792 [INFO] [0.01s] 
2026-05-03 16:17:06,792 [INFO] [0.01s] ============================================================
2026-05-03 16:17:06,792 [INFO] [0.01s] DATA LOADING COMPLETE
2026-05-03 16:17:06,792 [INFO] [0.01s] ============================================================
2026-05-03 16:24:06,278 [INFO] [0.00s] 
================================================================================
2026-05-03 16:24:06,279 [INFO] [0.00s] FNO2 ENHANCED TRAINING CONFIGURATION (Python Standard Logging)
2026-05-03 16:24:06,279 [INFO] [0.00s] ================================================================================
2026-05-03 16:24:06,279 [INFO] [0.00s] classNum: 2
2026-05-03 16:24:06,279 [INFO] [0.00s]   -> Using: bc + geo categories
2026-05-03 16:24:06,279 [INFO] [0.00s] Max cases per category: 2
2026-05-03 16:24:06,281 [INFO] [0.00s] Epochs: 1
2026-05-03 16:24:06,281 [INFO] [0.00s] Batch size: 3
2026-05-03 16:24:06,281 [INFO] [0.00s] Learning rate: 0.001
2026-05-03 16:24:06,281 [INFO] [0.00s] Log level: DEBUG
2026-05-03 16:24:06,281 [INFO] [0.00s] Log to console: True
2026-05-03 16:24:06,281 [INFO] [0.00s] Log to file: True
2026-05-03 16:24:06,281 [INFO] [0.00s] ================================================================================
2026-05-03 16:24:06,281 [INFO] [0.00s] 
2026-05-03 16:24:06,282 [INFO] [0.00s] 
================================================================================
2026-05-03 16:24:06,283 [INFO] [0.00s] ENHANCED FNO2 TRAINING FOR NAVIER-STOKES (CFDBENCH)
2026-05-03 16:24:06,283 [INFO] [0.00s] ================================================================================
2026-05-03 16:24:06,283 [INFO] [0.00s] Start time: 2026-05-03 16:24:06
2026-05-03 16:24:06,283 [INFO] [0.00s] Device: cpu
2026-05-03 16:24:06,283 [INFO] [0.00s] Log file: training_full.log
2026-05-03 16:24:06,283 [INFO] [0.00s] Log level: DEBUG
2026-05-03 16:24:06,283 [INFO] [0.00s] Log to console: True
2026-05-03 16:24:06,283 [INFO] [0.00s] Log to file: True
2026-05-03 16:24:06,283 [INFO] [0.00s] 
2026-05-03 16:24:06,283 [INFO] [0.00s] TRAINING CONFIGURATION:
2026-05-03 16:24:06,283 [INFO] [0.00s]   data_root: C:\ftpService\;sf11
2026-05-03 16:24:06,283 [INFO] [0.00s]   problems: ['cavity']
2026-05-03 16:24:06,283 [INFO] [0.00s]   categories: None
2026-05-03 16:24:06,284 [INFO] [0.00s]   classNum: 2
2026-05-03 16:24:06,284 [INFO] [0.00s]   modes: 12
2026-05-03 16:24:06,284 [INFO] [0.00s]   width: 16
2026-05-03 16:24:06,284 [INFO] [0.00s]   epochs: 1
2026-05-03 16:24:06,285 [INFO] [0.00s]   batch_size: 3
2026-05-03 16:24:06,285 [INFO] [0.00s]   learning_rate: 0.001
2026-05-03 16:24:06,285 [INFO] [0.00s]   weight_decay: 0.0001
2026-05-03 16:24:06,285 [INFO] [0.00s]   train_ratio: 0.8
2026-05-03 16:24:06,285 [INFO] [0.00s]   normalize: True
2026-05-03 16:24:06,285 [INFO] [0.00s]   max_cases_per_category: 2
2026-05-03 16:24:06,285 [INFO] [0.00s]   in_channels: 4
2026-05-03 16:24:06,285 [INFO] [0.00s]   out_channels: 2
2026-05-03 16:24:06,285 [INFO] [0.00s]   show_gradient_stats: True
2026-05-03 16:24:06,286 [INFO] [0.00s]   show_param_stats: True
2026-05-03 16:24:06,286 [INFO] [0.00s]   show_tensor_stats: True
2026-05-03 16:24:06,286 [INFO] [0.00s]   show_prediction_samples: True
2026-05-03 16:24:06,286 [INFO] [0.00s] 
2026-05-03 16:24:06,286 [INFO] [0.00s] === STARTING: Data Loading ===
2026-05-03 16:24:06,287 [INFO] [0.01s] ============================================================
2026-05-03 16:24:06,287 [INFO] [0.01s] DATA LOADING PROCESS
2026-05-03 16:24:06,287 [INFO] [0.01s] ============================================================
2026-05-03 16:24:06,287 [INFO] [0.01s] Data root: C:\ftpService\;sf11
2026-05-03 16:24:06,287 [INFO] [0.01s] Problems: ['cavity']
2026-05-03 16:24:06,288 [INFO] [0.01s] classNum: 2
2026-05-03 16:24:06,288 [INFO] [0.01s] Categories to use: ['bc', 'geo']
2026-05-03 16:24:06,288 [INFO] [0.01s] Max cases per category: 2
2026-05-03 16:24:06,288 [INFO] [0.01s] Normalize: True
2026-05-03 16:24:06,288 [INFO] [0.01s] 
2026-05-03 16:24:06,288 [INFO] [0.01s] [SKIP] Problem directory not found: C:\ftpService\;sf11\cavity
2026-05-03 16:24:06,288 [INFO] [0.01s] 
2026-05-03 16:24:06,288 [INFO] [0.01s] ------------------------------------------------------------
2026-05-03 16:24:06,289 [INFO] [0.01s] DATA LOADING SUMMARY
2026-05-03 16:24:06,289 [INFO] [0.01s] ------------------------------------------------------------
2026-05-03 16:24:06,289 [INFO] [0.01s]   Total cases loaded: 0
2026-05-03 16:24:06,289 [INFO] [0.01s]   Total cases skipped: 0
2026-05-03 16:24:06,289 [INFO] [0.01s]   Total time-step pairs: 0
2026-05-03 16:24:06,289 [INFO] [0.01s] 
2026-05-03 16:24:06,290 [INFO] [0.01s] ============================================================
2026-05-03 16:24:06,290 [INFO] [0.01s] DATA LOADING COMPLETE
2026-05-03 16:24:06,290 [INFO] [0.01s] ============================================================
2026-05-03 23:03:26,010 [INFO] [0.00s] 
================================================================================
2026-05-03 23:03:26,011 [INFO] [0.00s] FNO2 ENHANCED TRAINING CONFIGURATION (Python Standard Logging)
2026-05-03 23:03:26,011 [INFO] [0.00s] ================================================================================
2026-05-03 23:03:26,011 [INFO] [0.00s] classNum: 2
2026-05-03 23:03:26,011 [INFO] [0.00s]   -> Using: bc + geo categories
2026-05-03 23:03:26,011 [INFO] [0.00s] Max cases per category: 2
2026-05-03 23:03:26,011 [INFO] [0.00s] Epochs: 1
2026-05-03 23:03:26,011 [INFO] [0.00s] Batch size: 3
2026-05-03 23:03:26,011 [INFO] [0.00s] Learning rate: 0.001
2026-05-03 23:03:26,012 [INFO] [0.00s] Log level: DEBUG
2026-05-03 23:03:26,012 [INFO] [0.00s] Log to console: True
2026-05-03 23:03:26,012 [INFO] [0.00s] Log to file: True
2026-05-03 23:03:26,012 [INFO] [0.00s] ================================================================================
2026-05-03 23:03:26,012 [INFO] [0.00s] 
2026-05-03 23:03:26,014 [INFO] [0.00s] 
================================================================================
2026-05-03 23:03:26,014 [INFO] [0.00s] ENHANCED FNO2 TRAINING FOR NAVIER-STOKES (CFDBENCH)
2026-05-03 23:03:26,014 [INFO] [0.00s] ================================================================================
2026-05-03 23:03:26,014 [INFO] [0.00s] Start time: 2026-05-03 23:03:26
2026-05-03 23:03:26,014 [INFO] [0.00s] Device: cpu
2026-05-03 23:03:26,014 [INFO] [0.00s] Log file: training_full.log
2026-05-03 23:03:26,014 [INFO] [0.00s] Log level: DEBUG
2026-05-03 23:03:26,014 [INFO] [0.00s] Log to console: True
2026-05-03 23:03:26,015 [INFO] [0.00s] Log to file: True
2026-05-03 23:03:26,015 [INFO] [0.00s] 
2026-05-03 23:03:26,015 [INFO] [0.00s] TRAINING CONFIGURATION:
2026-05-03 23:03:26,015 [INFO] [0.00s]   data_root: C:\ftpService\sf11
2026-05-03 23:03:26,016 [INFO] [0.00s]   problems: ['cavity']
2026-05-03 23:03:26,016 [INFO] [0.00s]   categories: None
2026-05-03 23:03:26,016 [INFO] [0.00s]   classNum: 2
2026-05-03 23:03:26,017 [INFO] [0.00s]   modes: 12
2026-05-03 23:03:26,017 [INFO] [0.00s]   width: 16
2026-05-03 23:03:26,017 [INFO] [0.01s]   epochs: 1
2026-05-03 23:03:26,018 [INFO] [0.01s]   batch_size: 3
2026-05-03 23:03:26,019 [INFO] [0.01s]   learning_rate: 0.001
2026-05-03 23:03:26,019 [INFO] [0.01s]   weight_decay: 0.0001
2026-05-03 23:03:26,020 [INFO] [0.01s]   train_ratio: 0.8
2026-05-03 23:03:26,020 [INFO] [0.01s]   normalize: True
2026-05-03 23:03:26,021 [INFO] [0.01s]   max_cases_per_category: 2
2026-05-03 23:03:26,022 [INFO] [0.01s]   in_channels: 4
2026-05-03 23:03:26,022 [INFO] [0.01s]   out_channels: 2
2026-05-03 23:03:26,022 [INFO] [0.01s]   show_gradient_stats: True
2026-05-03 23:03:26,022 [INFO] [0.01s]   show_param_stats: True
2026-05-03 23:03:26,022 [INFO] [0.01s]   show_tensor_stats: True
2026-05-03 23:03:26,023 [INFO] [0.01s]   show_prediction_samples: True
2026-05-03 23:03:26,023 [INFO] [0.01s] 
2026-05-03 23:03:26,023 [INFO] [0.01s] === STARTING: Data Loading ===
2026-05-03 23:03:26,023 [INFO] [0.01s] ============================================================
2026-05-03 23:03:26,023 [INFO] [0.01s] DATA LOADING PROCESS
2026-05-03 23:03:26,023 [INFO] [0.01s] ============================================================
2026-05-03 23:03:26,023 [INFO] [0.01s] Data root: C:\ftpService\sf11
2026-05-03 23:03:26,023 [INFO] [0.01s] Problems: ['cavity']
2026-05-03 23:03:26,025 [INFO] [0.01s] classNum: 2
2026-05-03 23:03:26,025 [INFO] [0.01s] Categories to use: ['bc', 'geo']
2026-05-03 23:03:26,025 [INFO] [0.01s] Max cases per category: 2
2026-05-03 23:03:26,025 [INFO] [0.01s] Normalize: True
2026-05-03 23:03:26,025 [INFO] [0.01s] 
2026-05-03 23:03:26,026 [INFO] [0.01s] [SKIP] Problem directory not found: C:\ftpService\sf11\cavity
2026-05-03 23:03:26,026 [INFO] [0.01s] 
2026-05-03 23:03:26,026 [INFO] [0.01s] ------------------------------------------------------------
2026-05-03 23:03:26,027 [INFO] [0.01s] DATA LOADING SUMMARY
2026-05-03 23:03:26,027 [INFO] [0.02s] ------------------------------------------------------------
2026-05-03 23:03:26,028 [INFO] [0.02s]   Total cases loaded: 0
2026-05-03 23:03:26,028 [INFO] [0.02s]   Total cases skipped: 0
2026-05-03 23:03:26,029 [INFO] [0.02s]   Total time-step pairs: 0
2026-05-03 23:03:26,029 [INFO] [0.02s] 
2026-05-03 23:03:26,029 [INFO] [0.02s] ============================================================
2026-05-03 23:03:26,029 [INFO] [0.02s] DATA LOADING COMPLETE
2026-05-03 23:03:26,029 [INFO] [0.02s] ============================================================
2026-05-03 23:03:54,370 [INFO] [0.00s] 
================================================================================
2026-05-03 23:03:54,370 [INFO] [0.00s] FNO2 ENHANCED TRAINING CONFIGURATION (Python Standard Logging)
2026-05-03 23:03:54,370 [INFO] [0.00s] ================================================================================
2026-05-03 23:03:54,370 [INFO] [0.00s] classNum: 2
2026-05-03 23:03:54,370 [INFO] [0.00s]   -> Using: bc + geo categories
2026-05-03 23:03:54,370 [INFO] [0.00s] Max cases per category: 2
2026-05-03 23:03:54,370 [INFO] [0.00s] Epochs: 1
2026-05-03 23:03:54,370 [INFO] [0.00s] Batch size: 3
2026-05-03 23:03:54,370 [INFO] [0.00s] Learning rate: 0.001
2026-05-03 23:03:54,370 [INFO] [0.00s] Log level: DEBUG
2026-05-03 23:03:54,370 [INFO] [0.00s] Log to console: True
2026-05-03 23:03:54,371 [INFO] [0.00s] Log to file: True
2026-05-03 23:03:54,371 [INFO] [0.00s] ================================================================================
2026-05-03 23:03:54,371 [INFO] [0.00s] 
2026-05-03 23:03:54,372 [INFO] [0.00s] 
================================================================================
2026-05-03 23:03:54,372 [INFO] [0.00s] ENHANCED FNO2 TRAINING FOR NAVIER-STOKES (CFDBENCH)
2026-05-03 23:03:54,372 [INFO] [0.00s] ================================================================================
2026-05-03 23:03:54,372 [INFO] [0.00s] Start time: 2026-05-03 23:03:54
2026-05-03 23:03:54,374 [INFO] [0.00s] Device: cpu
2026-05-03 23:03:54,374 [INFO] [0.00s] Log file: training_full.log
2026-05-03 23:03:54,374 [INFO] [0.00s] Log level: DEBUG
2026-05-03 23:03:54,374 [INFO] [0.00s] Log to console: True
2026-05-03 23:03:54,374 [INFO] [0.00s] Log to file: True
2026-05-03 23:03:54,374 [INFO] [0.00s] 
2026-05-03 23:03:54,375 [INFO] [0.00s] TRAINING CONFIGURATION:
2026-05-03 23:03:54,375 [INFO] [0.00s]   data_root: C:\ftpService\sf11
2026-05-03 23:03:54,375 [INFO] [0.00s]   problems: ['cavity']
2026-05-03 23:03:54,375 [INFO] [0.00s]   categories: None
2026-05-03 23:03:54,375 [INFO] [0.00s]   classNum: 2
2026-05-03 23:03:54,375 [INFO] [0.00s]   modes: 12
2026-05-03 23:03:54,375 [INFO] [0.00s]   width: 16
2026-05-03 23:03:54,375 [INFO] [0.00s]   epochs: 1
2026-05-03 23:03:54,375 [INFO] [0.00s]   batch_size: 3
2026-05-03 23:03:54,375 [INFO] [0.00s]   learning_rate: 0.001
2026-05-03 23:03:54,376 [INFO] [0.00s]   weight_decay: 0.0001
2026-05-03 23:03:54,376 [INFO] [0.00s]   train_ratio: 0.8
2026-05-03 23:03:54,376 [INFO] [0.00s]   normalize: True
2026-05-03 23:03:54,376 [INFO] [0.00s]   max_cases_per_category: 2
2026-05-03 23:03:54,376 [INFO] [0.00s]   in_channels: 4
2026-05-03 23:03:54,376 [INFO] [0.00s]   out_channels: 2
2026-05-03 23:03:54,377 [INFO] [0.01s]   show_gradient_stats: True
2026-05-03 23:03:54,377 [INFO] [0.01s]   show_param_stats: True
2026-05-03 23:03:54,377 [INFO] [0.01s]   show_tensor_stats: True
2026-05-03 23:03:54,378 [INFO] [0.01s]   show_prediction_samples: True
2026-05-03 23:03:54,378 [INFO] [0.01s] 
2026-05-03 23:03:54,378 [INFO] [0.01s] === STARTING: Data Loading ===
2026-05-03 23:03:54,378 [INFO] [0.01s] ============================================================
2026-05-03 23:03:54,378 [INFO] [0.01s] DATA LOADING PROCESS
2026-05-03 23:03:54,378 [INFO] [0.01s] ============================================================
2026-05-03 23:03:54,378 [INFO] [0.01s] Data root: C:\ftpService\sf11
2026-05-03 23:03:54,380 [INFO] [0.01s] Problems: ['cavity']
2026-05-03 23:03:54,380 [INFO] [0.01s] classNum: 2
2026-05-03 23:03:54,380 [INFO] [0.01s] Categories to use: ['bc', 'geo']
2026-05-03 23:03:54,381 [INFO] [0.01s] Max cases per category: 2
2026-05-03 23:03:54,381 [INFO] [0.01s] Normalize: True
2026-05-03 23:03:54,381 [INFO] [0.01s] 
2026-05-03 23:03:54,382 [INFO] [0.01s] [SKIP] Problem directory not found: C:\ftpService\sf11\cavity
2026-05-03 23:03:54,382 [INFO] [0.01s] 
2026-05-03 23:03:54,382 [INFO] [0.01s] ------------------------------------------------------------
2026-05-03 23:03:54,382 [INFO] [0.01s] DATA LOADING SUMMARY
2026-05-03 23:03:54,382 [INFO] [0.01s] ------------------------------------------------------------
2026-05-03 23:03:54,383 [INFO] [0.01s]   Total cases loaded: 0
2026-05-03 23:03:54,383 [INFO] [0.01s]   Total cases skipped: 0
2026-05-03 23:03:54,384 [INFO] [0.01s]   Total time-step pairs: 0
2026-05-03 23:03:54,384 [INFO] [0.01s] 
2026-05-03 23:03:54,384 [INFO] [0.01s] ============================================================
2026-05-03 23:03:54,384 [INFO] [0.01s] DATA LOADING COMPLETE
2026-05-03 23:03:54,384 [INFO] [0.01s] ============================================================
2026-05-03 23:04:22,527 [INFO] [0.00s] 
================================================================================
2026-05-03 23:04:22,527 [INFO] [0.00s] FNO2 ENHANCED TRAINING CONFIGURATION (Python Standard Logging)
2026-05-03 23:04:22,527 [INFO] [0.00s] ================================================================================
2026-05-03 23:04:22,527 [INFO] [0.00s] classNum: 2
2026-05-03 23:04:22,527 [INFO] [0.00s]   -> Using: bc + geo categories
2026-05-03 23:04:22,527 [INFO] [0.00s] Max cases per category: 2
2026-05-03 23:04:22,527 [INFO] [0.00s] Epochs: 1
2026-05-03 23:04:22,527 [INFO] [0.00s] Batch size: 3
2026-05-03 23:04:22,527 [INFO] [0.00s] Learning rate: 0.001
2026-05-03 23:04:22,527 [INFO] [0.00s] Log level: DEBUG
2026-05-03 23:04:22,527 [INFO] [0.00s] Log to console: True
2026-05-03 23:04:22,529 [INFO] [0.00s] Log to file: True
2026-05-03 23:04:22,529 [INFO] [0.00s] ================================================================================
2026-05-03 23:04:22,529 [INFO] [0.00s] 
2026-05-03 23:04:22,530 [INFO] [0.00s] 
================================================================================
2026-05-03 23:04:22,530 [INFO] [0.00s] ENHANCED FNO2 TRAINING FOR NAVIER-STOKES (CFDBENCH)
2026-05-03 23:04:22,530 [INFO] [0.00s] ================================================================================
2026-05-03 23:04:22,531 [INFO] [0.00s] Start time: 2026-05-03 23:04:22
2026-05-03 23:04:22,531 [INFO] [0.00s] Device: cpu
2026-05-03 23:04:22,531 [INFO] [0.00s] Log file: training_full.log
2026-05-03 23:04:22,531 [INFO] [0.00s] Log level: DEBUG
2026-05-03 23:04:22,531 [INFO] [0.00s] Log to console: True
2026-05-03 23:04:22,533 [INFO] [0.00s] Log to file: True
2026-05-03 23:04:22,533 [INFO] [0.00s] 
2026-05-03 23:04:22,533 [INFO] [0.00s] TRAINING CONFIGURATION:
2026-05-03 23:04:22,533 [INFO] [0.00s]   data_root: C:\ftpService\sf11
2026-05-03 23:04:22,533 [INFO] [0.00s]   problems: ['cavity']
2026-05-03 23:04:22,533 [INFO] [0.01s]   categories: None
2026-05-03 23:04:22,534 [INFO] [0.01s]   classNum: 2
2026-05-03 23:04:22,534 [INFO] [0.01s]   modes: 12
2026-05-03 23:04:22,534 [INFO] [0.01s]   width: 16
2026-05-03 23:04:22,534 [INFO] [0.01s]   epochs: 1
2026-05-03 23:04:22,534 [INFO] [0.01s]   batch_size: 3
2026-05-03 23:04:22,535 [INFO] [0.01s]   learning_rate: 0.001
2026-05-03 23:04:22,535 [INFO] [0.01s]   weight_decay: 0.0001
2026-05-03 23:04:22,535 [INFO] [0.01s]   train_ratio: 0.8
2026-05-03 23:04:22,536 [INFO] [0.01s]   normalize: True
2026-05-03 23:04:22,536 [INFO] [0.01s]   max_cases_per_category: 2
2026-05-03 23:04:22,536 [INFO] [0.01s]   in_channels: 4
2026-05-03 23:04:22,536 [INFO] [0.01s]   out_channels: 2
2026-05-03 23:04:22,536 [INFO] [0.01s]   show_gradient_stats: True
2026-05-03 23:04:22,537 [INFO] [0.01s]   show_param_stats: True
2026-05-03 23:04:22,537 [INFO] [0.01s]   show_tensor_stats: True
2026-05-03 23:04:22,537 [INFO] [0.01s]   show_prediction_samples: True
2026-05-03 23:04:22,537 [INFO] [0.01s] 
2026-05-03 23:04:22,537 [INFO] [0.01s] === STARTING: Data Loading ===
2026-05-03 23:04:22,538 [INFO] [0.01s] ============================================================
2026-05-03 23:04:22,538 [INFO] [0.01s] DATA LOADING PROCESS
2026-05-03 23:04:22,538 [INFO] [0.01s] ============================================================
2026-05-03 23:04:22,538 [INFO] [0.01s] Data root: C:\ftpService\sf11
2026-05-03 23:04:22,538 [INFO] [0.01s] Problems: ['cavity']
2026-05-03 23:04:22,538 [INFO] [0.01s] classNum: 2
2026-05-03 23:04:22,539 [INFO] [0.01s] Categories to use: ['bc', 'geo']
2026-05-03 23:04:22,539 [INFO] [0.01s] Max cases per category: 2
2026-05-03 23:04:22,539 [INFO] [0.01s] Normalize: True
2026-05-03 23:04:22,539 [INFO] [0.01s] 
2026-05-03 23:04:22,540 [INFO] [0.01s] [SKIP] Problem directory not found: C:\ftpService\sf11\cavity
2026-05-03 23:04:22,540 [INFO] [0.01s] 
2026-05-03 23:04:22,540 [INFO] [0.01s] ------------------------------------------------------------
2026-05-03 23:04:22,540 [INFO] [0.01s] DATA LOADING SUMMARY
2026-05-03 23:04:22,540 [INFO] [0.01s] ------------------------------------------------------------
2026-05-03 23:04:22,540 [INFO] [0.01s]   Total cases loaded: 0
2026-05-03 23:04:22,541 [INFO] [0.01s]   Total cases skipped: 0
2026-05-03 23:04:22,541 [INFO] [0.01s]   Total time-step pairs: 0
2026-05-03 23:04:22,541 [INFO] [0.01s] 
2026-05-03 23:04:22,541 [INFO] [0.01s] ============================================================
2026-05-03 23:04:22,541 [INFO] [0.01s] DATA LOADING COMPLETE
2026-05-03 23:04:22,541 [INFO] [0.01s] ============================================================
2026-05-03 23:10:51,934 [INFO] [0.00s] 
================================================================================
2026-05-03 23:10:51,934 [INFO] [0.00s] FNO2 ENHANCED TRAINING CONFIGURATION (Python Standard Logging)
2026-05-03 23:10:51,934 [INFO] [0.00s] ================================================================================
2026-05-03 23:10:51,934 [INFO] [0.00s] classNum: 2
2026-05-03 23:10:51,934 [INFO] [0.00s]   -> Using: bc + geo categories
2026-05-03 23:10:51,934 [INFO] [0.00s] Max cases per category: 2
2026-05-03 23:10:51,934 [INFO] [0.00s] Epochs: 1
2026-05-03 23:10:51,934 [INFO] [0.00s] Batch size: 3
2026-05-03 23:10:51,934 [INFO] [0.00s] Learning rate: 0.001
2026-05-03 23:10:51,936 [INFO] [0.00s] Log level: DEBUG
2026-05-03 23:10:51,936 [INFO] [0.00s] Log to console: True
2026-05-03 23:10:51,936 [INFO] [0.00s] Log to file: True
2026-05-03 23:10:51,936 [INFO] [0.00s] ================================================================================
2026-05-03 23:10:51,936 [INFO] [0.00s] 
2026-05-03 23:10:51,938 [INFO] [0.00s] 
================================================================================
2026-05-03 23:10:51,938 [INFO] [0.00s] ENHANCED FNO2 TRAINING FOR NAVIER-STOKES (CFDBENCH)
2026-05-03 23:10:51,939 [INFO] [0.00s] ================================================================================
2026-05-03 23:10:51,940 [INFO] [0.00s] Start time: 2026-05-03 23:10:51
2026-05-03 23:10:51,940 [INFO] [0.00s] Device: cpu
2026-05-03 23:10:51,940 [INFO] [0.00s] Log file: training_full.log
2026-05-03 23:10:51,940 [INFO] [0.00s] Log level: DEBUG
2026-05-03 23:10:51,940 [INFO] [0.00s] Log to console: True
2026-05-03 23:10:51,940 [INFO] [0.00s] Log to file: True
2026-05-03 23:10:51,940 [INFO] [0.00s] 
2026-05-03 23:10:51,940 [INFO] [0.01s] TRAINING CONFIGURATION:
2026-05-03 23:10:51,941 [INFO] [0.01s]   data_root: C:\ftpService\sf11
2026-05-03 23:10:51,942 [INFO] [0.01s]   problems: ['cavity']
2026-05-03 23:10:51,942 [INFO] [0.01s]   categories: None
2026-05-03 23:10:51,942 [INFO] [0.01s]   classNum: 2
2026-05-03 23:10:51,942 [INFO] [0.01s]   modes: 12
2026-05-03 23:10:51,942 [INFO] [0.01s]   width: 16
2026-05-03 23:10:51,942 [INFO] [0.01s]   epochs: 1
2026-05-03 23:10:51,942 [INFO] [0.01s]   batch_size: 3
2026-05-03 23:10:51,943 [INFO] [0.01s]   learning_rate: 0.001
2026-05-03 23:10:51,943 [INFO] [0.01s]   weight_decay: 0.0001
2026-05-03 23:10:51,943 [INFO] [0.01s]   train_ratio: 0.8
2026-05-03 23:10:51,943 [INFO] [0.01s]   normalize: True
2026-05-03 23:10:51,943 [INFO] [0.01s]   max_cases_per_category: 2
2026-05-03 23:10:51,943 [INFO] [0.01s]   in_channels: 4
2026-05-03 23:10:51,944 [INFO] [0.01s]   out_channels: 2
2026-05-03 23:10:51,944 [INFO] [0.01s]   show_gradient_stats: True
2026-05-03 23:10:51,944 [INFO] [0.01s]   show_param_stats: True
2026-05-03 23:10:51,944 [INFO] [0.01s]   show_tensor_stats: True
2026-05-03 23:10:51,944 [INFO] [0.01s]   show_prediction_samples: True
2026-05-03 23:10:51,944 [INFO] [0.01s] 
2026-05-03 23:10:51,945 [INFO] [0.01s] === STARTING: Data Loading ===
2026-05-03 23:10:51,945 [INFO] [0.01s] ============================================================
2026-05-03 23:10:51,945 [INFO] [0.01s] DATA LOADING PROCESS
2026-05-03 23:10:51,945 [INFO] [0.01s] ============================================================
2026-05-03 23:10:51,945 [INFO] [0.01s] Data root: C:\ftpService\sf11
2026-05-03 23:10:51,946 [INFO] [0.01s] Problems: ['cavity']
2026-05-03 23:10:51,946 [INFO] [0.01s] classNum: 2
2026-05-03 23:10:51,947 [INFO] [0.01s] Categories to use: ['bc', 'geo']
2026-05-03 23:10:51,947 [INFO] [0.01s] Max cases per category: 2
2026-05-03 23:10:51,947 [INFO] [0.01s] Normalize: True
2026-05-03 23:10:51,947 [INFO] [0.01s] 
2026-05-03 23:10:51,947 [INFO] [0.01s] [SKIP] Problem directory not found: C:\ftpService\sf11\cavity
2026-05-03 23:10:51,947 [INFO] [0.01s] 
2026-05-03 23:10:51,948 [INFO] [0.01s] ------------------------------------------------------------
2026-05-03 23:10:51,949 [INFO] [0.01s] DATA LOADING SUMMARY
2026-05-03 23:10:51,950 [INFO] [0.01s] ------------------------------------------------------------
2026-05-03 23:10:51,950 [INFO] [0.01s]   Total cases loaded: 0
2026-05-03 23:10:51,950 [INFO] [0.01s]   Total cases skipped: 0
2026-05-03 23:10:51,951 [INFO] [0.01s]   Total time-step pairs: 0
2026-05-03 23:10:51,951 [INFO] [0.01s] 
2026-05-03 23:10:51,951 [INFO] [0.01s] ============================================================
2026-05-03 23:10:51,951 [INFO] [0.01s] DATA LOADING COMPLETE
2026-05-03 23:10:51,952 [INFO] [0.02s] ============================================================
2026-05-03 23:11:28,992 [INFO] [0.00s] 
================================================================================
2026-05-03 23:11:28,993 [INFO] [0.00s] FNO2 ENHANCED TRAINING CONFIGURATION (Python Standard Logging)
2026-05-03 23:11:28,993 [INFO] [0.00s] ================================================================================
2026-05-03 23:11:28,993 [INFO] [0.00s] classNum: 2
2026-05-03 23:11:28,993 [INFO] [0.00s]   -> Using: bc + geo categories
2026-05-03 23:11:28,993 [INFO] [0.00s] Max cases per category: 2
2026-05-03 23:11:28,993 [INFO] [0.00s] Epochs: 1
2026-05-03 23:11:28,993 [INFO] [0.00s] Batch size: 3
2026-05-03 23:11:28,993 [INFO] [0.00s] Learning rate: 0.001
2026-05-03 23:11:28,993 [INFO] [0.00s] Log level: DEBUG
2026-05-03 23:11:28,994 [INFO] [0.00s] Log to console: True
2026-05-03 23:11:28,994 [INFO] [0.00s] Log to file: True
2026-05-03 23:11:28,994 [INFO] [0.00s] ================================================================================
2026-05-03 23:11:28,994 [INFO] [0.00s] 
2026-05-03 23:11:28,995 [INFO] [0.00s] 
================================================================================
2026-05-03 23:11:28,995 [INFO] [0.00s] ENHANCED FNO2 TRAINING FOR NAVIER-STOKES (CFDBENCH)
2026-05-03 23:11:28,995 [INFO] [0.00s] ================================================================================
2026-05-03 23:11:28,995 [INFO] [0.00s] Start time: 2026-05-03 23:11:28
2026-05-03 23:11:28,996 [INFO] [0.00s] Device: cpu
2026-05-03 23:11:28,996 [INFO] [0.00s] Log file: training_full.log
2026-05-03 23:11:28,996 [INFO] [0.00s] Log level: DEBUG
2026-05-03 23:11:28,996 [INFO] [0.00s] Log to console: True
2026-05-03 23:11:28,996 [INFO] [0.00s] Log to file: True
2026-05-03 23:11:28,996 [INFO] [0.00s] 
2026-05-03 23:11:28,996 [INFO] [0.00s] TRAINING CONFIGURATION:
2026-05-03 23:11:28,997 [INFO] [0.00s]   data_root: C:\ftpService\CFDBench
2026-05-03 23:11:28,997 [INFO] [0.00s]   problems: ['cavity']
2026-05-03 23:11:28,997 [INFO] [0.00s]   categories: None
2026-05-03 23:11:28,997 [INFO] [0.00s]   classNum: 2
2026-05-03 23:11:28,997 [INFO] [0.00s]   modes: 12
2026-05-03 23:11:28,997 [INFO] [0.00s]   width: 16
2026-05-03 23:11:28,997 [INFO] [0.00s]   epochs: 1
2026-05-03 23:11:28,997 [INFO] [0.00s]   batch_size: 3
2026-05-03 23:11:28,997 [INFO] [0.00s]   learning_rate: 0.001
2026-05-03 23:11:28,997 [INFO] [0.00s]   weight_decay: 0.0001
2026-05-03 23:11:28,997 [INFO] [0.00s]   train_ratio: 0.8
2026-05-03 23:11:28,999 [INFO] [0.01s]   normalize: True
2026-05-03 23:11:28,999 [INFO] [0.01s]   max_cases_per_category: 2
2026-05-03 23:11:28,999 [INFO] [0.01s]   in_channels: 4
2026-05-03 23:11:28,999 [INFO] [0.01s]   out_channels: 2
2026-05-03 23:11:28,999 [INFO] [0.01s]   show_gradient_stats: True
2026-05-03 23:11:28,999 [INFO] [0.01s]   show_param_stats: True
2026-05-03 23:11:28,999 [INFO] [0.01s]   show_tensor_stats: True
2026-05-03 23:11:28,999 [INFO] [0.01s]   show_prediction_samples: True
2026-05-03 23:11:29,000 [INFO] [0.01s] 
2026-05-03 23:11:29,000 [INFO] [0.01s] === STARTING: Data Loading ===
2026-05-03 23:11:29,000 [INFO] [0.01s] ============================================================
2026-05-03 23:11:29,000 [INFO] [0.01s] DATA LOADING PROCESS
2026-05-03 23:11:29,000 [INFO] [0.01s] ============================================================
2026-05-03 23:11:29,000 [INFO] [0.01s] Data root: C:\ftpService\CFDBench
2026-05-03 23:11:29,000 [INFO] [0.01s] Problems: ['cavity']
2026-05-03 23:11:29,001 [INFO] [0.01s] classNum: 2
2026-05-03 23:11:29,001 [INFO] [0.01s] Categories to use: ['bc', 'geo']
2026-05-03 23:11:29,002 [INFO] [0.01s] Max cases per category: 2
2026-05-03 23:11:29,002 [INFO] [0.01s] Normalize: True
2026-05-03 23:11:29,002 [INFO] [0.01s] 
2026-05-03 23:11:29,003 [INFO] [0.01s] Processing problem: cavity
2026-05-03 23:11:29,004 [INFO] [0.01s]   Category: bc - Found 50 cases, using 2
2026-05-03 23:11:29,007 [INFO] [0.01s]     [LOAD] case0000: 10 time steps, 9 samples, shape=(64, 64)
2026-05-03 23:11:29,011 [INFO] [0.02s]     [LOAD] case0001: 11 time steps, 10 samples, shape=(64, 64)
2026-05-03 23:11:29,011 [INFO] [0.02s]   Category: geo - Found 24 cases, using 2
2026-05-03 23:11:29,016 [INFO] [0.02s]     [LOAD] case0001: 23 time steps, 22 samples, shape=(64, 64)
2026-05-03 23:11:29,019 [INFO] [0.03s]     [LOAD] case0002: 20 time steps, 19 samples, shape=(64, 64)
2026-05-03 23:11:29,019 [INFO] [0.03s] 
2026-05-03 23:11:29,019 [INFO] [0.03s] ------------------------------------------------------------
2026-05-03 23:11:29,019 [INFO] [0.03s] DATA LOADING SUMMARY
2026-05-03 23:11:29,020 [INFO] [0.03s] ------------------------------------------------------------
2026-05-03 23:11:29,020 [INFO] [0.03s]   Total cases loaded: 4
2026-05-03 23:11:29,020 [INFO] [0.03s]   Total cases skipped: 0
2026-05-03 23:11:29,020 [INFO] [0.03s]   Total time-step pairs: 60
2026-05-03 23:11:29,020 [INFO] [0.03s] 
2026-05-03 23:11:29,020 [INFO] [0.03s] Computing normalization statistics...
2026-05-03 23:11:29,024 [INFO] [0.03s]   U Component:
2026-05-03 23:11:29,024 [INFO] [0.03s]     mean = 0.119273
2026-05-03 23:11:29,024 [INFO] [0.03s]     std  = 1.529013
2026-05-03 23:11:29,024 [INFO] [0.03s]     min  = -4.595441
2026-05-03 23:11:29,024 [INFO] [0.03s]     max  = 10.000000
2026-05-03 23:11:29,024 [INFO] [0.03s]   V Component:
2026-05-03 23:11:29,025 [INFO] [0.03s]     mean = 0.000130
2026-05-03 23:11:29,025 [INFO] [0.03s]     std  = 1.041195
2026-05-03 23:11:29,025 [INFO] [0.03s]     min  = -6.291953
2026-05-03 23:11:29,025 [INFO] [0.03s]     max  = 4.532698
2026-05-03 23:11:29,025 [INFO] [0.03s] 
2026-05-03 23:11:29,025 [INFO] [0.03s] Normalizing data...
2026-05-03 23:11:29,028 [INFO] [0.03s]   Normalized 50/60 samples
2026-05-03 23:11:29,029 [INFO] [0.03s]   Normalization complete: 60 samples
2026-05-03 23:11:29,029 [INFO] [0.03s] 
2026-05-03 23:11:29,029 [INFO] [0.04s] ============================================================
2026-05-03 23:11:29,029 [INFO] [0.04s] DATA LOADING COMPLETE
2026-05-03 23:11:29,030 [INFO] [0.04s] ============================================================
2026-05-03 23:11:29,045 [INFO] [0.05s] === COMPLETED: Data Loading (took 0.05s) ===
2026-05-03 23:11:29,046 [INFO] [0.05s]     Details: 48 train, 12 test, 16 batches per epoch
2026-05-03 23:11:29,107 [INFO] [0.11s] Memory: CPU Memory: 158.92MB RSS
2026-05-03 23:11:29,107 [INFO] [0.11s] === STARTING: Model Creation ===
2026-05-03 23:11:29,156 [INFO] [0.16s] Model Architecture:
2026-05-03 23:11:29,156 [INFO] [0.16s]   FNO2d with modes=12, width=16
2026-05-03 23:11:29,156 [INFO] [0.16s]   Input channels: 4 (2 data + 2 coords auto-added)
2026-05-03 23:11:29,156 [INFO] [0.16s]   Output channels: 2 (u, v velocity)
2026-05-03 23:11:29,156 [INFO] [0.16s]   Total parameters: 298,642
2026-05-03 23:11:29,156 [INFO] [0.16s]   Trainable parameters: 298,642
2026-05-03 23:11:29,157 [INFO] [0.16s] 
  Layer-wise parameter count:
2026-05-03 23:11:29,157 [INFO] [0.16s]     fc0.weight: 64 params
2026-05-03 23:11:29,157 [INFO] [0.16s]     fc0.bias: 16 params
2026-05-03 23:11:29,157 [INFO] [0.16s]     conv0.weights1: 36,864 params
2026-05-03 23:11:29,157 [INFO] [0.16s]     conv0.weights2: 36,864 params
2026-05-03 23:11:29,157 [INFO] [0.16s]     conv1.weights1: 36,864 params
2026-05-03 23:11:29,157 [INFO] [0.16s]     conv1.weights2: 36,864 params
2026-05-03 23:11:29,157 [INFO] [0.16s]     conv2.weights1: 36,864 params
2026-05-03 23:11:29,158 [INFO] [0.16s]     conv2.weights2: 36,864 params
2026-05-03 23:11:29,158 [INFO] [0.16s]     conv3.weights1: 36,864 params
2026-05-03 23:11:29,158 [INFO] [0.16s]     conv3.weights2: 36,864 params
2026-05-03 23:11:29,158 [INFO] [0.16s]     w0.weight: 256 params
2026-05-03 23:11:29,158 [INFO] [0.16s]     w0.bias: 16 params
2026-05-03 23:11:29,158 [INFO] [0.16s]     w1.weight: 256 params
2026-05-03 23:11:29,158 [INFO] [0.16s]     w1.bias: 16 params
2026-05-03 23:11:29,158 [INFO] [0.16s]     w2.weight: 256 params
2026-05-03 23:11:29,159 [INFO] [0.17s]     w2.bias: 16 params
2026-05-03 23:11:29,159 [INFO] [0.17s]     w3.weight: 256 params
2026-05-03 23:11:29,159 [INFO] [0.17s]     w3.bias: 16 params
2026-05-03 23:11:29,160 [INFO] [0.17s]     bn0.weight: 16 params
2026-05-03 23:11:29,160 [INFO] [0.17s]     bn0.bias: 16 params
2026-05-03 23:11:29,160 [INFO] [0.17s]     bn1.weight: 16 params
2026-05-03 23:11:29,160 [INFO] [0.17s]     bn1.bias: 16 params
2026-05-03 23:11:29,160 [INFO] [0.17s]     bn2.weight: 16 params
2026-05-03 23:11:29,160 [INFO] [0.17s]     bn2.bias: 16 params
2026-05-03 23:11:29,160 [INFO] [0.17s]     bn3.weight: 16 params
2026-05-03 23:11:29,160 [INFO] [0.17s]     bn3.bias: 16 params
2026-05-03 23:11:29,161 [INFO] [0.17s]     fc1.weight: 2,048 params
2026-05-03 23:11:29,161 [INFO] [0.17s]     fc1.bias: 128 params
2026-05-03 23:11:29,161 [INFO] [0.17s]     fc2.weight: 256 params
2026-05-03 23:11:29,161 [INFO] [0.17s]     fc2.bias: 2 params
2026-05-03 23:11:29,161 [INFO] [0.17s] === COMPLETED: Model Creation (took 0.05s) ===
2026-05-03 23:11:29,161 [INFO] [0.17s]     Details: 298,642 parameters
2026-05-03 23:11:29,161 [INFO] [0.17s] Memory: CPU Memory: 162.82MB RSS
2026-05-03 23:11:29,161 [INFO] [0.17s] === STARTING: Optimizer Setup ===
2026-05-03 23:11:31,352 [INFO] [2.36s] Optimizer: Adam
2026-05-03 23:11:31,352 [INFO] [2.36s]   Learning rate: 0.001
2026-05-03 23:11:31,352 [INFO] [2.36s]   Weight decay: 0.0001
2026-05-03 23:11:31,352 [INFO] [2.36s] Scheduler: StepLR (step=15, gamma=0.5)
2026-05-03 23:11:31,352 [INFO] [2.36s] Loss function: MSELoss
2026-05-03 23:11:31,352 [INFO] [2.36s] === COMPLETED: Optimizer Setup (took 2.19s) ===
2026-05-03 23:11:31,352 [INFO] [2.36s] === STARTING: Training ===
2026-05-03 23:11:31,352 [INFO] [2.36s] ================================================================================
2026-05-03 23:11:31,352 [INFO] [2.36s] TRAINING PROCESS - DETAILED LOGGING
2026-05-03 23:11:31,353 [INFO] [2.36s] ================================================================================
2026-05-03 23:11:31,353 [INFO] [2.36s] 
2026-05-03 23:11:31,353 [INFO] [2.36s] Logging features enabled:
2026-05-03 23:11:31,353 [INFO] [2.36s]   - Gradient statistics: [YES]
2026-05-03 23:11:31,353 [INFO] [2.36s]   - Parameter statistics: [YES]
2026-05-03 23:11:31,353 [INFO] [2.36s]   - Tensor statistics: [YES]
2026-05-03 23:11:31,353 [INFO] [2.36s]   - Prediction samples: [YES]
2026-05-03 23:11:31,353 [INFO] [2.36s] 
2026-05-03 23:11:31,354 [INFO] [2.36s] 
================================================================================
2026-05-03 23:11:31,354 [INFO] [2.36s] [EPOCH 1/1] START
2026-05-03 23:11:31,354 [INFO] [2.36s] ================================================================================
2026-05-03 23:11:31,354 [INFO] [2.36s]   Current learning rate: 1.00e-03
2026-05-03 23:11:31,354 [INFO] [2.36s]   Number of batches: 16
2026-05-03 23:11:31,354 [INFO] [2.36s]   Memory: CPU Memory: 201.76MB RSS
2026-05-03 23:11:31,355 [INFO] [2.36s] 
2026-05-03 23:11:31,374 [INFO] [2.38s] ------------------------------------------------------------
2026-05-03 23:11:31,374 [DEBUG] [2.38s] [Batch 1/16] INPUT DATA STATS
2026-05-03 23:11:31,376 [INFO] [2.38s]   Case: cavity/geo/case0001 (t=4)
2026-05-03 23:11:31,393 [DEBUG] [2.40s]   Tensor Stats - Input (first sample):
2026-05-03 23:11:31,394 [INFO] [2.40s]     shape: (64, 64, 2)
2026-05-03 23:11:31,394 [INFO] [2.40s]     dtype: torch.float32
2026-05-03 23:11:31,394 [INFO] [2.40s]     mean: 0.015804
2026-05-03 23:11:31,394 [INFO] [2.40s]     std: 1.216504
2026-05-03 23:11:31,394 [INFO] [2.40s]     min: -5.829448
2026-05-03 23:11:31,394 [INFO] [2.40s]     max: 6.462160
2026-05-03 23:11:31,394 [INFO] [2.40s]     median: -0.019561
2026-05-03 23:11:31,404 [DEBUG] [2.41s]   Tensor Stats - Target (first sample):
2026-05-03 23:11:31,404 [INFO] [2.41s]     shape: (64, 64, 2)
2026-05-03 23:11:31,404 [INFO] [2.41s]     dtype: torch.float32
2026-05-03 23:11:31,404 [INFO] [2.41s]     mean: 0.015661
2026-05-03 23:11:31,404 [INFO] [2.41s]     std: 1.241313
2026-05-03 23:11:31,404 [INFO] [2.41s]     min: -5.871435
2026-05-03 23:11:31,404 [INFO] [2.41s]     max: 6.462160
2026-05-03 23:11:31,404 [INFO] [2.41s]     median: -0.020748
2026-05-03 23:11:31,736 [DEBUG] [2.74s] 
  [Batch 1/16] GRADIENT STATISTICS
2026-05-03 23:11:31,736 [INFO] [2.74s]   Gradient Stats:
2026-05-03 23:11:31,737 [INFO] [2.74s]     grad_norm_mean: 0.558689
2026-05-03 23:11:31,737 [INFO] [2.74s]     grad_norm_max: 2.943191
2026-05-03 23:11:31,737 [INFO] [2.74s]     grad_norm_min: 0.000000
2026-05-03 23:11:31,737 [INFO] [2.74s]     grad_mean_mean: -0.002787
2026-05-03 23:11:31,737 [INFO] [2.74s]     grad_max_max: 0.735576
2026-05-03 23:11:31,737 [INFO] [2.74s]     grad_min_min: -1.191037
2026-05-03 23:11:31,738 [INFO] [2.74s]     valid_gradients: 30
2026-05-03 23:11:31,738 [INFO] [2.74s]     invalid_gradients: 0
2026-05-03 23:11:31,763 [DEBUG] [2.77s] 
  [Batch 1/16] PARAMETER STATISTICS
2026-05-03 23:11:31,763 [INFO] [2.77s]   Param Stats:
2026-05-03 23:11:31,763 [INFO] [2.77s]     param_norm_mean: 1.499774
2026-05-03 23:11:31,763 [INFO] [2.77s]     param_norm_max: 6.462961
2026-05-03 23:11:31,763 [INFO] [2.77s]     param_means_mean: 0.133834
2026-05-03 23:11:31,763 [INFO] [2.77s] 
  [Batch 1/16] TRAINING PROGRESS
2026-05-03 23:11:31,763 [INFO] [2.77s]     Batch Loss:      1.44869995
2026-05-03 23:11:31,763 [INFO] [2.77s]     Running Avg:     1.44869995
2026-05-03 23:11:31,764 [INFO] [2.77s]     Case:            cavity/geo/case0001 (t=4)
2026-05-03 23:11:31,765 [INFO] [2.77s] ------------------------------------------------------------
2026-05-03 23:11:31,765 [DEBUG] [2.77s] [Batch 2/16] INPUT DATA STATS
2026-05-03 23:11:31,766 [INFO] [2.77s]   Case: cavity/geo/case0001 (t=15)
2026-05-03 23:11:31,767 [DEBUG] [2.77s]   Tensor Stats - Input (first sample):
2026-05-03 23:11:31,768 [INFO] [2.77s]     shape: (64, 64, 2)
2026-05-03 23:11:31,768 [INFO] [2.77s]     dtype: torch.float32
2026-05-03 23:11:31,768 [INFO] [2.77s]     mean: 0.015407
2026-05-03 23:11:31,768 [INFO] [2.77s]     std: 1.346806
2026-05-03 23:11:31,768 [INFO] [2.77s]     min: -6.016103
2026-05-03 23:11:31,769 [INFO] [2.77s]     max: 6.462160
2026-05-03 23:11:31,769 [INFO] [2.77s]     median: -0.018489
2026-05-03 23:11:31,770 [DEBUG] [2.78s]   Tensor Stats - Target (first sample):
2026-05-03 23:11:31,770 [INFO] [2.78s]     shape: (64, 64, 2)
2026-05-03 23:11:31,770 [INFO] [2.78s]     dtype: torch.float32
2026-05-03 23:11:31,770 [INFO] [2.78s]     mean: 0.015400
2026-05-03 23:11:31,770 [INFO] [2.78s]     std: 1.351407
2026-05-03 23:11:31,770 [INFO] [2.78s]     min: -6.021000
2026-05-03 23:11:31,770 [INFO] [2.78s]     max: 6.462160
2026-05-03 23:11:31,771 [INFO] [2.78s]     median: -0.017916
2026-05-03 23:11:31,902 [DEBUG] [2.91s] 
  [Batch 2/16] GRADIENT STATISTICS
2026-05-03 23:11:31,903 [INFO] [2.91s]   Gradient Stats:
2026-05-03 23:11:31,903 [INFO] [2.91s]     grad_norm_mean: 0.415679
2026-05-03 23:11:31,903 [INFO] [2.91s]     grad_norm_max: 2.565817
2026-05-03 23:11:31,903 [INFO] [2.91s]     grad_norm_min: 0.000000
2026-05-03 23:11:31,903 [INFO] [2.91s]     grad_mean_mean: -0.003590
2026-05-03 23:11:31,903 [INFO] [2.91s]     grad_max_max: 0.539276
2026-05-03 23:11:31,903 [INFO] [2.91s]     grad_min_min: -0.667764
2026-05-03 23:11:31,903 [INFO] [2.91s]     valid_gradients: 30
2026-05-03 23:11:31,903 [INFO] [2.91s]     invalid_gradients: 0
2026-05-03 23:11:31,919 [DEBUG] [2.93s] 
  [Batch 2/16] PARAMETER STATISTICS
2026-05-03 23:11:31,919 [INFO] [2.93s]   Param Stats:
2026-05-03 23:11:31,919 [INFO] [2.93s]     param_norm_mean: 1.523507
2026-05-03 23:11:31,919 [INFO] [2.93s]     param_norm_max: 6.463881
2026-05-03 23:11:31,919 [INFO] [2.93s]     param_means_mean: 0.133947
2026-05-03 23:11:31,919 [INFO] [2.93s] 
  [Batch 2/16] TRAINING PROGRESS
2026-05-03 23:11:31,919 [INFO] [2.93s]     Batch Loss:      1.34732151
2026-05-03 23:11:31,919 [INFO] [2.93s]     Running Avg:     1.39801073
2026-05-03 23:11:31,920 [INFO] [2.93s]     Case:            cavity/geo/case0001 (t=15)
2026-05-03 23:11:31,924 [INFO] [2.93s] ------------------------------------------------------------
2026-05-03 23:11:31,924 [DEBUG] [2.93s] [Batch 3/16] INPUT DATA STATS
2026-05-03 23:11:31,924 [INFO] [2.93s]   Case: cavity/geo/case0002 (t=0)
2026-05-03 23:11:31,925 [DEBUG] [2.93s]   Tensor Stats - Input (first sample):
2026-05-03 23:11:31,925 [INFO] [2.93s]     shape: (64, 64, 2)
2026-05-03 23:11:31,925 [INFO] [2.93s]     dtype: torch.float32
2026-05-03 23:11:31,925 [INFO] [2.93s]     mean: 0.016316
2026-05-03 23:11:31,925 [INFO] [2.93s]     std: 0.883274
2026-05-03 23:11:31,925 [INFO] [2.93s]     min: -5.300910
2026-05-03 23:11:31,926 [INFO] [2.93s]     max: 6.462160
2026-05-03 23:11:31,926 [INFO] [2.93s]     median: -0.034677
2026-05-03 23:11:31,926 [DEBUG] [2.93s]   Tensor Stats - Target (first sample):
2026-05-03 23:11:31,926 [INFO] [2.93s]     shape: (64, 64, 2)
2026-05-03 23:11:31,926 [INFO] [2.93s]     dtype: torch.float32
2026-05-03 23:11:31,926 [INFO] [2.93s]     mean: 0.016099
2026-05-03 23:11:31,928 [INFO] [2.93s]     std: 0.965100
2026-05-03 23:11:31,928 [INFO] [2.93s]     min: -5.617545
2026-05-03 23:11:31,928 [INFO] [2.93s]     max: 6.462160
2026-05-03 23:11:31,928 [INFO] [2.93s]     median: -0.035124
2026-05-03 23:11:32,057 [DEBUG] [3.06s] 
  [Batch 3/16] GRADIENT STATISTICS
2026-05-03 23:11:32,057 [INFO] [3.06s]   Gradient Stats:
2026-05-03 23:11:32,057 [INFO] [3.06s]     grad_norm_mean: 0.201450
2026-05-03 23:11:32,057 [INFO] [3.06s]     grad_norm_max: 1.528261
2026-05-03 23:11:32,057 [INFO] [3.07s]     grad_norm_min: 0.000000
2026-05-03 23:11:32,059 [INFO] [3.07s]     grad_mean_mean: -0.002957
2026-05-03 23:11:32,059 [INFO] [3.07s]     grad_max_max: 0.154246
2026-05-03 23:11:32,059 [INFO] [3.07s]     grad_min_min: -0.350049
2026-05-03 23:11:32,060 [INFO] [3.07s]     valid_gradients: 30
2026-05-03 23:11:32,060 [INFO] [3.07s]     invalid_gradients: 0
2026-05-03 23:11:32,084 [DEBUG] [3.09s] 
  [Batch 3/16] PARAMETER STATISTICS
2026-05-03 23:11:32,084 [INFO] [3.09s]   Param Stats:
2026-05-03 23:11:32,084 [INFO] [3.09s]     param_norm_mean: 1.550062
2026-05-03 23:11:32,084 [INFO] [3.09s]     param_norm_max: 6.465010
2026-05-03 23:11:32,084 [INFO] [3.09s]     param_means_mean: 0.134065
2026-05-03 23:11:32,084 [INFO] [3.09s] 
  [Batch 3/16] TRAINING PROGRESS
2026-05-03 23:11:32,085 [INFO] [3.09s]     Batch Loss:      0.58600998
2026-05-03 23:11:32,085 [INFO] [3.09s]     Running Avg:     1.12734381
2026-05-03 23:11:32,085 [INFO] [3.09s]     Case:            cavity/geo/case0002 (t=0)
2026-05-03 23:11:32,087 [INFO] [3.09s] ------------------------------------------------------------
2026-05-03 23:11:32,087 [DEBUG] [3.09s] [Batch 4/16] INPUT DATA STATS
2026-05-03 23:11:32,087 [INFO] [3.09s]   Case: cavity/geo/case0002 (t=11)
2026-05-03 23:11:32,087 [DEBUG] [3.09s]   Tensor Stats - Input (first sample):
2026-05-03 23:11:32,089 [INFO] [3.10s]     shape: (64, 64, 2)
2026-05-03 23:11:32,089 [INFO] [3.10s]     dtype: torch.float32
2026-05-03 23:11:32,089 [INFO] [3.10s]     mean: 0.014893
2026-05-03 23:11:32,089 [INFO] [3.10s]     std: 1.138756
2026-05-03 23:11:32,089 [INFO] [3.10s]     min: -6.015213
2026-05-03 23:11:32,089 [INFO] [3.10s]     max: 6.462160
2026-05-03 23:11:32,089 [INFO] [3.10s]     median: -0.037641
2026-05-03 23:11:32,090 [DEBUG] [3.10s]   Tensor Stats - Target (first sample):
2026-05-03 23:11:32,090 [INFO] [3.10s]     shape: (64, 64, 2)
2026-05-03 23:11:32,090 [INFO] [3.10s]     dtype: torch.float32
2026-05-03 23:11:32,090 [INFO] [3.10s]     mean: 0.014887
2026-05-03 23:11:32,091 [INFO] [3.10s]     std: 1.144966
2026-05-03 23:11:32,092 [INFO] [3.10s]     min: -6.022285
2026-05-03 23:11:32,092 [INFO] [3.10s]     max: 6.462160
2026-05-03 23:11:32,093 [INFO] [3.10s]     median: -0.037968
2026-05-03 23:11:32,208 [DEBUG] [3.22s] 
  [Batch 4/16] GRADIENT STATISTICS
2026-05-03 23:11:32,209 [INFO] [3.22s]   Gradient Stats:
2026-05-03 23:11:32,209 [INFO] [3.22s]     grad_norm_mean: 0.234053
2026-05-03 23:11:32,210 [INFO] [3.22s]     grad_norm_max: 1.774761
2026-05-03 23:11:32,210 [INFO] [3.22s]     grad_norm_min: 0.000000
2026-05-03 23:11:32,210 [INFO] [3.22s]     grad_mean_mean: -0.003787
2026-05-03 23:11:32,210 [INFO] [3.22s]     grad_max_max: 0.249025
2026-05-03 23:11:32,210 [INFO] [3.22s]     grad_min_min: -0.450612
2026-05-03 23:11:32,210 [INFO] [3.22s]     valid_gradients: 30
2026-05-03 23:11:32,211 [INFO] [3.22s]     invalid_gradients: 0
2026-05-03 23:11:32,227 [DEBUG] [3.23s] 
  [Batch 4/16] PARAMETER STATISTICS
2026-05-03 23:11:32,227 [INFO] [3.23s]   Param Stats:
2026-05-03 23:11:32,227 [INFO] [3.23s]     param_norm_mean: 1.575328
2026-05-03 23:11:32,227 [INFO] [3.23s]     param_norm_max: 6.466595
2026-05-03 23:11:32,227 [INFO] [3.23s]     param_means_mean: 0.134192
2026-05-03 23:11:32,227 [INFO] [3.23s] 
  [Batch 4/16] TRAINING PROGRESS
2026-05-03 23:11:32,227 [INFO] [3.23s]     Batch Loss:      0.74893552
2026-05-03 23:11:32,227 [INFO] [3.23s]     Running Avg:     1.03274174
2026-05-03 23:11:32,227 [INFO] [3.23s]     Case:            cavity/geo/case0002 (t=11)
2026-05-03 23:11:32,230 [INFO] [3.24s] ------------------------------------------------------------
2026-05-03 23:11:32,230 [DEBUG] [3.24s] [Batch 5/16] INPUT DATA STATS
2026-05-03 23:11:32,230 [INFO] [3.24s]   Case: cavity/geo/case0002 (t=18)
2026-05-03 23:11:32,231 [DEBUG] [3.24s]   Tensor Stats - Input (first sample):
2026-05-03 23:11:32,232 [INFO] [3.24s]     shape: (64, 64, 2)
2026-05-03 23:11:32,232 [INFO] [3.24s]     dtype: torch.float32
2026-05-03 23:11:32,232 [INFO] [3.24s]     mean: 0.014877
2026-05-03 23:11:32,232 [INFO] [3.24s]     std: 1.165153
2026-05-03 23:11:32,232 [INFO] [3.24s]     min: -6.041656
2026-05-03 23:11:32,232 [INFO] [3.24s]     max: 6.462160
2026-05-03 23:11:32,232 [INFO] [3.24s]     median: -0.038349
2026-05-03 23:11:32,233 [DEBUG] [3.24s]   Tensor Stats - Target (first sample):
2026-05-03 23:11:32,233 [INFO] [3.24s]     shape: (64, 64, 2)
2026-05-03 23:11:32,233 [INFO] [3.24s]     dtype: torch.float32
2026-05-03 23:11:32,233 [INFO] [3.24s]     mean: 0.014876
2026-05-03 23:11:32,233 [INFO] [3.24s]     std: 1.166822
2026-05-03 23:11:32,234 [INFO] [3.24s]     min: -6.043136
2026-05-03 23:11:32,234 [INFO] [3.24s]     max: 6.462160
2026-05-03 23:11:32,234 [INFO] [3.24s]     median: -0.038069
2026-05-03 23:11:32,367 [DEBUG] [3.37s] 
  [Batch 5/16] GRADIENT STATISTICS
2026-05-03 23:11:32,367 [INFO] [3.37s]   Gradient Stats:
2026-05-03 23:11:32,367 [INFO] [3.37s]     grad_norm_mean: 0.146376
2026-05-03 23:11:32,367 [INFO] [3.37s]     grad_norm_max: 1.335758
2026-05-03 23:11:32,368 [INFO] [3.37s]     grad_norm_min: 0.000000
2026-05-03 23:11:32,368 [INFO] [3.37s]     grad_mean_mean: -0.002685
2026-05-03 23:11:32,368 [INFO] [3.37s]     grad_max_max: 0.141799
2026-05-03 23:11:32,368 [INFO] [3.37s]     grad_min_min: -0.313034
2026-05-03 23:11:32,368 [INFO] [3.37s]     valid_gradients: 30
2026-05-03 23:11:32,368 [INFO] [3.37s]     invalid_gradients: 0
2026-05-03 23:11:32,390 [DEBUG] [3.40s] 
  [Batch 5/16] PARAMETER STATISTICS
2026-05-03 23:11:32,390 [INFO] [3.40s]   Param Stats:
2026-05-03 23:11:32,390 [INFO] [3.40s]     param_norm_mean: 1.599576
2026-05-03 23:11:32,390 [INFO] [3.40s]     param_norm_max: 6.468336
2026-05-03 23:11:32,390 [INFO] [3.40s]     param_means_mean: 0.134313
2026-05-03 23:11:32,390 [INFO] [3.40s] 
  [Batch 5/16] TRAINING PROGRESS
2026-05-03 23:11:32,390 [INFO] [3.40s]     Batch Loss:      0.43665755
2026-05-03 23:11:32,390 [INFO] [3.40s]     Running Avg:     0.91352490
2026-05-03 23:11:32,392 [INFO] [3.40s]     Case:            cavity/geo/case0002 (t=18)
2026-05-03 23:11:32,392 [DEBUG] [3.40s] 
  [Batch 5/16] PREDICTION SAMPLE
2026-05-03 23:11:32,392 [INFO] [3.40s]     Sample: cavity/geo/case0002 (t=18)
2026-05-03 23:11:32,393 [INFO] [3.40s]     Predicted U stats:  mean=0.049301, std=0.463035
2026-05-03 23:11:32,393 [INFO] [3.40s]     Target U stats:     mean=0.029569, std=1.186222
2026-05-03 23:11:32,394 [INFO] [3.40s]     Predicted V stats:  mean=-0.123611, std=0.634529
2026-05-03 23:11:32,394 [INFO] [3.40s]     Target V stats:     mean=0.000183, std=1.146761
2026-05-03 23:11:32,394 [INFO] [3.40s]     Sample MSE (U): 0.71686769
2026-05-03 23:11:32,394 [INFO] [3.40s]     Sample MSE (V): 0.58137059
2026-05-03 23:11:32,399 [INFO] [3.41s] ------------------------------------------------------------
2026-05-03 23:11:32,399 [DEBUG] [3.41s] [Batch 6/16] INPUT DATA STATS
2026-05-03 23:11:32,400 [INFO] [3.41s]   Case: cavity/geo/case0002 (t=4)
2026-05-03 23:11:32,400 [DEBUG] [3.41s]   Tensor Stats - Input (first sample):
2026-05-03 23:11:32,402 [INFO] [3.41s]     shape: (64, 64, 2)
2026-05-03 23:11:32,402 [INFO] [3.41s]     dtype: torch.float32
2026-05-03 23:11:32,402 [INFO] [3.41s]     mean: 0.015335
2026-05-03 23:11:32,402 [INFO] [3.41s]     std: 1.047066
2026-05-03 23:11:32,402 [INFO] [3.41s]     min: -5.849434
2026-05-03 23:11:32,403 [INFO] [3.41s]     max: 6.462160
2026-05-03 23:11:32,403 [INFO] [3.41s]     median: -0.039449
2026-05-03 23:11:32,404 [DEBUG] [3.41s]   Tensor Stats - Target (first sample):
2026-05-03 23:11:32,405 [INFO] [3.41s]     shape: (64, 64, 2)
2026-05-03 23:11:32,405 [INFO] [3.41s]     dtype: torch.float32
2026-05-03 23:11:32,405 [INFO] [3.41s]     mean: 0.015144
2026-05-03 23:11:32,405 [INFO] [3.41s]     std: 1.066950
2026-05-03 23:11:32,405 [INFO] [3.41s]     min: -5.895595
2026-05-03 23:11:32,406 [INFO] [3.41s]     max: 6.462160
2026-05-03 23:11:32,406 [INFO] [3.41s]     median: -0.038999
2026-05-03 23:11:32,551 [DEBUG] [3.56s] 
  [Batch 6/16] GRADIENT STATISTICS
2026-05-03 23:11:32,551 [INFO] [3.56s]   Gradient Stats:
2026-05-03 23:11:32,552 [INFO] [3.56s]     grad_norm_mean: 0.118435
2026-05-03 23:11:32,552 [INFO] [3.56s]     grad_norm_max: 0.980035
2026-05-03 23:11:32,552 [INFO] [3.56s]     grad_norm_min: 0.000000
2026-05-03 23:11:32,552 [INFO] [3.56s]     grad_mean_mean: -0.001259
2026-05-03 23:11:32,552 [INFO] [3.56s]     grad_max_max: 0.074481
2026-05-03 23:11:32,552 [INFO] [3.56s]     grad_min_min: -0.245201
2026-05-03 23:11:32,552 [INFO] [3.56s]     valid_gradients: 30
2026-05-03 23:11:32,552 [INFO] [3.56s]     invalid_gradients: 0
2026-05-03 23:11:32,573 [DEBUG] [3.58s] 
  [Batch 6/16] PARAMETER STATISTICS
2026-05-03 23:11:32,573 [INFO] [3.58s]   Param Stats:
2026-05-03 23:11:32,573 [INFO] [3.58s]     param_norm_mean: 1.621970
2026-05-03 23:11:32,574 [INFO] [3.58s]     param_norm_max: 6.469881
2026-05-03 23:11:32,574 [INFO] [3.58s]     param_means_mean: 0.134419
2026-05-03 23:11:32,574 [INFO] [3.58s] 
  [Batch 6/16] TRAINING PROGRESS
2026-05-03 23:11:32,575 [INFO] [3.58s]     Batch Loss:      0.17368509
2026-05-03 23:11:32,575 [INFO] [3.58s]     Running Avg:     0.79021827
2026-05-03 23:11:32,575 [INFO] [3.58s]     Case:            cavity/geo/case0002 (t=4)
2026-05-03 23:11:32,577 [INFO] [3.58s] ------------------------------------------------------------
2026-05-03 23:11:32,577 [DEBUG] [3.58s] [Batch 7/16] INPUT DATA STATS
2026-05-03 23:11:32,577 [INFO] [3.58s]   Case: cavity/bc/case0001 (t=1)
2026-05-03 23:11:32,579 [DEBUG] [3.58s]   Tensor Stats - Input (first sample):
2026-05-03 23:11:32,579 [INFO] [3.59s]     shape: (64, 64, 2)
2026-05-03 23:11:32,579 [INFO] [3.59s]     dtype: torch.float32
2026-05-03 23:11:32,579 [INFO] [3.59s]     mean: -0.029047
2026-05-03 23:11:32,579 [INFO] [3.59s]     std: 0.309268
2026-05-03 23:11:32,579 [INFO] [3.59s]     min: -1.287171
2026-05-03 23:11:32,579 [INFO] [3.59s]     max: 1.230027
2026-05-03 23:11:32,579 [INFO] [3.59s]     median: -0.043611
2026-05-03 23:11:32,581 [DEBUG] [3.59s]   Tensor Stats - Target (first sample):
2026-05-03 23:11:32,582 [INFO] [3.59s]     shape: (64, 64, 2)
2026-05-03 23:11:32,582 [INFO] [3.59s]     dtype: torch.float32
2026-05-03 23:11:32,582 [INFO] [3.59s]     mean: -0.029065
2026-05-03 23:11:32,582 [INFO] [3.59s]     std: 0.331639
2026-05-03 23:11:32,582 [INFO] [3.59s]     min: -1.288107
2026-05-03 23:11:32,582 [INFO] [3.59s]     max: 1.230027
2026-05-03 23:11:32,582 [INFO] [3.59s]     median: -0.043882
2026-05-03 23:11:32,748 [DEBUG] [3.75s] 
  [Batch 7/16] GRADIENT STATISTICS
2026-05-03 23:11:32,748 [INFO] [3.75s]   Gradient Stats:
2026-05-03 23:11:32,748 [INFO] [3.75s]     grad_norm_mean: 0.159822
2026-05-03 23:11:32,749 [INFO] [3.76s]     grad_norm_max: 1.387791
2026-05-03 23:11:32,749 [INFO] [3.76s]     grad_norm_min: 0.000000
2026-05-03 23:11:32,749 [INFO] [3.76s]     grad_mean_mean: -0.002298
2026-05-03 23:11:32,749 [INFO] [3.76s]     grad_max_max: 0.212464
2026-05-03 23:11:32,749 [INFO] [3.76s]     grad_min_min: -0.275737
2026-05-03 23:11:32,749 [INFO] [3.76s]     valid_gradients: 30
2026-05-03 23:11:32,749 [INFO] [3.76s]     invalid_gradients: 0
2026-05-03 23:11:32,775 [DEBUG] [3.78s] 
  [Batch 7/16] PARAMETER STATISTICS
2026-05-03 23:11:32,775 [INFO] [3.78s]   Param Stats:
2026-05-03 23:11:32,775 [INFO] [3.78s]     param_norm_mean: 1.641264
2026-05-03 23:11:32,775 [INFO] [3.78s]     param_norm_max: 6.471895
2026-05-03 23:11:32,775 [INFO] [3.78s]     param_means_mean: 0.134507
2026-05-03 23:11:32,775 [INFO] [3.78s] 
  [Batch 7/16] TRAINING PROGRESS
2026-05-03 23:11:32,776 [INFO] [3.78s]     Batch Loss:      0.51640844
2026-05-03 23:11:32,776 [INFO] [3.78s]     Running Avg:     0.75110258
2026-05-03 23:11:32,776 [INFO] [3.78s]     Case:            cavity/bc/case0001 (t=1)
2026-05-03 23:11:32,782 [INFO] [3.79s] ------------------------------------------------------------
2026-05-03 23:11:32,783 [DEBUG] [3.79s] [Batch 8/16] INPUT DATA STATS
2026-05-03 23:11:32,783 [INFO] [3.79s]   Case: cavity/geo/case0001 (t=10)
2026-05-03 23:11:32,787 [DEBUG] [3.79s]   Tensor Stats - Input (first sample):
2026-05-03 23:11:32,787 [INFO] [3.79s]     shape: (64, 64, 2)
2026-05-03 23:11:32,787 [INFO] [3.79s]     dtype: torch.float32
2026-05-03 23:11:32,788 [INFO] [3.79s]     mean: 0.015405
2026-05-03 23:11:32,788 [INFO] [3.79s]     std: 1.316656
2026-05-03 23:11:32,788 [INFO] [3.79s]     min: -5.975142
2026-05-03 23:11:32,789 [INFO] [3.79s]     max: 6.462160
2026-05-03 23:11:32,789 [INFO] [3.79s]     median: -0.021359
2026-05-03 23:11:32,790 [DEBUG] [3.80s]   Tensor Stats - Target (first sample):
2026-05-03 23:11:32,790 [INFO] [3.80s]     shape: (64, 64, 2)
2026-05-03 23:11:32,790 [INFO] [3.80s]     dtype: torch.float32
2026-05-03 23:11:32,790 [INFO] [3.80s]     mean: 0.015432
2026-05-03 23:11:32,790 [INFO] [3.80s]     std: 1.324155
2026-05-03 23:11:32,790 [INFO] [3.80s]     min: -5.985439
2026-05-03 23:11:32,792 [INFO] [3.80s]     max: 6.462160
2026-05-03 23:11:32,792 [INFO] [3.80s]     median: -0.020040
2026-05-03 23:11:32,994 [DEBUG] [4.00s] 
  [Batch 8/16] GRADIENT STATISTICS
2026-05-03 23:11:32,994 [INFO] [4.00s]   Gradient Stats:
2026-05-03 23:11:32,995 [INFO] [4.00s]     grad_norm_mean: 0.238897
2026-05-03 23:11:32,995 [INFO] [4.00s]     grad_norm_max: 2.048490
2026-05-03 23:11:32,995 [INFO] [4.00s]     grad_norm_min: 0.000000
2026-05-03 23:11:32,995 [INFO] [4.00s]     grad_mean_mean: -0.003063
2026-05-03 23:11:32,995 [INFO] [4.00s]     grad_max_max: 0.355556
2026-05-03 23:11:32,995 [INFO] [4.00s]     grad_min_min: -0.410176
2026-05-03 23:11:32,995 [INFO] [4.00s]     valid_gradients: 30
2026-05-03 23:11:32,996 [INFO] [4.00s]     invalid_gradients: 0
2026-05-03 23:11:33,030 [DEBUG] [4.04s] 
  [Batch 8/16] PARAMETER STATISTICS
2026-05-03 23:11:33,030 [INFO] [4.04s]   Param Stats:
2026-05-03 23:11:33,031 [INFO] [4.04s]     param_norm_mean: 1.658024
2026-05-03 23:11:33,031 [INFO] [4.04s]     param_norm_max: 6.474524
2026-05-03 23:11:33,032 [INFO] [4.04s]     param_means_mean: 0.134587
2026-05-03 23:11:33,032 [INFO] [4.04s] 
  [Batch 8/16] TRAINING PROGRESS
2026-05-03 23:11:33,032 [INFO] [4.04s]     Batch Loss:      0.87923712
2026-05-03 23:11:33,032 [INFO] [4.04s]     Running Avg:     0.76711939
2026-05-03 23:11:33,032 [INFO] [4.04s]     Case:            cavity/geo/case0001 (t=10)
2026-05-03 23:11:33,039 [INFO] [4.05s] ------------------------------------------------------------
2026-05-03 23:11:33,040 [DEBUG] [4.05s] [Batch 9/16] INPUT DATA STATS
2026-05-03 23:11:33,040 [INFO] [4.05s]   Case: cavity/geo/case0002 (t=6)
2026-05-03 23:11:33,041 [DEBUG] [4.05s]   Tensor Stats - Input (first sample):
2026-05-03 23:11:33,041 [INFO] [4.05s]     shape: (64, 64, 2)
2026-05-03 23:11:33,042 [INFO] [4.05s]     dtype: torch.float32
2026-05-03 23:11:33,042 [INFO] [4.05s]     mean: 0.015027
2026-05-03 23:11:33,042 [INFO] [4.05s]     std: 1.084077
2026-05-03 23:11:33,042 [INFO] [4.05s]     min: -5.930768
2026-05-03 23:11:33,043 [INFO] [4.05s]     max: 6.462160
2026-05-03 23:11:33,043 [INFO] [4.05s]     median: -0.039080
2026-05-03 23:11:33,045 [DEBUG] [4.05s]   Tensor Stats - Target (first sample):
2026-05-03 23:11:33,045 [INFO] [4.05s]     shape: (64, 64, 2)
2026-05-03 23:11:33,045 [INFO] [4.05s]     dtype: torch.float32
2026-05-03 23:11:33,046 [INFO] [4.05s]     mean: 0.014968
2026-05-03 23:11:33,046 [INFO] [4.05s]     std: 1.098803
2026-05-03 23:11:33,046 [INFO] [4.05s]     min: -5.957450
2026-05-03 23:11:33,047 [INFO] [4.05s]     max: 6.462160
2026-05-03 23:11:33,047 [INFO] [4.05s]     median: -0.039480
2026-05-03 23:11:33,291 [DEBUG] [4.30s] 
  [Batch 9/16] GRADIENT STATISTICS
2026-05-03 23:11:33,293 [INFO] [4.30s]   Gradient Stats:
2026-05-03 23:11:33,293 [INFO] [4.30s]     grad_norm_mean: 0.109761
2026-05-03 23:11:33,293 [INFO] [4.30s]     grad_norm_max: 1.059033
2026-05-03 23:11:33,294 [INFO] [4.30s]     grad_norm_min: 0.000000
2026-05-03 23:11:33,294 [INFO] [4.30s]     grad_mean_mean: -0.002153
2026-05-03 23:11:33,294 [INFO] [4.30s]     grad_max_max: 0.131345
2026-05-03 23:11:33,294 [INFO] [4.30s]     grad_min_min: -0.189531
2026-05-03 23:11:33,294 [INFO] [4.30s]     valid_gradients: 30
2026-05-03 23:11:33,295 [INFO] [4.30s]     invalid_gradients: 0
2026-05-03 23:11:33,324 [DEBUG] [4.33s] 
  [Batch 9/16] PARAMETER STATISTICS
2026-05-03 23:11:33,325 [INFO] [4.33s]   Param Stats:
2026-05-03 23:11:33,325 [INFO] [4.33s]     param_norm_mean: 1.673764
2026-05-03 23:11:33,325 [INFO] [4.33s]     param_norm_max: 6.477297
2026-05-03 23:11:33,325 [INFO] [4.33s]     param_means_mean: 0.134662
2026-05-03 23:11:33,325 [INFO] [4.33s] 
  [Batch 9/16] TRAINING PROGRESS
2026-05-03 23:11:33,326 [INFO] [4.33s]     Batch Loss:      0.27522406
2026-05-03 23:11:33,326 [INFO] [4.33s]     Running Avg:     0.71246436
2026-05-03 23:11:33,326 [INFO] [4.33s]     Case:            cavity/geo/case0002 (t=6)
2026-05-03 23:11:33,327 [INFO] [4.33s] ------------------------------------------------------------
2026-05-03 23:11:33,329 [DEBUG] [4.33s] [Batch 10/16] INPUT DATA STATS
2026-05-03 23:11:33,329 [INFO] [4.33s]   Case: cavity/geo/case0001 (t=6)
2026-05-03 23:11:33,329 [DEBUG] [4.34s]   Tensor Stats - Input (first sample):
2026-05-03 23:11:33,329 [INFO] [4.34s]     shape: (64, 64, 2)
2026-05-03 23:11:33,330 [INFO] [4.34s]     dtype: torch.float32
2026-05-03 23:11:33,330 [INFO] [4.34s]     mean: 0.015545
2026-05-03 23:11:33,330 [INFO] [4.34s]     std: 1.262233
2026-05-03 23:11:33,331 [INFO] [4.34s]     min: -5.903244
2026-05-03 23:11:33,331 [INFO] [4.34s]     max: 6.462160
2026-05-03 23:11:33,331 [INFO] [4.34s]     median: -0.019168
2026-05-03 23:11:33,332 [DEBUG] [4.34s]   Tensor Stats - Target (first sample):
2026-05-03 23:11:33,332 [INFO] [4.34s]     shape: (64, 64, 2)
2026-05-03 23:11:33,332 [INFO] [4.34s]     dtype: torch.float32
2026-05-03 23:11:33,332 [INFO] [4.34s]     mean: 0.015470
2026-05-03 23:11:33,334 [INFO] [4.34s]     std: 1.279861
2026-05-03 23:11:33,334 [INFO] [4.34s]     min: -5.927436
2026-05-03 23:11:33,334 [INFO] [4.34s]     max: 6.462160
2026-05-03 23:11:33,335 [INFO] [4.34s]     median: -0.019720
2026-05-03 23:11:33,506 [DEBUG] [4.51s] 
  [Batch 10/16] GRADIENT STATISTICS
2026-05-03 23:11:33,506 [INFO] [4.51s]   Gradient Stats:
2026-05-03 23:11:33,506 [INFO] [4.51s]     grad_norm_mean: 0.115792
2026-05-03 23:11:33,506 [INFO] [4.51s]     grad_norm_max: 1.114029
2026-05-03 23:11:33,508 [INFO] [4.51s]     grad_norm_min: 0.000000
2026-05-03 23:11:33,508 [INFO] [4.51s]     grad_mean_mean: -0.002127
2026-05-03 23:11:33,508 [INFO] [4.51s]     grad_max_max: 0.167025
2026-05-03 23:11:33,508 [INFO] [4.51s]     grad_min_min: -0.195139
2026-05-03 23:11:33,508 [INFO] [4.51s]     valid_gradients: 30
2026-05-03 23:11:33,508 [INFO] [4.51s]     invalid_gradients: 0
2026-05-03 23:11:33,533 [DEBUG] [4.54s] 
  [Batch 10/16] PARAMETER STATISTICS
2026-05-03 23:11:33,534 [INFO] [4.54s]   Param Stats:
2026-05-03 23:11:33,534 [INFO] [4.54s]     param_norm_mean: 1.688573
2026-05-03 23:11:33,536 [INFO] [4.54s]     param_norm_max: 6.480298
2026-05-03 23:11:33,536 [INFO] [4.54s]     param_means_mean: 0.134736
2026-05-03 23:11:33,537 [INFO] [4.54s] 
  [Batch 10/16] TRAINING PROGRESS
2026-05-03 23:11:33,537 [INFO] [4.54s]     Batch Loss:      0.31073180
2026-05-03 23:11:33,537 [INFO] [4.54s]     Running Avg:     0.67229110
2026-05-03 23:11:33,538 [INFO] [4.54s]     Case:            cavity/geo/case0001 (t=6)
2026-05-03 23:11:33,539 [DEBUG] [4.54s] 
  [Batch 10/16] PREDICTION SAMPLE
2026-05-03 23:11:33,539 [INFO] [4.54s]     Sample: cavity/geo/case0001 (t=6)
2026-05-03 23:11:33,540 [INFO] [4.55s]     Predicted U stats:  mean=0.065566, std=0.741158
2026-05-03 23:11:33,540 [INFO] [4.55s]     Target U stats:     mean=0.030804, std=1.255127
2026-05-03 23:11:33,540 [INFO] [4.55s]     Predicted V stats:  mean=-0.090563, std=0.823154
2026-05-03 23:11:33,540 [INFO] [4.55s]     Target V stats:     mean=0.000135, std=1.303793
2026-05-03 23:11:33,541 [INFO] [4.55s]     Sample MSE (U): 0.50957930
2026-05-03 23:11:33,541 [INFO] [4.55s]     Sample MSE (V): 0.40027124
2026-05-03 23:11:33,542 [INFO] [4.55s] ------------------------------------------------------------
2026-05-03 23:11:33,542 [DEBUG] [4.55s] [Batch 11/16] INPUT DATA STATS
2026-05-03 23:11:33,543 [INFO] [4.55s]   Case: cavity/geo/case0001 (t=2)
2026-05-03 23:11:33,543 [DEBUG] [4.55s]   Tensor Stats - Input (first sample):
2026-05-03 23:11:33,544 [INFO] [4.55s]     shape: (64, 64, 2)
2026-05-03 23:11:33,544 [INFO] [4.55s]     dtype: torch.float32
2026-05-03 23:11:33,544 [INFO] [4.55s]     mean: 0.015924
2026-05-03 23:11:33,544 [INFO] [4.55s]     std: 1.152719
2026-05-03 23:11:33,544 [INFO] [4.55s]     min: -5.703903
2026-05-03 23:11:33,544 [INFO] [4.55s]     max: 6.462160
2026-05-03 23:11:33,544 [INFO] [4.55s]     median: -0.019905
2026-05-03 23:11:33,546 [DEBUG] [4.55s]   Tensor Stats - Target (first sample):
2026-05-03 23:11:33,546 [INFO] [4.55s]     shape: (64, 64, 2)
2026-05-03 23:11:33,546 [INFO] [4.55s]     dtype: torch.float32
2026-05-03 23:11:33,546 [INFO] [4.55s]     mean: 0.015929
2026-05-03 23:11:33,546 [INFO] [4.55s]     std: 1.187213
2026-05-03 23:11:33,547 [INFO] [4.55s]     min: -5.774273
2026-05-03 23:11:33,547 [INFO] [4.55s]     max: 6.462160
2026-05-03 23:11:33,547 [INFO] [4.55s]     median: -0.019493
2026-05-03 23:11:33,711 [DEBUG] [4.72s] 
  [Batch 11/16] GRADIENT STATISTICS
2026-05-03 23:11:33,711 [INFO] [4.72s]   Gradient Stats:
2026-05-03 23:11:33,712 [INFO] [4.72s]     grad_norm_mean: 0.135988
2026-05-03 23:11:33,712 [INFO] [4.72s]     grad_norm_max: 1.522238
2026-05-03 23:11:33,712 [INFO] [4.72s]     grad_norm_min: 0.000000
2026-05-03 23:11:33,712 [INFO] [4.72s]     grad_mean_mean: -0.003118
2026-05-03 23:11:33,712 [INFO] [4.72s]     grad_max_max: 0.246946
2026-05-03 23:11:33,712 [INFO] [4.72s]     grad_min_min: -0.294343
2026-05-03 23:11:33,713 [INFO] [4.72s]     valid_gradients: 30
2026-05-03 23:11:33,713 [INFO] [4.72s]     invalid_gradients: 0
2026-05-03 23:11:33,734 [DEBUG] [4.74s] 
  [Batch 11/16] PARAMETER STATISTICS
2026-05-03 23:11:33,735 [INFO] [4.74s]   Param Stats:
2026-05-03 23:11:33,735 [INFO] [4.74s]     param_norm_mean: 1.702797
2026-05-03 23:11:33,735 [INFO] [4.74s]     param_norm_max: 6.483721
2026-05-03 23:11:33,735 [INFO] [4.74s]     param_means_mean: 0.134815
2026-05-03 23:11:33,735 [INFO] [4.74s] 
  [Batch 11/16] TRAINING PROGRESS
2026-05-03 23:11:33,736 [INFO] [4.74s]     Batch Loss:      0.43750206
2026-05-03 23:11:33,736 [INFO] [4.74s]     Running Avg:     0.65094664
2026-05-03 23:11:33,736 [INFO] [4.74s]     Case:            cavity/geo/case0001 (t=2)
2026-05-03 23:11:33,738 [INFO] [4.74s] ------------------------------------------------------------
2026-05-03 23:11:33,738 [DEBUG] [4.74s] [Batch 12/16] INPUT DATA STATS
2026-05-03 23:11:33,739 [INFO] [4.75s]   Case: cavity/geo/case0001 (t=11)
2026-05-03 23:11:33,740 [DEBUG] [4.75s]   Tensor Stats - Input (first sample):
2026-05-03 23:11:33,740 [INFO] [4.75s]     shape: (64, 64, 2)
2026-05-03 23:11:33,741 [INFO] [4.75s]     dtype: torch.float32
2026-05-03 23:11:33,741 [INFO] [4.75s]     mean: 0.015432
2026-05-03 23:11:33,741 [INFO] [4.75s]     std: 1.324155
2026-05-03 23:11:33,741 [INFO] [4.75s]     min: -5.985439
2026-05-03 23:11:33,741 [INFO] [4.75s]     max: 6.462160
2026-05-03 23:11:33,742 [INFO] [4.75s]     median: -0.020040
2026-05-03 23:11:33,742 [DEBUG] [4.75s]   Tensor Stats - Target (first sample):
2026-05-03 23:11:33,743 [INFO] [4.75s]     shape: (64, 64, 2)
2026-05-03 23:11:33,743 [INFO] [4.75s]     dtype: torch.float32
2026-05-03 23:11:33,743 [INFO] [4.75s]     mean: 0.015448
2026-05-03 23:11:33,743 [INFO] [4.75s]     std: 1.329951
2026-05-03 23:11:33,743 [INFO] [4.75s]     min: -5.994059
2026-05-03 23:11:33,744 [INFO] [4.75s]     max: 6.462160
2026-05-03 23:11:33,744 [INFO] [4.75s]     median: -0.019528
2026-05-03 23:11:33,907 [DEBUG] [4.91s] 
  [Batch 12/16] GRADIENT STATISTICS
2026-05-03 23:11:33,908 [INFO] [4.91s]   Gradient Stats:
2026-05-03 23:11:33,908 [INFO] [4.91s]     grad_norm_mean: 0.099490
2026-05-03 23:11:33,908 [INFO] [4.91s]     grad_norm_max: 1.045575
2026-05-03 23:11:33,909 [INFO] [4.92s]     grad_norm_min: 0.000000
2026-05-03 23:11:33,909 [INFO] [4.92s]     grad_mean_mean: -0.002047
2026-05-03 23:11:33,909 [INFO] [4.92s]     grad_max_max: 0.149353
2026-05-03 23:11:33,910 [INFO] [4.92s]     grad_min_min: -0.176655
2026-05-03 23:11:33,910 [INFO] [4.92s]     valid_gradients: 30
2026-05-03 23:11:33,910 [INFO] [4.92s]     invalid_gradients: 0
2026-05-03 23:11:33,932 [DEBUG] [4.94s] 
  [Batch 12/16] PARAMETER STATISTICS
2026-05-03 23:11:33,932 [INFO] [4.94s]   Param Stats:
2026-05-03 23:11:33,932 [INFO] [4.94s]     param_norm_mean: 1.716422
2026-05-03 23:11:33,932 [INFO] [4.94s]     param_norm_max: 6.487339
2026-05-03 23:11:33,933 [INFO] [4.94s]     param_means_mean: 0.134893
2026-05-03 23:11:33,933 [INFO] [4.94s] 
  [Batch 12/16] TRAINING PROGRESS
2026-05-03 23:11:33,933 [INFO] [4.94s]     Batch Loss:      0.26472291
2026-05-03 23:11:33,933 [INFO] [4.94s]     Running Avg:     0.61876133
2026-05-03 23:11:33,933 [INFO] [4.94s]     Case:            cavity/geo/case0001 (t=11)
2026-05-03 23:11:33,936 [INFO] [4.94s] ------------------------------------------------------------
2026-05-03 23:11:33,936 [DEBUG] [4.94s] [Batch 13/16] INPUT DATA STATS
2026-05-03 23:11:33,936 [INFO] [4.94s]   Case: cavity/bc/case0000 (t=4)
2026-05-03 23:11:33,936 [DEBUG] [4.94s]   Tensor Stats - Input (first sample):
2026-05-03 23:11:33,937 [INFO] [4.94s]     shape: (64, 64, 2)
2026-05-03 23:11:33,937 [INFO] [4.94s]     dtype: torch.float32
2026-05-03 23:11:33,937 [INFO] [4.94s]     mean: -0.034035
2026-05-03 23:11:33,937 [INFO] [4.94s]     std: 0.175856
2026-05-03 23:11:33,937 [INFO] [4.94s]     min: -0.630694
2026-05-03 23:11:33,937 [INFO] [4.94s]     max: 0.576010
2026-05-03 23:11:33,937 [INFO] [4.94s]     median: -0.047555
2026-05-03 23:11:33,937 [DEBUG] [4.94s]   Tensor Stats - Target (first sample):
2026-05-03 23:11:33,937 [INFO] [4.95s]     shape: (64, 64, 2)
2026-05-03 23:11:33,939 [INFO] [4.95s]     dtype: torch.float32
2026-05-03 23:11:33,939 [INFO] [4.95s]     mean: -0.034035
2026-05-03 23:11:33,939 [INFO] [4.95s]     std: 0.177740
2026-05-03 23:11:33,940 [INFO] [4.95s]     min: -0.631192
2026-05-03 23:11:33,940 [INFO] [4.95s]     max: 0.576010
2026-05-03 23:11:33,940 [INFO] [4.95s]     median: -0.047504
2026-05-03 23:11:34,089 [DEBUG] [5.10s] 
  [Batch 13/16] GRADIENT STATISTICS
2026-05-03 23:11:34,089 [INFO] [5.10s]   Gradient Stats:
2026-05-03 23:11:34,090 [INFO] [5.10s]     grad_norm_mean: 0.197472
2026-05-03 23:11:34,090 [INFO] [5.10s]     grad_norm_max: 1.348970
2026-05-03 23:11:34,090 [INFO] [5.10s]     grad_norm_min: 0.000000
2026-05-03 23:11:34,090 [INFO] [5.10s]     grad_mean_mean: 0.001783
2026-05-03 23:11:34,090 [INFO] [5.10s]     grad_max_max: 0.328219
2026-05-03 23:11:34,090 [INFO] [5.10s]     grad_min_min: -0.234348
2026-05-03 23:11:34,090 [INFO] [5.10s]     valid_gradients: 30
2026-05-03 23:11:34,090 [INFO] [5.10s]     invalid_gradients: 0
2026-05-03 23:11:34,113 [DEBUG] [5.12s] 
  [Batch 13/16] PARAMETER STATISTICS
2026-05-03 23:11:34,113 [INFO] [5.12s]   Param Stats:
2026-05-03 23:11:34,113 [INFO] [5.12s]     param_norm_mean: 1.728329
2026-05-03 23:11:34,113 [INFO] [5.12s]     param_norm_max: 6.490028
2026-05-03 23:11:34,113 [INFO] [5.12s]     param_means_mean: 0.134964
2026-05-03 23:11:34,113 [INFO] [5.12s] 
  [Batch 13/16] TRAINING PROGRESS
2026-05-03 23:11:34,114 [INFO] [5.12s]     Batch Loss:      0.16412114
2026-05-03 23:11:34,114 [INFO] [5.12s]     Running Avg:     0.58378901
2026-05-03 23:11:34,115 [INFO] [5.12s]     Case:            cavity/bc/case0000 (t=4)
2026-05-03 23:11:34,116 [INFO] [5.12s] ------------------------------------------------------------
2026-05-03 23:11:34,116 [DEBUG] [5.12s] [Batch 14/16] INPUT DATA STATS
2026-05-03 23:11:34,116 [INFO] [5.12s]   Case: cavity/bc/case0001 (t=0)
2026-05-03 23:11:34,117 [DEBUG] [5.12s]   Tensor Stats - Input (first sample):
2026-05-03 23:11:34,117 [INFO] [5.12s]     shape: (64, 64, 2)
2026-05-03 23:11:34,117 [INFO] [5.12s]     dtype: torch.float32
2026-05-03 23:11:34,117 [INFO] [5.12s]     mean: -0.029032
2026-05-03 23:11:34,117 [INFO] [5.12s]     std: 0.256320
2026-05-03 23:11:34,117 [INFO] [5.12s]     min: -1.261310
2026-05-03 23:11:34,117 [INFO] [5.12s]     max: 1.230027
2026-05-03 23:11:34,117 [INFO] [5.12s]     median: -0.046294
2026-05-03 23:11:34,119 [DEBUG] [5.13s]   Tensor Stats - Target (first sample):
2026-05-03 23:11:34,119 [INFO] [5.13s]     shape: (64, 64, 2)
2026-05-03 23:11:34,119 [INFO] [5.13s]     dtype: torch.float32
2026-05-03 23:11:34,119 [INFO] [5.13s]     mean: -0.029047
2026-05-03 23:11:34,120 [INFO] [5.13s]     std: 0.309268
2026-05-03 23:11:34,120 [INFO] [5.13s]     min: -1.287171
2026-05-03 23:11:34,120 [INFO] [5.13s]     max: 1.230027
2026-05-03 23:11:34,120 [INFO] [5.13s]     median: -0.043611
2026-05-03 23:11:34,244 [DEBUG] [5.25s] 
  [Batch 14/16] GRADIENT STATISTICS
2026-05-03 23:11:34,244 [INFO] [5.25s]   Gradient Stats:
2026-05-03 23:11:34,244 [INFO] [5.25s]     grad_norm_mean: 0.080816
2026-05-03 23:11:34,245 [INFO] [5.25s]     grad_norm_max: 0.883781
2026-05-03 23:11:34,245 [INFO] [5.25s]     grad_norm_min: 0.000000
2026-05-03 23:11:34,245 [INFO] [5.25s]     grad_mean_mean: -0.001834
2026-05-03 23:11:34,245 [INFO] [5.25s]     grad_max_max: 0.124574
2026-05-03 23:11:34,245 [INFO] [5.25s]     grad_min_min: -0.156947
2026-05-03 23:11:34,245 [INFO] [5.25s]     valid_gradients: 30
2026-05-03 23:11:34,245 [INFO] [5.25s]     invalid_gradients: 0
2026-05-03 23:11:34,266 [DEBUG] [5.27s] 
  [Batch 14/16] PARAMETER STATISTICS
2026-05-03 23:11:34,266 [INFO] [5.27s]   Param Stats:
2026-05-03 23:11:34,267 [INFO] [5.27s]     param_norm_mean: 1.739533
2026-05-03 23:11:34,267 [INFO] [5.27s]     param_norm_max: 6.492961
2026-05-03 23:11:34,267 [INFO] [5.27s]     param_means_mean: 0.135034
2026-05-03 23:11:34,267 [INFO] [5.27s] 
  [Batch 14/16] TRAINING PROGRESS
2026-05-03 23:11:34,270 [INFO] [5.28s]     Batch Loss:      0.19802763
2026-05-03 23:11:34,270 [INFO] [5.28s]     Running Avg:     0.55623462
2026-05-03 23:11:34,270 [INFO] [5.28s]     Case:            cavity/bc/case0001 (t=0)
2026-05-03 23:11:34,275 [INFO] [5.28s] ------------------------------------------------------------
2026-05-03 23:11:34,275 [DEBUG] [5.28s] [Batch 15/16] INPUT DATA STATS
2026-05-03 23:11:34,276 [INFO] [5.28s]   Case: cavity/bc/case0000 (t=0)
2026-05-03 23:11:34,276 [DEBUG] [5.28s]   Tensor Stats - Input (first sample):
2026-05-03 23:11:34,277 [INFO] [5.28s]     shape: (64, 64, 2)
2026-05-03 23:11:34,277 [INFO] [5.28s]     dtype: torch.float32
2026-05-03 23:11:34,277 [INFO] [5.28s]     mean: -0.034012
2026-05-03 23:11:34,277 [INFO] [5.28s]     std: 0.125722
2026-05-03 23:11:34,277 [INFO] [5.28s]     min: -0.609961
2026-05-03 23:11:34,277 [INFO] [5.28s]     max: 0.576010
2026-05-03 23:11:34,277 [INFO] [5.28s]     median: -0.046741
2026-05-03 23:11:34,279 [DEBUG] [5.28s]   Tensor Stats - Target (first sample):
2026-05-03 23:11:34,279 [INFO] [5.28s]     shape: (64, 64, 2)
2026-05-03 23:11:34,280 [INFO] [5.29s]     dtype: torch.float32
2026-05-03 23:11:34,280 [INFO] [5.29s]     mean: -0.034038
2026-05-03 23:11:34,280 [INFO] [5.29s]     std: 0.152337
2026-05-03 23:11:34,280 [INFO] [5.29s]     min: -0.627141
2026-05-03 23:11:34,280 [INFO] [5.29s]     max: 0.576010
2026-05-03 23:11:34,281 [INFO] [5.29s]     median: -0.047250
2026-05-03 23:11:34,416 [DEBUG] [5.42s] 
  [Batch 15/16] GRADIENT STATISTICS
2026-05-03 23:11:34,417 [INFO] [5.42s]   Gradient Stats:
2026-05-03 23:11:34,417 [INFO] [5.42s]     grad_norm_mean: 0.085157
2026-05-03 23:11:34,417 [INFO] [5.42s]     grad_norm_max: 0.625962
2026-05-03 23:11:34,417 [INFO] [5.42s]     grad_norm_min: 0.000000
2026-05-03 23:11:34,418 [INFO] [5.42s]     grad_mean_mean: 0.000038
2026-05-03 23:11:34,418 [INFO] [5.42s]     grad_max_max: 0.080344
2026-05-03 23:11:34,418 [INFO] [5.42s]     grad_min_min: -0.146244
2026-05-03 23:11:34,418 [INFO] [5.42s]     valid_gradients: 30
2026-05-03 23:11:34,419 [INFO] [5.43s]     invalid_gradients: 0
2026-05-03 23:11:34,436 [DEBUG] [5.44s] 
  [Batch 15/16] PARAMETER STATISTICS
2026-05-03 23:11:34,436 [INFO] [5.44s]   Param Stats:
2026-05-03 23:11:34,436 [INFO] [5.44s]     param_norm_mean: 1.749683
2026-05-03 23:11:34,436 [INFO] [5.44s]     param_norm_max: 6.495512
2026-05-03 23:11:34,436 [INFO] [5.44s]     param_means_mean: 0.135097
2026-05-03 23:11:34,436 [INFO] [5.44s] 
  [Batch 15/16] TRAINING PROGRESS
2026-05-03 23:11:34,437 [INFO] [5.44s]     Batch Loss:      0.06872778
2026-05-03 23:11:34,437 [INFO] [5.44s]     Running Avg:     0.52373417
2026-05-03 23:11:34,437 [INFO] [5.44s]     Case:            cavity/bc/case0000 (t=0)
2026-05-03 23:11:34,437 [DEBUG] [5.44s] 
  [Batch 15/16] PREDICTION SAMPLE
2026-05-03 23:11:34,437 [INFO] [5.44s]     Sample: cavity/bc/case0000 (t=0)
2026-05-03 23:11:34,437 [INFO] [5.44s]     Predicted U stats:  mean=-0.050010, std=0.116174
2026-05-03 23:11:34,439 [INFO] [5.45s]     Target U stats:     mean=-0.067880, std=0.141951
2026-05-03 23:11:34,439 [INFO] [5.45s]     Predicted V stats:  mean=0.029064, std=0.065551
2026-05-03 23:11:34,439 [INFO] [5.45s]     Target V stats:     mean=-0.000196, std=0.154812
2026-05-03 23:11:34,439 [INFO] [5.45s]     Sample MSE (U): 0.00737411
2026-05-03 23:11:34,439 [INFO] [5.45s]     Sample MSE (V): 0.01534877
2026-05-03 23:11:34,443 [INFO] [5.45s] ------------------------------------------------------------
2026-05-03 23:11:34,443 [DEBUG] [5.45s] [Batch 16/16] INPUT DATA STATS
2026-05-03 23:11:34,443 [INFO] [5.45s]   Case: cavity/geo/case0002 (t=2)
2026-05-03 23:11:34,444 [DEBUG] [5.45s]   Tensor Stats - Input (first sample):
2026-05-03 23:11:34,444 [INFO] [5.45s]     shape: (64, 64, 2)
2026-05-03 23:11:34,444 [INFO] [5.45s]     dtype: torch.float32
2026-05-03 23:11:34,444 [INFO] [5.45s]     mean: 0.015945
2026-05-03 23:11:34,444 [INFO] [5.45s]     std: 0.998164
2026-05-03 23:11:34,444 [INFO] [5.45s]     min: -5.716193
2026-05-03 23:11:34,445 [INFO] [5.45s]     max: 6.462160
2026-05-03 23:11:34,445 [INFO] [5.45s]     median: -0.037682
2026-05-03 23:11:34,445 [DEBUG] [5.45s]   Tensor Stats - Target (first sample):
2026-05-03 23:11:34,446 [INFO] [5.45s]     shape: (64, 64, 2)
2026-05-03 23:11:34,446 [INFO] [5.45s]     dtype: torch.float32
2026-05-03 23:11:34,447 [INFO] [5.45s]     mean: 0.015632
2026-05-03 23:11:34,447 [INFO] [5.45s]     std: 1.024295
2026-05-03 23:11:34,447 [INFO] [5.45s]     min: -5.790040
2026-05-03 23:11:34,447 [INFO] [5.45s]     max: 6.462160
2026-05-03 23:11:34,447 [INFO] [5.45s]     median: -0.038506
2026-05-03 23:11:34,598 [DEBUG] [5.60s] 
  [Batch 16/16] GRADIENT STATISTICS
2026-05-03 23:11:34,599 [INFO] [5.61s]   Gradient Stats:
2026-05-03 23:11:34,599 [INFO] [5.61s]     grad_norm_mean: 0.057392
2026-05-03 23:11:34,600 [INFO] [5.61s]     grad_norm_max: 0.511657
2026-05-03 23:11:34,600 [INFO] [5.61s]     grad_norm_min: 0.000000
2026-05-03 23:11:34,600 [INFO] [5.61s]     grad_mean_mean: -0.001378
2026-05-03 23:11:34,600 [INFO] [5.61s]     grad_max_max: 0.045956
2026-05-03 23:11:34,600 [INFO] [5.61s]     grad_min_min: -0.115141
2026-05-03 23:11:34,600 [INFO] [5.61s]     valid_gradients: 30
2026-05-03 23:11:34,600 [INFO] [5.61s]     invalid_gradients: 0
2026-05-03 23:11:34,625 [DEBUG] [5.63s] 
  [Batch 16/16] PARAMETER STATISTICS
2026-05-03 23:11:34,625 [INFO] [5.63s]   Param Stats:
2026-05-03 23:11:34,626 [INFO] [5.63s]     param_norm_mean: 1.758946
2026-05-03 23:11:34,626 [INFO] [5.63s]     param_norm_max: 6.498115
2026-05-03 23:11:34,627 [INFO] [5.63s]     param_means_mean: 0.135157
2026-05-03 23:11:34,627 [INFO] [5.63s] 
  [Batch 16/16] TRAINING PROGRESS
2026-05-03 23:11:34,627 [INFO] [5.63s]     Batch Loss:      0.09898818
2026-05-03 23:11:34,627 [INFO] [5.63s]     Running Avg:     0.49718754
2026-05-03 23:11:34,627 [INFO] [5.63s]     Case:            cavity/geo/case0002 (t=2)
2026-05-03 23:11:34,627 [INFO] [5.63s] 
------------------------------------------------------------
2026-05-03 23:11:34,627 [INFO] [5.63s] [EPOCH 1/1] TRAIN COMPLETE
2026-05-03 23:11:34,629 [INFO] [5.63s] ------------------------------------------------------------
2026-05-03 23:11:34,629 [INFO] [5.63s]   Average Train Loss: 0.49718754
2026-05-03 23:11:34,629 [INFO] [5.63s]   Epoch time: 3.27s
2026-05-03 23:11:34,629 [INFO] [5.63s] 
[EPOCH 1/1] EVALUATION ON TEST SET
2026-05-03 23:11:34,852 [INFO] [5.86s] 
  Test Loss: 0.82963260 *** BEST ***
2026-05-03 23:11:34,852 [INFO] [5.86s]   Test Metrics:
2026-05-03 23:11:34,853 [INFO] [5.86s]     MSE:  0.82963252
2026-05-03 23:11:34,853 [INFO] [5.86s]     RMSE: 0.910842
2026-05-03 23:11:34,854 [INFO] [5.86s]     MAE:  0.447750
2026-05-03 23:11:34,854 [INFO] [5.86s]     R2 (Overall): 0.172390
2026-05-03 23:11:34,854 [INFO] [5.86s]     R2 (U component): 0.131181
2026-05-03 23:11:34,854 [INFO] [5.86s]     R2 (V component): 0.213787
2026-05-03 23:11:34,854 [INFO] [5.86s] 
[EPOCH 1/1] END - Time: 3.27s
2026-05-03 23:11:34,855 [INFO] [5.86s] Memory: CPU Memory: 249.25MB RSS
2026-05-03 23:11:34,855 [INFO] [5.86s] === COMPLETED: Training (took 3.50s) ===
2026-05-03 23:11:34,855 [INFO] [5.86s]     Details: Total time: 3.50s (0.06 min)
2026-05-03 23:11:34,858 [INFO] [5.86s] === STARTING: Model Saving ===
2026-05-03 23:11:34,858 [INFO] [5.86s] Saving model to: C:\traework\a\wilmer-deeplearn\portable_env\python-portable\workspace\fno2-model.pth
2026-05-03 23:11:34,896 [INFO] [5.90s] Model saved successfully: C:\traework\a\wilmer-deeplearn\portable_env\python-portable\workspace\fno2-model.pth
2026-05-03 23:11:34,897 [INFO] [5.90s] File size: 6.83 MB
2026-05-03 23:11:34,897 [INFO] [5.90s] === COMPLETED: Model Saving (took 0.04s) ===
2026-05-03 23:11:34,897 [INFO] [5.90s] 
================================================================================
2026-05-03 23:11:34,897 [INFO] [5.90s] TRAINING COMPLETE - FINAL SUMMARY
2026-05-03 23:11:34,898 [INFO] [5.90s] ================================================================================
2026-05-03 23:11:34,898 [INFO] [5.90s] Total training time: 3.50 seconds (0.06 minutes)
2026-05-03 23:11:34,898 [INFO] [5.90s] Average time per epoch: 3.50 seconds
2026-05-03 23:11:34,899 [INFO] [5.91s] 
2026-05-03 23:11:34,899 [INFO] [5.91s] Final Train Loss: 0.49718754
2026-05-03 23:11:34,899 [INFO] [5.91s] Final Test Loss:  0.82963260
2026-05-03 23:11:34,900 [INFO] [5.91s] Best Test Loss:   0.82963260 (Epoch 1)
2026-05-03 23:11:34,901 [INFO] [5.91s] 
2026-05-03 23:11:34,901 [INFO] [5.91s] Final Test Metrics:
2026-05-03 23:11:34,901 [INFO] [5.91s]   MSE:  0.82963252
2026-05-03 23:11:34,901 [INFO] [5.91s]   RMSE: 0.910842
2026-05-03 23:11:34,901 [INFO] [5.91s]   MAE:  0.447750
2026-05-03 23:11:34,902 [INFO] [5.91s]   R2:   0.172390
2026-05-03 23:11:34,902 [INFO] [5.91s] 
2026-05-03 23:11:34,902 [INFO] [5.91s] Gradient Statistics Summary:
2026-05-03 23:11:34,903 [INFO] [5.91s]   Average gradient norm: 0.184704
2026-05-03 23:11:34,903 [INFO] [5.91s]   Max gradient norm:     0.558689
2026-05-03 23:11:34,904 [INFO] [5.91s]   Min gradient norm:     0.057392
2026-05-03 23:11:34,905 [INFO] [5.91s] Model saved at: C:\traework\a\wilmer-deeplearn\portable_env\python-portable\workspace\fno2-model.pth
2026-05-03 23:11:34,905 [INFO] [5.91s] Log saved at: C:\traework\a\wilmer-deeplearn\portable_env\python-portable\workspace\training_full.log
2026-05-03 23:11:34,905 [INFO] [5.91s] End time: 2026-05-03 23:11:34
2026-05-03 23:11:34,906 [INFO] [5.91s] ================================================================================
2026-05-04 00:00:37,400 [INFO] [0.00s] 
================================================================================
2026-05-04 00:00:37,401 [INFO] [0.00s] FNO2 ENHANCED TRAINING CONFIGURATION (Python Standard Logging)
2026-05-04 00:00:37,401 [INFO] [0.00s] ================================================================================
2026-05-04 00:00:37,401 [INFO] [0.00s] classNum: 2
2026-05-04 00:00:37,401 [INFO] [0.00s]   -> Using: bc + geo categories
2026-05-04 00:00:37,401 [INFO] [0.00s] Max cases per category: 2
2026-05-04 00:00:37,401 [INFO] [0.00s] Epochs: 1
2026-05-04 00:00:37,401 [INFO] [0.00s] Batch size: 3
2026-05-04 00:00:37,401 [INFO] [0.00s] Learning rate: 0.001
2026-05-04 00:00:37,402 [INFO] [0.00s] Log level: DEBUG
2026-05-04 00:00:37,402 [INFO] [0.00s] Log to console: True
2026-05-04 00:00:37,402 [INFO] [0.00s] Log to file: True
2026-05-04 00:00:37,402 [INFO] [0.00s] ================================================================================
2026-05-04 00:00:37,402 [INFO] [0.00s] 
2026-05-04 00:00:37,404 [INFO] [0.00s] 
================================================================================
2026-05-04 00:00:37,404 [INFO] [0.00s] ENHANCED FNO2 TRAINING FOR NAVIER-STOKES (CFDBENCH)
2026-05-04 00:00:37,405 [INFO] [0.00s] ================================================================================
2026-05-04 00:00:37,405 [INFO] [0.00s] Start time: 2026-05-04 00:00:37
2026-05-04 00:00:37,406 [INFO] [0.00s] Device: cpu
2026-05-04 00:00:37,406 [INFO] [0.00s] Log file: training_full.log
2026-05-04 00:00:37,407 [INFO] [0.01s] Log level: DEBUG
2026-05-04 00:00:37,407 [INFO] [0.01s] Log to console: True
2026-05-04 00:00:37,407 [INFO] [0.01s] Log to file: True
2026-05-04 00:00:37,407 [INFO] [0.01s] 
2026-05-04 00:00:37,407 [INFO] [0.01s] TRAINING CONFIGURATION:
2026-05-04 00:00:37,408 [INFO] [0.01s]   data_root: C:\ftpService\CFDBench
2026-05-04 00:00:37,409 [INFO] [0.01s]   problems: ['cavity']
2026-05-04 00:00:37,409 [INFO] [0.01s]   categories: None
2026-05-04 00:00:37,409 [INFO] [0.01s]   classNum: 2
2026-05-04 00:00:37,410 [INFO] [0.01s]   modes: 12
2026-05-04 00:00:37,410 [INFO] [0.01s]   width: 16
2026-05-04 00:00:37,411 [INFO] [0.01s]   epochs: 1
2026-05-04 00:00:37,412 [INFO] [0.01s]   batch_size: 3
2026-05-04 00:00:37,413 [INFO] [0.01s]   learning_rate: 0.001
2026-05-04 00:00:37,413 [INFO] [0.01s]   weight_decay: 0.0001
2026-05-04 00:00:37,413 [INFO] [0.01s]   train_ratio: 0.8
2026-05-04 00:00:37,414 [INFO] [0.01s]   normalize: True
2026-05-04 00:00:37,415 [INFO] [0.01s]   max_cases_per_category: 2
2026-05-04 00:00:37,417 [INFO] [0.02s]   in_channels: 4
2026-05-04 00:00:37,418 [INFO] [0.02s]   out_channels: 2
2026-05-04 00:00:37,418 [INFO] [0.02s]   show_gradient_stats: True
2026-05-04 00:00:37,418 [INFO] [0.02s]   show_param_stats: True
2026-05-04 00:00:37,418 [INFO] [0.02s]   show_tensor_stats: True
2026-05-04 00:00:37,419 [INFO] [0.02s]   show_prediction_samples: True
2026-05-04 00:00:37,419 [INFO] [0.02s] 
2026-05-04 00:00:37,419 [INFO] [0.02s] === STARTING: Data Loading ===
2026-05-04 00:00:37,419 [INFO] [0.02s] ============================================================
2026-05-04 00:00:37,419 [INFO] [0.02s] DATA LOADING PROCESS
2026-05-04 00:00:37,420 [INFO] [0.02s] ============================================================
2026-05-04 00:00:37,420 [INFO] [0.02s] Data root: C:\ftpService\CFDBench
2026-05-04 00:00:37,420 [INFO] [0.02s] Problems: ['cavity']
2026-05-04 00:00:37,420 [INFO] [0.02s] classNum: 2
2026-05-04 00:00:37,420 [INFO] [0.02s] Categories to use: ['bc', 'geo']
2026-05-04 00:00:37,420 [INFO] [0.02s] Max cases per category: 2
2026-05-04 00:00:37,420 [INFO] [0.02s] Normalize: True
2026-05-04 00:00:37,421 [INFO] [0.02s] 
2026-05-04 00:00:37,421 [INFO] [0.02s] Processing problem: cavity
2026-05-04 00:00:37,423 [INFO] [0.02s]   Category: bc - Found 50 cases, using 2
2026-05-04 00:00:37,428 [INFO] [0.03s]     [LOAD] case0000: 10 time steps, 9 samples, shape=(64, 64)
2026-05-04 00:00:37,434 [INFO] [0.03s]     [LOAD] case0001: 11 time steps, 10 samples, shape=(64, 64)
2026-05-04 00:00:37,435 [INFO] [0.03s]   Category: geo - Found 24 cases, using 2
2026-05-04 00:00:37,442 [INFO] [0.04s]     [LOAD] case0001: 23 time steps, 22 samples, shape=(64, 64)
2026-05-04 00:00:37,449 [INFO] [0.05s]     [LOAD] case0002: 20 time steps, 19 samples, shape=(64, 64)
2026-05-04 00:00:37,450 [INFO] [0.05s] 
2026-05-04 00:00:37,450 [INFO] [0.05s] ------------------------------------------------------------
2026-05-04 00:00:37,451 [INFO] [0.05s] DATA LOADING SUMMARY
2026-05-04 00:00:37,452 [INFO] [0.05s] ------------------------------------------------------------
2026-05-04 00:00:37,452 [INFO] [0.05s]   Total cases loaded: 4
2026-05-04 00:00:37,452 [INFO] [0.05s]   Total cases skipped: 0
2026-05-04 00:00:37,453 [INFO] [0.05s]   Total time-step pairs: 60
2026-05-04 00:00:37,453 [INFO] [0.05s] 
2026-05-04 00:00:37,453 [INFO] [0.05s] Computing normalization statistics...
2026-05-04 00:00:37,459 [INFO] [0.06s]   U Component:
2026-05-04 00:00:37,459 [INFO] [0.06s]     mean = 0.119273
2026-05-04 00:00:37,459 [INFO] [0.06s]     std  = 1.529013
2026-05-04 00:00:37,460 [INFO] [0.06s]     min  = -4.595441
2026-05-04 00:00:37,460 [INFO] [0.06s]     max  = 10.000000
2026-05-04 00:00:37,461 [INFO] [0.06s]   V Component:
2026-05-04 00:00:37,461 [INFO] [0.06s]     mean = 0.000130
2026-05-04 00:00:37,461 [INFO] [0.06s]     std  = 1.041195
2026-05-04 00:00:37,461 [INFO] [0.06s]     min  = -6.291953
2026-05-04 00:00:37,461 [INFO] [0.06s]     max  = 4.532698
2026-05-04 00:00:37,461 [INFO] [0.06s] 
2026-05-04 00:00:37,462 [INFO] [0.06s] Normalizing data...
2026-05-04 00:00:37,465 [INFO] [0.06s]   Normalized 50/60 samples
2026-05-04 00:00:37,465 [INFO] [0.06s]   Normalization complete: 60 samples
2026-05-04 00:00:37,466 [INFO] [0.06s] 
2026-05-04 00:00:37,466 [INFO] [0.06s] ============================================================
2026-05-04 00:00:37,466 [INFO] [0.06s] DATA LOADING COMPLETE
2026-05-04 00:00:37,466 [INFO] [0.06s] ============================================================
2026-05-04 00:00:37,467 [INFO] [0.07s] === COMPLETED: Data Loading (took 0.05s) ===
2026-05-04 00:00:37,467 [INFO] [0.07s]     Details: 48 train, 12 test, 16 batches per epoch
2026-05-04 00:00:37,495 [INFO] [0.09s] Memory: CPU Memory: 159.38MB RSS
2026-05-04 00:00:37,496 [INFO] [0.09s] === STARTING: Model Creation ===
2026-05-04 00:00:37,513 [INFO] [0.11s] Model Architecture:
2026-05-04 00:00:37,514 [INFO] [0.11s]   FNO2d with modes=12, width=16
2026-05-04 00:00:37,514 [INFO] [0.11s]   Input channels: 4 (2 data + 2 coords auto-added)
2026-05-04 00:00:37,514 [INFO] [0.11s]   Output channels: 2 (u, v velocity)
2026-05-04 00:00:37,514 [INFO] [0.11s]   Total parameters: 298,642
2026-05-04 00:00:37,514 [INFO] [0.11s]   Trainable parameters: 298,642
2026-05-04 00:00:37,515 [INFO] [0.11s] 
  Layer-wise parameter count:
2026-05-04 00:00:37,515 [INFO] [0.11s]     fc0.weight: 64 params
2026-05-04 00:00:37,515 [INFO] [0.11s]     fc0.bias: 16 params
2026-05-04 00:00:37,515 [INFO] [0.11s]     conv0.weights1: 36,864 params
2026-05-04 00:00:37,516 [INFO] [0.11s]     conv0.weights2: 36,864 params
2026-05-04 00:00:37,516 [INFO] [0.11s]     conv1.weights1: 36,864 params
2026-05-04 00:00:37,516 [INFO] [0.11s]     conv1.weights2: 36,864 params
2026-05-04 00:00:37,516 [INFO] [0.11s]     conv2.weights1: 36,864 params
2026-05-04 00:00:37,516 [INFO] [0.11s]     conv2.weights2: 36,864 params
2026-05-04 00:00:37,517 [INFO] [0.12s]     conv3.weights1: 36,864 params
2026-05-04 00:00:37,517 [INFO] [0.12s]     conv3.weights2: 36,864 params
2026-05-04 00:00:37,517 [INFO] [0.12s]     w0.weight: 256 params
2026-05-04 00:00:37,517 [INFO] [0.12s]     w0.bias: 16 params
2026-05-04 00:00:37,517 [INFO] [0.12s]     w1.weight: 256 params
2026-05-04 00:00:37,518 [INFO] [0.12s]     w1.bias: 16 params
2026-05-04 00:00:37,518 [INFO] [0.12s]     w2.weight: 256 params
2026-05-04 00:00:37,518 [INFO] [0.12s]     w2.bias: 16 params
2026-05-04 00:00:37,518 [INFO] [0.12s]     w3.weight: 256 params
2026-05-04 00:00:37,518 [INFO] [0.12s]     w3.bias: 16 params
2026-05-04 00:00:37,518 [INFO] [0.12s]     bn0.weight: 16 params
2026-05-04 00:00:37,518 [INFO] [0.12s]     bn0.bias: 16 params
2026-05-04 00:00:37,520 [INFO] [0.12s]     bn1.weight: 16 params
2026-05-04 00:00:37,520 [INFO] [0.12s]     bn1.bias: 16 params
2026-05-04 00:00:37,520 [INFO] [0.12s]     bn2.weight: 16 params
2026-05-04 00:00:37,520 [INFO] [0.12s]     bn2.bias: 16 params
2026-05-04 00:00:37,520 [INFO] [0.12s]     bn3.weight: 16 params
2026-05-04 00:00:37,521 [INFO] [0.12s]     bn3.bias: 16 params
2026-05-04 00:00:37,522 [INFO] [0.12s]     fc1.weight: 2,048 params
2026-05-04 00:00:37,522 [INFO] [0.12s]     fc1.bias: 128 params
2026-05-04 00:00:37,522 [INFO] [0.12s]     fc2.weight: 256 params
2026-05-04 00:00:37,522 [INFO] [0.12s]     fc2.bias: 2 params
2026-05-04 00:00:37,522 [INFO] [0.12s] === COMPLETED: Model Creation (took 0.03s) ===
2026-05-04 00:00:37,523 [INFO] [0.12s]     Details: 298,642 parameters
2026-05-04 00:00:37,523 [INFO] [0.12s] Memory: CPU Memory: 163.35MB RSS
2026-05-04 00:00:37,523 [INFO] [0.12s] === STARTING: Optimizer Setup ===
2026-05-04 00:00:40,462 [INFO] [3.06s] Optimizer: Adam
2026-05-04 00:00:40,462 [INFO] [3.06s]   Learning rate: 0.001
2026-05-04 00:00:40,462 [INFO] [3.06s]   Weight decay: 0.0001
2026-05-04 00:00:40,462 [INFO] [3.06s] Scheduler: StepLR (step=15, gamma=0.5)
2026-05-04 00:00:40,462 [INFO] [3.06s] Loss function: MSELoss
2026-05-04 00:00:40,462 [INFO] [3.06s] === COMPLETED: Optimizer Setup (took 2.94s) ===
2026-05-04 00:00:40,462 [INFO] [3.06s] === STARTING: Training ===
2026-05-04 00:00:40,462 [INFO] [3.06s] ================================================================================
2026-05-04 00:00:40,464 [INFO] [3.06s] TRAINING PROCESS - DETAILED LOGGING
2026-05-04 00:00:40,464 [INFO] [3.06s] ================================================================================
2026-05-04 00:00:40,464 [INFO] [3.06s] 
2026-05-04 00:00:40,464 [INFO] [3.06s] Logging features enabled:
2026-05-04 00:00:40,465 [INFO] [3.06s]   - Gradient statistics: [YES]
2026-05-04 00:00:40,465 [INFO] [3.06s]   - Parameter statistics: [YES]
2026-05-04 00:00:40,465 [INFO] [3.06s]   - Tensor statistics: [YES]
2026-05-04 00:00:40,465 [INFO] [3.06s]   - Prediction samples: [YES]
2026-05-04 00:00:40,465 [INFO] [3.06s] 
2026-05-04 00:00:40,466 [INFO] [3.06s] 
================================================================================
2026-05-04 00:00:40,466 [INFO] [3.06s] [EPOCH 1/1] START
2026-05-04 00:00:40,466 [INFO] [3.06s] ================================================================================
2026-05-04 00:00:40,466 [INFO] [3.07s]   Current learning rate: 1.00e-03
2026-05-04 00:00:40,467 [INFO] [3.07s]   Number of batches: 16
2026-05-04 00:00:40,467 [INFO] [3.07s]   Memory: CPU Memory: 201.35MB RSS
2026-05-04 00:00:40,467 [INFO] [3.07s] 
2026-05-04 00:00:40,470 [INFO] [3.07s] ------------------------------------------------------------
2026-05-04 00:00:40,471 [DEBUG] [3.07s] [Batch 1/16] INPUT DATA STATS
2026-05-04 00:00:40,471 [INFO] [3.07s]   Case: cavity/bc/case0001 (t=2)
2026-05-04 00:00:40,472 [DEBUG] [3.07s]   Tensor Stats - Input (first sample):
2026-05-04 00:00:40,472 [INFO] [3.07s]     shape: (64, 64, 2)
2026-05-04 00:00:40,472 [INFO] [3.07s]     dtype: torch.float32
2026-05-04 00:00:40,472 [INFO] [3.07s]     mean: -0.029065
2026-05-04 00:00:40,472 [INFO] [3.07s]     std: 0.331639
2026-05-04 00:00:40,473 [INFO] [3.07s]     min: -1.288107
2026-05-04 00:00:40,473 [INFO] [3.07s]     max: 1.230027
2026-05-04 00:00:40,473 [INFO] [3.07s]     median: -0.043882
2026-05-04 00:00:40,473 [DEBUG] [3.07s]   Tensor Stats - Target (first sample):
2026-05-04 00:00:40,475 [INFO] [3.07s]     shape: (64, 64, 2)
2026-05-04 00:00:40,475 [INFO] [3.07s]     dtype: torch.float32
2026-05-04 00:00:40,475 [INFO] [3.07s]     mean: -0.029070
2026-05-04 00:00:40,475 [INFO] [3.07s]     std: 0.342959
2026-05-04 00:00:40,475 [INFO] [3.07s]     min: -1.287399
2026-05-04 00:00:40,475 [INFO] [3.07s]     max: 1.230027
2026-05-04 00:00:40,475 [INFO] [3.07s]     median: -0.044151
2026-05-04 00:00:40,699 [DEBUG] [3.30s] 
  [Batch 1/16] GRADIENT STATISTICS
2026-05-04 00:00:40,699 [INFO] [3.30s]   Gradient Stats:
2026-05-04 00:00:40,699 [INFO] [3.30s]     grad_norm_mean: 0.636744
2026-05-04 00:00:40,699 [INFO] [3.30s]     grad_norm_max: 2.920651
2026-05-04 00:00:40,699 [INFO] [3.30s]     grad_norm_min: 0.000000
2026-05-04 00:00:40,699 [INFO] [3.30s]     grad_mean_mean: -0.001963
2026-05-04 00:00:40,700 [INFO] [3.30s]     grad_max_max: 0.906153
2026-05-04 00:00:40,700 [INFO] [3.30s]     grad_min_min: -0.768382
2026-05-04 00:00:40,700 [INFO] [3.30s]     valid_gradients: 30
2026-05-04 00:00:40,700 [INFO] [3.30s]     invalid_gradients: 0
2026-05-04 00:00:40,730 [DEBUG] [3.33s] 
  [Batch 1/16] PARAMETER STATISTICS
2026-05-04 00:00:40,730 [INFO] [3.33s]   Param Stats:
2026-05-04 00:00:40,731 [INFO] [3.33s]     param_norm_mean: 1.518086
2026-05-04 00:00:40,731 [INFO] [3.33s]     param_norm_max: 6.573205
2026-05-04 00:00:40,731 [INFO] [3.33s]     param_means_mean: 0.125383
2026-05-04 00:00:40,731 [INFO] [3.33s] 
  [Batch 1/16] TRAINING PROGRESS
2026-05-04 00:00:40,732 [INFO] [3.33s]     Batch Loss:      1.49162805
2026-05-04 00:00:40,732 [INFO] [3.33s]     Running Avg:     1.49162805
2026-05-04 00:00:40,732 [INFO] [3.33s]     Case:            cavity/bc/case0001 (t=2)
2026-05-04 00:00:40,735 [INFO] [3.33s] ------------------------------------------------------------
2026-05-04 00:00:40,735 [DEBUG] [3.33s] [Batch 2/16] INPUT DATA STATS
2026-05-04 00:00:40,736 [INFO] [3.33s]   Case: cavity/geo/case0001 (t=5)
2026-05-04 00:00:40,736 [DEBUG] [3.34s]   Tensor Stats - Input (first sample):
2026-05-04 00:00:40,737 [INFO] [3.34s]     shape: (64, 64, 2)
2026-05-04 00:00:40,737 [INFO] [3.34s]     dtype: torch.float32
2026-05-04 00:00:40,737 [INFO] [3.34s]     mean: 0.015661
2026-05-04 00:00:40,737 [INFO] [3.34s]     std: 1.241313
2026-05-04 00:00:40,737 [INFO] [3.34s]     min: -5.871435
2026-05-04 00:00:40,737 [INFO] [3.34s]     max: 6.462160
2026-05-04 00:00:40,737 [INFO] [3.34s]     median: -0.020748
2026-05-04 00:00:40,740 [DEBUG] [3.34s]   Tensor Stats - Target (first sample):
2026-05-04 00:00:40,740 [INFO] [3.34s]     shape: (64, 64, 2)
2026-05-04 00:00:40,740 [INFO] [3.34s]     dtype: torch.float32
2026-05-04 00:00:40,740 [INFO] [3.34s]     mean: 0.015545
2026-05-04 00:00:40,740 [INFO] [3.34s]     std: 1.262233
2026-05-04 00:00:40,740 [INFO] [3.34s]     min: -5.903244
2026-05-04 00:00:40,741 [INFO] [3.34s]     max: 6.462160
2026-05-04 00:00:40,741 [INFO] [3.34s]     median: -0.019168
2026-05-04 00:00:40,881 [DEBUG] [3.48s] 
  [Batch 2/16] GRADIENT STATISTICS
2026-05-04 00:00:40,881 [INFO] [3.48s]   Gradient Stats:
2026-05-04 00:00:40,881 [INFO] [3.48s]     grad_norm_mean: 0.297999
2026-05-04 00:00:40,881 [INFO] [3.48s]     grad_norm_max: 1.517271
2026-05-04 00:00:40,881 [INFO] [3.48s]     grad_norm_min: 0.000000
2026-05-04 00:00:40,881 [INFO] [3.48s]     grad_mean_mean: -0.000857
2026-05-04 00:00:40,882 [INFO] [3.48s]     grad_max_max: 0.433911
2026-05-04 00:00:40,882 [INFO] [3.48s]     grad_min_min: -0.341967
2026-05-04 00:00:40,882 [INFO] [3.48s]     valid_gradients: 30
2026-05-04 00:00:40,882 [INFO] [3.48s]     invalid_gradients: 0
2026-05-04 00:00:40,909 [DEBUG] [3.51s] 
  [Batch 2/16] PARAMETER STATISTICS
2026-05-04 00:00:40,909 [INFO] [3.51s]   Param Stats:
2026-05-04 00:00:40,909 [INFO] [3.51s]     param_norm_mean: 1.538050
2026-05-04 00:00:40,910 [INFO] [3.51s]     param_norm_max: 6.572769
2026-05-04 00:00:40,910 [INFO] [3.51s]     param_means_mean: 0.125469
2026-05-04 00:00:40,910 [INFO] [3.51s] 
  [Batch 2/16] TRAINING PROGRESS
2026-05-04 00:00:40,910 [INFO] [3.51s]     Batch Loss:      0.56277293
2026-05-04 00:00:40,911 [INFO] [3.51s]     Running Avg:     1.02720049
2026-05-04 00:00:40,911 [INFO] [3.51s]     Case:            cavity/geo/case0001 (t=5)
2026-05-04 00:00:40,916 [INFO] [3.52s] ------------------------------------------------------------
2026-05-04 00:00:40,917 [DEBUG] [3.52s] [Batch 3/16] INPUT DATA STATS
2026-05-04 00:00:40,917 [INFO] [3.52s]   Case: cavity/geo/case0002 (t=16)
2026-05-04 00:00:40,919 [DEBUG] [3.52s]   Tensor Stats - Input (first sample):
2026-05-04 00:00:40,919 [INFO] [3.52s]     shape: (64, 64, 2)
2026-05-04 00:00:40,919 [INFO] [3.52s]     dtype: torch.float32
2026-05-04 00:00:40,919 [INFO] [3.52s]     mean: 0.014878
2026-05-04 00:00:40,920 [INFO] [3.52s]     std: 1.160731
2026-05-04 00:00:40,920 [INFO] [3.52s]     min: -6.037682
2026-05-04 00:00:40,920 [INFO] [3.52s]     max: 6.462160
2026-05-04 00:00:40,920 [INFO] [3.52s]     median: -0.038272
2026-05-04 00:00:40,921 [DEBUG] [3.52s]   Tensor Stats - Target (first sample):
2026-05-04 00:00:40,921 [INFO] [3.52s]     shape: (64, 64, 2)
2026-05-04 00:00:40,922 [INFO] [3.52s]     dtype: torch.float32
2026-05-04 00:00:40,922 [INFO] [3.52s]     mean: 0.014877
2026-05-04 00:00:40,922 [INFO] [3.52s]     std: 1.163145
2026-05-04 00:00:40,922 [INFO] [3.52s]     min: -6.039853
2026-05-04 00:00:40,923 [INFO] [3.52s]     max: 6.462160
2026-05-04 00:00:40,923 [INFO] [3.52s]     median: -0.038311
2026-05-04 00:00:41,063 [DEBUG] [3.66s] 
  [Batch 3/16] GRADIENT STATISTICS
2026-05-04 00:00:41,064 [INFO] [3.66s]   Gradient Stats:
2026-05-04 00:00:41,064 [INFO] [3.66s]     grad_norm_mean: 0.292740
2026-05-04 00:00:41,064 [INFO] [3.66s]     grad_norm_max: 1.870082
2026-05-04 00:00:41,064 [INFO] [3.66s]     grad_norm_min: 0.000000
2026-05-04 00:00:41,065 [INFO] [3.66s]     grad_mean_mean: -0.001934
2026-05-04 00:00:41,065 [INFO] [3.66s]     grad_max_max: 0.357941
2026-05-04 00:00:41,065 [INFO] [3.66s]     grad_min_min: -0.403899
2026-05-04 00:00:41,065 [INFO] [3.66s]     valid_gradients: 30
2026-05-04 00:00:41,065 [INFO] [3.66s]     invalid_gradients: 0
2026-05-04 00:00:41,086 [DEBUG] [3.68s] 
  [Batch 3/16] PARAMETER STATISTICS
2026-05-04 00:00:41,086 [INFO] [3.68s]   Param Stats:
2026-05-04 00:00:41,086 [INFO] [3.68s]     param_norm_mean: 1.560347
2026-05-04 00:00:41,087 [INFO] [3.69s]     param_norm_max: 6.572968
2026-05-04 00:00:41,087 [INFO] [3.69s]     param_means_mean: 0.125581
2026-05-04 00:00:41,087 [INFO] [3.69s] 
  [Batch 3/16] TRAINING PROGRESS
2026-05-04 00:00:41,087 [INFO] [3.69s]     Batch Loss:      0.85222453
2026-05-04 00:00:41,087 [INFO] [3.69s]     Running Avg:     0.96887517
2026-05-04 00:00:41,087 [INFO] [3.69s]     Case:            cavity/geo/case0002 (t=16)
2026-05-04 00:00:41,091 [INFO] [3.69s] ------------------------------------------------------------
2026-05-04 00:00:41,091 [DEBUG] [3.69s] [Batch 4/16] INPUT DATA STATS
2026-05-04 00:00:41,091 [INFO] [3.69s]   Case: cavity/geo/case0001 (t=0)
2026-05-04 00:00:41,092 [DEBUG] [3.69s]   Tensor Stats - Input (first sample):
2026-05-04 00:00:41,092 [INFO] [3.69s]     shape: (64, 64, 2)
2026-05-04 00:00:41,093 [INFO] [3.69s]     dtype: torch.float32
2026-05-04 00:00:41,094 [INFO] [3.69s]     mean: 0.015790
2026-05-04 00:00:41,094 [INFO] [3.69s]     std: 1.006671
2026-05-04 00:00:41,094 [INFO] [3.69s]     min: -5.547994
2026-05-04 00:00:41,094 [INFO] [3.69s]     max: 6.462160
2026-05-04 00:00:41,095 [INFO] [3.69s]     median: -0.025666
2026-05-04 00:00:41,096 [DEBUG] [3.69s]   Tensor Stats - Target (first sample):
2026-05-04 00:00:41,096 [INFO] [3.69s]     shape: (64, 64, 2)
2026-05-04 00:00:41,097 [INFO] [3.70s]     dtype: torch.float32
2026-05-04 00:00:41,098 [INFO] [3.70s]     mean: 0.015771
2026-05-04 00:00:41,098 [INFO] [3.70s]     std: 1.108773
2026-05-04 00:00:41,098 [INFO] [3.70s]     min: -5.616404
2026-05-04 00:00:41,098 [INFO] [3.70s]     max: 6.462160
2026-05-04 00:00:41,099 [INFO] [3.70s]     median: -0.018581
2026-05-04 00:00:41,260 [DEBUG] [3.86s] 
  [Batch 4/16] GRADIENT STATISTICS
2026-05-04 00:00:41,260 [INFO] [3.86s]   Gradient Stats:
2026-05-04 00:00:41,260 [INFO] [3.86s]     grad_norm_mean: 0.148501
2026-05-04 00:00:41,260 [INFO] [3.86s]     grad_norm_max: 1.015715
2026-05-04 00:00:41,260 [INFO] [3.86s]     grad_norm_min: 0.000000
2026-05-04 00:00:41,260 [INFO] [3.86s]     grad_mean_mean: -0.001290
2026-05-04 00:00:41,262 [INFO] [3.86s]     grad_max_max: 0.201560
2026-05-04 00:00:41,263 [INFO] [3.86s]     grad_min_min: -0.199832
2026-05-04 00:00:41,263 [INFO] [3.86s]     valid_gradients: 30
2026-05-04 00:00:41,263 [INFO] [3.86s]     invalid_gradients: 0
2026-05-04 00:00:41,284 [DEBUG] [3.88s] 
  [Batch 4/16] PARAMETER STATISTICS
2026-05-04 00:00:41,285 [INFO] [3.88s]   Param Stats:
2026-05-04 00:00:41,285 [INFO] [3.88s]     param_norm_mean: 1.582140
2026-05-04 00:00:41,285 [INFO] [3.88s]     param_norm_max: 6.573453
2026-05-04 00:00:41,285 [INFO] [3.88s]     param_means_mean: 0.125698
2026-05-04 00:00:41,286 [INFO] [3.88s] 
  [Batch 4/16] TRAINING PROGRESS
2026-05-04 00:00:41,286 [INFO] [3.88s]     Batch Loss:      0.29052705
2026-05-04 00:00:41,286 [INFO] [3.88s]     Running Avg:     0.79928814
2026-05-04 00:00:41,286 [INFO] [3.88s]     Case:            cavity/geo/case0001 (t=0)
2026-05-04 00:00:41,288 [INFO] [3.89s] ------------------------------------------------------------
2026-05-04 00:00:41,288 [DEBUG] [3.89s] [Batch 5/16] INPUT DATA STATS
2026-05-04 00:00:41,289 [INFO] [3.89s]   Case: cavity/bc/case0001 (t=5)
2026-05-04 00:00:41,290 [DEBUG] [3.89s]   Tensor Stats - Input (first sample):
2026-05-04 00:00:41,290 [INFO] [3.89s]     shape: (64, 64, 2)
2026-05-04 00:00:41,290 [INFO] [3.89s]     dtype: torch.float32
2026-05-04 00:00:41,290 [INFO] [3.89s]     mean: -0.029075
2026-05-04 00:00:41,290 [INFO] [3.89s]     std: 0.354091
2026-05-04 00:00:41,291 [INFO] [3.89s]     min: -1.285388
2026-05-04 00:00:41,291 [INFO] [3.89s]     max: 1.230027
2026-05-04 00:00:41,291 [INFO] [3.89s]     median: -0.043878
2026-05-04 00:00:41,292 [DEBUG] [3.89s]   Tensor Stats - Target (first sample):
2026-05-04 00:00:41,292 [INFO] [3.89s]     shape: (64, 64, 2)
2026-05-04 00:00:41,292 [INFO] [3.89s]     dtype: torch.float32
2026-05-04 00:00:41,293 [INFO] [3.89s]     mean: -0.029077
2026-05-04 00:00:41,293 [INFO] [3.89s]     std: 0.357040
2026-05-04 00:00:41,294 [INFO] [3.89s]     min: -1.284735
2026-05-04 00:00:41,295 [INFO] [3.89s]     max: 1.230027
2026-05-04 00:00:41,295 [INFO] [3.89s]     median: -0.043447
2026-05-04 00:00:41,452 [DEBUG] [4.05s] 
  [Batch 5/16] GRADIENT STATISTICS
2026-05-04 00:00:41,452 [INFO] [4.05s]   Gradient Stats:
2026-05-04 00:00:41,452 [INFO] [4.05s]     grad_norm_mean: 0.108262
2026-05-04 00:00:41,452 [INFO] [4.05s]     grad_norm_max: 0.805037
2026-05-04 00:00:41,452 [INFO] [4.05s]     grad_norm_min: 0.000000
2026-05-04 00:00:41,452 [INFO] [4.05s]     grad_mean_mean: -0.001479
2026-05-04 00:00:41,453 [INFO] [4.05s]     grad_max_max: 0.171314
2026-05-04 00:00:41,453 [INFO] [4.05s]     grad_min_min: -0.155419
2026-05-04 00:00:41,453 [INFO] [4.05s]     valid_gradients: 30
2026-05-04 00:00:41,453 [INFO] [4.05s]     invalid_gradients: 0
2026-05-04 00:00:41,478 [DEBUG] [4.08s] 
  [Batch 5/16] PARAMETER STATISTICS
2026-05-04 00:00:41,478 [INFO] [4.08s]   Param Stats:
2026-05-04 00:00:41,479 [INFO] [4.08s]     param_norm_mean: 1.602883
2026-05-04 00:00:41,479 [INFO] [4.08s]     param_norm_max: 6.574168
2026-05-04 00:00:41,479 [INFO] [4.08s]     param_means_mean: 0.125815
2026-05-04 00:00:41,479 [INFO] [4.08s] 
  [Batch 5/16] TRAINING PROGRESS
2026-05-04 00:00:41,479 [INFO] [4.08s]     Batch Loss:      0.21845657
2026-05-04 00:00:41,480 [INFO] [4.08s]     Running Avg:     0.68312182
2026-05-04 00:00:41,480 [INFO] [4.08s]     Case:            cavity/bc/case0001 (t=5)
2026-05-04 00:00:41,481 [DEBUG] [4.08s] 
  [Batch 5/16] PREDICTION SAMPLE
2026-05-04 00:00:41,482 [INFO] [4.08s]     Sample: cavity/bc/case0001 (t=5)
2026-05-04 00:00:41,483 [INFO] [4.08s]     Predicted U stats:  mean=-0.090513, std=0.071235
2026-05-04 00:00:41,483 [INFO] [4.08s]     Target U stats:     mean=-0.057780, std=0.317674
2026-05-04 00:00:41,484 [INFO] [4.08s]     Predicted V stats:  mean=-0.063131, std=0.083929
2026-05-04 00:00:41,484 [INFO] [4.08s]     Target V stats:     mean=-0.000374, std=0.390333
2026-05-04 00:00:41,484 [INFO] [4.08s]     Sample MSE (U): 0.07232031
2026-05-04 00:00:41,485 [INFO] [4.08s]     Sample MSE (V): 0.11957917
2026-05-04 00:00:41,486 [INFO] [4.08s] ------------------------------------------------------------
2026-05-04 00:00:41,486 [DEBUG] [4.08s] [Batch 6/16] INPUT DATA STATS
2026-05-04 00:00:41,487 [INFO] [4.09s]   Case: cavity/geo/case0001 (t=4)
2026-05-04 00:00:41,488 [DEBUG] [4.09s]   Tensor Stats - Input (first sample):
2026-05-04 00:00:41,488 [INFO] [4.09s]     shape: (64, 64, 2)
2026-05-04 00:00:41,489 [INFO] [4.09s]     dtype: torch.float32
2026-05-04 00:00:41,489 [INFO] [4.09s]     mean: 0.015804
2026-05-04 00:00:41,489 [INFO] [4.09s]     std: 1.216504
2026-05-04 00:00:41,489 [INFO] [4.09s]     min: -5.829448
2026-05-04 00:00:41,489 [INFO] [4.09s]     max: 6.462160
2026-05-04 00:00:41,489 [INFO] [4.09s]     median: -0.019561
2026-05-04 00:00:41,491 [DEBUG] [4.09s]   Tensor Stats - Target (first sample):
2026-05-04 00:00:41,491 [INFO] [4.09s]     shape: (64, 64, 2)
2026-05-04 00:00:41,491 [INFO] [4.09s]     dtype: torch.float32
2026-05-04 00:00:41,492 [INFO] [4.09s]     mean: 0.015661
2026-05-04 00:00:41,492 [INFO] [4.09s]     std: 1.241313
2026-05-04 00:00:41,492 [INFO] [4.09s]     min: -5.871435
2026-05-04 00:00:41,493 [INFO] [4.09s]     max: 6.462160
2026-05-04 00:00:41,493 [INFO] [4.09s]     median: -0.020748
2026-05-04 00:00:41,615 [DEBUG] [4.21s] 
  [Batch 6/16] GRADIENT STATISTICS
2026-05-04 00:00:41,616 [INFO] [4.21s]   Gradient Stats:
2026-05-04 00:00:41,616 [INFO] [4.21s]     grad_norm_mean: 0.191300
2026-05-04 00:00:41,616 [INFO] [4.21s]     grad_norm_max: 1.573426
2026-05-04 00:00:41,616 [INFO] [4.21s]     grad_norm_min: 0.000000
2026-05-04 00:00:41,616 [INFO] [4.21s]     grad_mean_mean: -0.002501
2026-05-04 00:00:41,617 [INFO] [4.22s]     grad_max_max: 0.338543
2026-05-04 00:00:41,617 [INFO] [4.22s]     grad_min_min: -0.291806
2026-05-04 00:00:41,617 [INFO] [4.22s]     valid_gradients: 30
2026-05-04 00:00:41,617 [INFO] [4.22s]     invalid_gradients: 0
2026-05-04 00:00:41,640 [DEBUG] [4.24s] 
  [Batch 6/16] PARAMETER STATISTICS
2026-05-04 00:00:41,640 [INFO] [4.24s]   Param Stats:
2026-05-04 00:00:41,640 [INFO] [4.24s]     param_norm_mean: 1.622712
2026-05-04 00:00:41,641 [INFO] [4.24s]     param_norm_max: 6.575356
2026-05-04 00:00:41,641 [INFO] [4.24s]     param_means_mean: 0.125933
2026-05-04 00:00:41,641 [INFO] [4.24s] 
  [Batch 6/16] TRAINING PROGRESS
2026-05-04 00:00:41,642 [INFO] [4.24s]     Batch Loss:      0.58087188
2026-05-04 00:00:41,642 [INFO] [4.24s]     Running Avg:     0.66608017
2026-05-04 00:00:41,642 [INFO] [4.24s]     Case:            cavity/geo/case0001 (t=4)
2026-05-04 00:00:41,644 [INFO] [4.24s] ------------------------------------------------------------
2026-05-04 00:00:41,644 [DEBUG] [4.24s] [Batch 7/16] INPUT DATA STATS
2026-05-04 00:00:41,645 [INFO] [4.24s]   Case: cavity/geo/case0002 (t=10)
2026-05-04 00:00:41,646 [DEBUG] [4.24s]   Tensor Stats - Input (first sample):
2026-05-04 00:00:41,646 [INFO] [4.24s]     shape: (64, 64, 2)
2026-05-04 00:00:41,646 [INFO] [4.24s]     dtype: torch.float32
2026-05-04 00:00:41,646 [INFO] [4.24s]     mean: 0.014903
2026-05-04 00:00:41,647 [INFO] [4.25s]     std: 1.131254
2026-05-04 00:00:41,647 [INFO] [4.25s]     min: -6.005840
2026-05-04 00:00:41,647 [INFO] [4.25s]     max: 6.462160
2026-05-04 00:00:41,647 [INFO] [4.25s]     median: -0.037786
2026-05-04 00:00:41,649 [DEBUG] [4.25s]   Tensor Stats - Target (first sample):
2026-05-04 00:00:41,649 [INFO] [4.25s]     shape: (64, 64, 2)
2026-05-04 00:00:41,649 [INFO] [4.25s]     dtype: torch.float32
2026-05-04 00:00:41,650 [INFO] [4.25s]     mean: 0.014893
2026-05-04 00:00:41,650 [INFO] [4.25s]     std: 1.138756
2026-05-04 00:00:41,650 [INFO] [4.25s]     min: -6.015213
2026-05-04 00:00:41,650 [INFO] [4.25s]     max: 6.462160
2026-05-04 00:00:41,650 [INFO] [4.25s]     median: -0.037641
2026-05-04 00:00:41,804 [DEBUG] [4.40s] 
  [Batch 7/16] GRADIENT STATISTICS
2026-05-04 00:00:41,804 [INFO] [4.40s]   Gradient Stats:
2026-05-04 00:00:41,805 [INFO] [4.40s]     grad_norm_mean: 0.217218
2026-05-04 00:00:41,805 [INFO] [4.40s]     grad_norm_max: 1.919699
2026-05-04 00:00:41,805 [INFO] [4.40s]     grad_norm_min: 0.000000
2026-05-04 00:00:41,805 [INFO] [4.40s]     grad_mean_mean: -0.003230
2026-05-04 00:00:41,805 [INFO] [4.40s]     grad_max_max: 0.379164
2026-05-04 00:00:41,806 [INFO] [4.40s]     grad_min_min: -0.406665
2026-05-04 00:00:41,806 [INFO] [4.40s]     valid_gradients: 30
2026-05-04 00:00:41,806 [INFO] [4.40s]     invalid_gradients: 0
2026-05-04 00:00:41,835 [DEBUG] [4.43s] 
  [Batch 7/16] PARAMETER STATISTICS
2026-05-04 00:00:41,835 [INFO] [4.44s]   Param Stats:
2026-05-04 00:00:41,837 [INFO] [4.44s]     param_norm_mean: 1.641563
2026-05-04 00:00:41,837 [INFO] [4.44s]     param_norm_max: 6.576856
2026-05-04 00:00:41,837 [INFO] [4.44s]     param_means_mean: 0.126047
2026-05-04 00:00:41,837 [INFO] [4.44s] 
  [Batch 7/16] TRAINING PROGRESS
2026-05-04 00:00:41,839 [INFO] [4.44s]     Batch Loss:      0.67980719
2026-05-04 00:00:41,839 [INFO] [4.44s]     Running Avg:     0.66804117
2026-05-04 00:00:41,839 [INFO] [4.44s]     Case:            cavity/geo/case0002 (t=10)
2026-05-04 00:00:41,842 [INFO] [4.44s] ------------------------------------------------------------
2026-05-04 00:00:41,843 [DEBUG] [4.44s] [Batch 8/16] INPUT DATA STATS
2026-05-04 00:00:41,843 [INFO] [4.44s]   Case: cavity/geo/case0001 (t=6)
2026-05-04 00:00:41,844 [DEBUG] [4.44s]   Tensor Stats - Input (first sample):
2026-05-04 00:00:41,845 [INFO] [4.44s]     shape: (64, 64, 2)
2026-05-04 00:00:41,845 [INFO] [4.44s]     dtype: torch.float32
2026-05-04 00:00:41,845 [INFO] [4.44s]     mean: 0.015545
2026-05-04 00:00:41,845 [INFO] [4.44s]     std: 1.262233
2026-05-04 00:00:41,846 [INFO] [4.44s]     min: -5.903244
2026-05-04 00:00:41,846 [INFO] [4.44s]     max: 6.462160
2026-05-04 00:00:41,846 [INFO] [4.44s]     median: -0.019168
2026-05-04 00:00:41,848 [DEBUG] [4.45s]   Tensor Stats - Target (first sample):
2026-05-04 00:00:41,848 [INFO] [4.45s]     shape: (64, 64, 2)
2026-05-04 00:00:41,848 [INFO] [4.45s]     dtype: torch.float32
2026-05-04 00:00:41,848 [INFO] [4.45s]     mean: 0.015470
2026-05-04 00:00:41,848 [INFO] [4.45s]     std: 1.279861
2026-05-04 00:00:41,848 [INFO] [4.45s]     min: -5.927436
2026-05-04 00:00:41,849 [INFO] [4.45s]     max: 6.462160
2026-05-04 00:00:41,849 [INFO] [4.45s]     median: -0.019720
2026-05-04 00:00:42,016 [DEBUG] [4.62s] 
  [Batch 8/16] GRADIENT STATISTICS
2026-05-04 00:00:42,017 [INFO] [4.62s]   Gradient Stats:
2026-05-04 00:00:42,017 [INFO] [4.62s]     grad_norm_mean: 0.171247
2026-05-04 00:00:42,017 [INFO] [4.62s]     grad_norm_max: 1.469732
2026-05-04 00:00:42,017 [INFO] [4.62s]     grad_norm_min: 0.000000
2026-05-04 00:00:42,017 [INFO] [4.62s]     grad_mean_mean: -0.002509
2026-05-04 00:00:42,018 [INFO] [4.62s]     grad_max_max: 0.317715
2026-05-04 00:00:42,018 [INFO] [4.62s]     grad_min_min: -0.270972
2026-05-04 00:00:42,019 [INFO] [4.62s]     valid_gradients: 30
2026-05-04 00:00:42,019 [INFO] [4.62s]     invalid_gradients: 0
2026-05-04 00:00:42,042 [DEBUG] [4.64s] 
  [Batch 8/16] PARAMETER STATISTICS
2026-05-04 00:00:42,042 [INFO] [4.64s]   Param Stats:
2026-05-04 00:00:42,043 [INFO] [4.64s]     param_norm_mean: 1.659960
2026-05-04 00:00:42,044 [INFO] [4.64s]     param_norm_max: 6.578737
2026-05-04 00:00:42,044 [INFO] [4.64s]     param_means_mean: 0.126163
2026-05-04 00:00:42,045 [INFO] [4.64s] 
  [Batch 8/16] TRAINING PROGRESS
2026-05-04 00:00:42,045 [INFO] [4.64s]     Batch Loss:      0.48201701
2026-05-04 00:00:42,045 [INFO] [4.64s]     Running Avg:     0.64478815
2026-05-04 00:00:42,046 [INFO] [4.64s]     Case:            cavity/geo/case0001 (t=6)
2026-05-04 00:00:42,047 [INFO] [4.65s] ------------------------------------------------------------
2026-05-04 00:00:42,047 [DEBUG] [4.65s] [Batch 9/16] INPUT DATA STATS
2026-05-04 00:00:42,048 [INFO] [4.65s]   Case: cavity/bc/case0001 (t=3)
2026-05-04 00:00:42,049 [DEBUG] [4.65s]   Tensor Stats - Input (first sample):
2026-05-04 00:00:42,049 [INFO] [4.65s]     shape: (64, 64, 2)
2026-05-04 00:00:42,049 [INFO] [4.65s]     dtype: torch.float32
2026-05-04 00:00:42,049 [INFO] [4.65s]     mean: -0.029070
2026-05-04 00:00:42,050 [INFO] [4.65s]     std: 0.342959
2026-05-04 00:00:42,050 [INFO] [4.65s]     min: -1.287399
2026-05-04 00:00:42,050 [INFO] [4.65s]     max: 1.230027
2026-05-04 00:00:42,050 [INFO] [4.65s]     median: -0.044151
2026-05-04 00:00:42,051 [DEBUG] [4.65s]   Tensor Stats - Target (first sample):
2026-05-04 00:00:42,051 [INFO] [4.65s]     shape: (64, 64, 2)
2026-05-04 00:00:42,051 [INFO] [4.65s]     dtype: torch.float32
2026-05-04 00:00:42,051 [INFO] [4.65s]     mean: -0.029073
2026-05-04 00:00:42,053 [INFO] [4.65s]     std: 0.349710
2026-05-04 00:00:42,053 [INFO] [4.65s]     min: -1.286291
2026-05-04 00:00:42,053 [INFO] [4.65s]     max: 1.230027
2026-05-04 00:00:42,054 [INFO] [4.65s]     median: -0.043582
2026-05-04 00:00:42,235 [DEBUG] [4.83s] 
  [Batch 9/16] GRADIENT STATISTICS
2026-05-04 00:00:42,235 [INFO] [4.83s]   Gradient Stats:
2026-05-04 00:00:42,235 [INFO] [4.83s]     grad_norm_mean: 0.121152
2026-05-04 00:00:42,235 [INFO] [4.83s]     grad_norm_max: 1.154354
2026-05-04 00:00:42,236 [INFO] [4.83s]     grad_norm_min: 0.000000
2026-05-04 00:00:42,236 [INFO] [4.83s]     grad_mean_mean: -0.002366
2026-05-04 00:00:42,236 [INFO] [4.83s]     grad_max_max: 0.225924
2026-05-04 00:00:42,236 [INFO] [4.83s]     grad_min_min: -0.230871
2026-05-04 00:00:42,236 [INFO] [4.84s]     valid_gradients: 30
2026-05-04 00:00:42,237 [INFO] [4.84s]     invalid_gradients: 0
2026-05-04 00:00:42,266 [DEBUG] [4.87s] 
  [Batch 9/16] PARAMETER STATISTICS
2026-05-04 00:00:42,267 [INFO] [4.87s]   Param Stats:
2026-05-04 00:00:42,267 [INFO] [4.87s]     param_norm_mean: 1.678000
2026-05-04 00:00:42,267 [INFO] [4.87s]     param_norm_max: 6.580892
2026-05-04 00:00:42,267 [INFO] [4.87s]     param_means_mean: 0.126279
2026-05-04 00:00:42,267 [INFO] [4.87s] 
  [Batch 9/16] TRAINING PROGRESS
2026-05-04 00:00:42,267 [INFO] [4.87s]     Batch Loss:      0.28641164
2026-05-04 00:00:42,267 [INFO] [4.87s]     Running Avg:     0.60496854
2026-05-04 00:00:42,269 [INFO] [4.87s]     Case:            cavity/bc/case0001 (t=3)
2026-05-04 00:00:42,271 [INFO] [4.87s] ------------------------------------------------------------
2026-05-04 00:00:42,271 [DEBUG] [4.87s] [Batch 10/16] INPUT DATA STATS
2026-05-04 00:00:42,271 [INFO] [4.87s]   Case: cavity/geo/case0002 (t=13)
2026-05-04 00:00:42,271 [DEBUG] [4.87s]   Tensor Stats - Input (first sample):
2026-05-04 00:00:42,272 [INFO] [4.87s]     shape: (64, 64, 2)
2026-05-04 00:00:42,272 [INFO] [4.87s]     dtype: torch.float32
2026-05-04 00:00:42,272 [INFO] [4.87s]     mean: 0.014883
2026-05-04 00:00:42,272 [INFO] [4.87s]     std: 1.150095
2026-05-04 00:00:42,273 [INFO] [4.87s]     min: -6.027620
2026-05-04 00:00:42,273 [INFO] [4.87s]     max: 6.462160
2026-05-04 00:00:42,273 [INFO] [4.87s]     median: -0.038035
2026-05-04 00:00:42,274 [DEBUG] [4.87s]   Tensor Stats - Target (first sample):
2026-05-04 00:00:42,274 [INFO] [4.87s]     shape: (64, 64, 2)
2026-05-04 00:00:42,274 [INFO] [4.87s]     dtype: torch.float32
2026-05-04 00:00:42,275 [INFO] [4.87s]     mean: 0.014881
2026-05-04 00:00:42,275 [INFO] [4.87s]     std: 1.154323
2026-05-04 00:00:42,275 [INFO] [4.87s]     min: -6.031734
2026-05-04 00:00:42,276 [INFO] [4.87s]     max: 6.462160
2026-05-04 00:00:42,276 [INFO] [4.88s]     median: -0.038432
2026-05-04 00:00:42,493 [DEBUG] [5.09s] 
  [Batch 10/16] GRADIENT STATISTICS
2026-05-04 00:00:42,494 [INFO] [5.09s]   Gradient Stats:
2026-05-04 00:00:42,494 [INFO] [5.09s]     grad_norm_mean: 0.199724
2026-05-04 00:00:42,494 [INFO] [5.09s]     grad_norm_max: 1.992622
2026-05-04 00:00:42,494 [INFO] [5.09s]     grad_norm_min: 0.000000
2026-05-04 00:00:42,494 [INFO] [5.09s]     grad_mean_mean: -0.003517
2026-05-04 00:00:42,496 [INFO] [5.09s]     grad_max_max: 0.400982
2026-05-04 00:00:42,496 [INFO] [5.09s]     grad_min_min: -0.402554
2026-05-04 00:00:42,496 [INFO] [5.09s]     valid_gradients: 30
2026-05-04 00:00:42,496 [INFO] [5.09s]     invalid_gradients: 0
2026-05-04 00:00:42,521 [DEBUG] [5.12s] 
  [Batch 10/16] PARAMETER STATISTICS
2026-05-04 00:00:42,521 [INFO] [5.12s]   Param Stats:
2026-05-04 00:00:42,522 [INFO] [5.12s]     param_norm_mean: 1.695185
2026-05-04 00:00:42,522 [INFO] [5.12s]     param_norm_max: 6.583444
2026-05-04 00:00:42,522 [INFO] [5.12s]     param_means_mean: 0.126395
2026-05-04 00:00:42,522 [INFO] [5.12s] 
  [Batch 10/16] TRAINING PROGRESS
2026-05-04 00:00:42,523 [INFO] [5.12s]     Batch Loss:      0.67664343
2026-05-04 00:00:42,523 [INFO] [5.12s]     Running Avg:     0.61213603
2026-05-04 00:00:42,523 [INFO] [5.12s]     Case:            cavity/geo/case0002 (t=13)
2026-05-04 00:00:42,523 [DEBUG] [5.12s] 
  [Batch 10/16] PREDICTION SAMPLE
2026-05-04 00:00:42,524 [INFO] [5.12s]     Sample: cavity/geo/case0002 (t=13)
2026-05-04 00:00:42,524 [INFO] [5.12s]     Predicted U stats:  mean=-0.001804, std=0.497941
2026-05-04 00:00:42,525 [INFO] [5.12s]     Target U stats:     mean=0.029592, std=1.177085
2026-05-04 00:00:42,525 [INFO] [5.12s]     Predicted V stats:  mean=-0.082137, std=0.356388
2026-05-04 00:00:42,525 [INFO] [5.12s]     Target V stats:     mean=0.000170, std=1.130768
2026-05-04 00:00:42,526 [INFO] [5.12s]     Sample MSE (U): 0.56059307
2026-05-04 00:00:42,526 [INFO] [5.12s]     Sample MSE (V): 0.64960653
2026-05-04 00:00:42,529 [INFO] [5.13s] ------------------------------------------------------------
2026-05-04 00:00:42,529 [DEBUG] [5.13s] [Batch 11/16] INPUT DATA STATS
2026-05-04 00:00:42,530 [INFO] [5.13s]   Case: cavity/geo/case0001 (t=19)
2026-05-04 00:00:42,531 [DEBUG] [5.13s]   Tensor Stats - Input (first sample):
2026-05-04 00:00:42,531 [INFO] [5.13s]     shape: (64, 64, 2)
2026-05-04 00:00:42,531 [INFO] [5.13s]     dtype: torch.float32
2026-05-04 00:00:42,531 [INFO] [5.13s]     mean: 0.015377
2026-05-04 00:00:42,532 [INFO] [5.13s]     std: 1.361713
2026-05-04 00:00:42,532 [INFO] [5.13s]     min: -6.031278
2026-05-04 00:00:42,532 [INFO] [5.13s]     max: 6.462160
2026-05-04 00:00:42,532 [INFO] [5.13s]     median: -0.017854
2026-05-04 00:00:42,534 [DEBUG] [5.13s]   Tensor Stats - Target (first sample):
2026-05-04 00:00:42,534 [INFO] [5.13s]     shape: (64, 64, 2)
2026-05-04 00:00:42,535 [INFO] [5.13s]     dtype: torch.float32
2026-05-04 00:00:42,535 [INFO] [5.13s]     mean: 0.015372
2026-05-04 00:00:42,535 [INFO] [5.13s]     std: 1.364150
2026-05-04 00:00:42,535 [INFO] [5.13s]     min: -6.033597
2026-05-04 00:00:42,535 [INFO] [5.13s]     max: 6.462160
2026-05-04 00:00:42,535 [INFO] [5.13s]     median: -0.017636
2026-05-04 00:00:42,697 [DEBUG] [5.30s] 
  [Batch 11/16] GRADIENT STATISTICS
2026-05-04 00:00:42,697 [INFO] [5.30s]   Gradient Stats:
2026-05-04 00:00:42,697 [INFO] [5.30s]     grad_norm_mean: 0.142251
2026-05-04 00:00:42,699 [INFO] [5.30s]     grad_norm_max: 1.341903
2026-05-04 00:00:42,699 [INFO] [5.30s]     grad_norm_min: 0.000000
2026-05-04 00:00:42,699 [INFO] [5.30s]     grad_mean_mean: -0.002433
2026-05-04 00:00:42,699 [INFO] [5.30s]     grad_max_max: 0.264264
2026-05-04 00:00:42,700 [INFO] [5.30s]     grad_min_min: -0.281923
2026-05-04 00:00:42,700 [INFO] [5.30s]     valid_gradients: 30
2026-05-04 00:00:42,700 [INFO] [5.30s]     invalid_gradients: 0
2026-05-04 00:00:42,725 [DEBUG] [5.32s] 
  [Batch 11/16] PARAMETER STATISTICS
2026-05-04 00:00:42,725 [INFO] [5.32s]   Param Stats:
2026-05-04 00:00:42,725 [INFO] [5.32s]     param_norm_mean: 1.711814
2026-05-04 00:00:42,725 [INFO] [5.32s]     param_norm_max: 6.586341
2026-05-04 00:00:42,725 [INFO] [5.32s]     param_means_mean: 0.126508
2026-05-04 00:00:42,725 [INFO] [5.32s] 
  [Batch 11/16] TRAINING PROGRESS
2026-05-04 00:00:42,727 [INFO] [5.32s]     Batch Loss:      0.35258451
2026-05-04 00:00:42,727 [INFO] [5.32s]     Running Avg:     0.58854043
2026-05-04 00:00:42,727 [INFO] [5.32s]     Case:            cavity/geo/case0001 (t=19)
2026-05-04 00:00:42,729 [INFO] [5.33s] ------------------------------------------------------------
2026-05-04 00:00:42,729 [DEBUG] [5.33s] [Batch 12/16] INPUT DATA STATS
2026-05-04 00:00:42,729 [INFO] [5.33s]   Case: cavity/geo/case0002 (t=14)
2026-05-04 00:00:42,731 [DEBUG] [5.33s]   Tensor Stats - Input (first sample):
2026-05-04 00:00:42,731 [INFO] [5.33s]     shape: (64, 64, 2)
2026-05-04 00:00:42,731 [INFO] [5.33s]     dtype: torch.float32
2026-05-04 00:00:42,731 [INFO] [5.33s]     mean: 0.014881
2026-05-04 00:00:42,731 [INFO] [5.33s]     std: 1.154323
2026-05-04 00:00:42,732 [INFO] [5.33s]     min: -6.031734
2026-05-04 00:00:42,732 [INFO] [5.33s]     max: 6.462160
2026-05-04 00:00:42,732 [INFO] [5.33s]     median: -0.038432
2026-05-04 00:00:42,733 [DEBUG] [5.33s]   Tensor Stats - Target (first sample):
2026-05-04 00:00:42,734 [INFO] [5.33s]     shape: (64, 64, 2)
2026-05-04 00:00:42,734 [INFO] [5.33s]     dtype: torch.float32
2026-05-04 00:00:42,734 [INFO] [5.33s]     mean: 0.014879
2026-05-04 00:00:42,734 [INFO] [5.33s]     std: 1.157825
2026-05-04 00:00:42,734 [INFO] [5.33s]     min: -6.035017
2026-05-04 00:00:42,734 [INFO] [5.33s]     max: 6.462160
2026-05-04 00:00:42,734 [INFO] [5.33s]     median: -0.038180
2026-05-04 00:00:42,870 [DEBUG] [5.47s] 
  [Batch 12/16] GRADIENT STATISTICS
2026-05-04 00:00:42,871 [INFO] [5.47s]   Gradient Stats:
2026-05-04 00:00:42,871 [INFO] [5.47s]     grad_norm_mean: 0.137721
2026-05-04 00:00:42,871 [INFO] [5.47s]     grad_norm_max: 1.495459
2026-05-04 00:00:42,871 [INFO] [5.47s]     grad_norm_min: 0.000000
2026-05-04 00:00:42,872 [INFO] [5.47s]     grad_mean_mean: -0.003217
2026-05-04 00:00:42,872 [INFO] [5.47s]     grad_max_max: 0.250299
2026-05-04 00:00:42,872 [INFO] [5.47s]     grad_min_min: -0.321237
2026-05-04 00:00:42,872 [INFO] [5.47s]     valid_gradients: 30
2026-05-04 00:00:42,872 [INFO] [5.47s]     invalid_gradients: 0
2026-05-04 00:00:42,896 [DEBUG] [5.49s] 
  [Batch 12/16] PARAMETER STATISTICS
2026-05-04 00:00:42,896 [INFO] [5.49s]   Param Stats:
2026-05-04 00:00:42,896 [INFO] [5.49s]     param_norm_mean: 1.727833
2026-05-04 00:00:42,896 [INFO] [5.49s]     param_norm_max: 6.589585
2026-05-04 00:00:42,896 [INFO] [5.49s]     param_means_mean: 0.126620
2026-05-04 00:00:42,896 [INFO] [5.49s] 
  [Batch 12/16] TRAINING PROGRESS
2026-05-04 00:00:42,898 [INFO] [5.50s]     Batch Loss:      0.34280813
2026-05-04 00:00:42,898 [INFO] [5.50s]     Running Avg:     0.56806274
2026-05-04 00:00:42,898 [INFO] [5.50s]     Case:            cavity/geo/case0002 (t=14)
2026-05-04 00:00:42,900 [INFO] [5.50s] ------------------------------------------------------------
2026-05-04 00:00:42,901 [DEBUG] [5.50s] [Batch 13/16] INPUT DATA STATS
2026-05-04 00:00:42,901 [INFO] [5.50s]   Case: cavity/geo/case0001 (t=1)
2026-05-04 00:00:42,902 [DEBUG] [5.50s]   Tensor Stats - Input (first sample):
2026-05-04 00:00:42,902 [INFO] [5.50s]     shape: (64, 64, 2)
2026-05-04 00:00:42,902 [INFO] [5.50s]     dtype: torch.float32
2026-05-04 00:00:42,902 [INFO] [5.50s]     mean: 0.015771
2026-05-04 00:00:42,902 [INFO] [5.50s]     std: 1.108773
2026-05-04 00:00:42,903 [INFO] [5.50s]     min: -5.616404
2026-05-04 00:00:42,903 [INFO] [5.50s]     max: 6.462160
2026-05-04 00:00:42,903 [INFO] [5.50s]     median: -0.018581
2026-05-04 00:00:42,904 [DEBUG] [5.50s]   Tensor Stats - Target (first sample):
2026-05-04 00:00:42,904 [INFO] [5.50s]     shape: (64, 64, 2)
2026-05-04 00:00:42,904 [INFO] [5.50s]     dtype: torch.float32
2026-05-04 00:00:42,904 [INFO] [5.50s]     mean: 0.015924
2026-05-04 00:00:42,904 [INFO] [5.50s]     std: 1.152719
2026-05-04 00:00:42,905 [INFO] [5.50s]     min: -5.703903
2026-05-04 00:00:42,905 [INFO] [5.50s]     max: 6.462160
2026-05-04 00:00:42,906 [INFO] [5.50s]     median: -0.019905
2026-05-04 00:00:43,019 [DEBUG] [5.62s] 
  [Batch 13/16] GRADIENT STATISTICS
2026-05-04 00:00:43,019 [INFO] [5.62s]   Gradient Stats:
2026-05-04 00:00:43,019 [INFO] [5.62s]     grad_norm_mean: 0.090050
2026-05-04 00:00:43,019 [INFO] [5.62s]     grad_norm_max: 0.949808
2026-05-04 00:00:43,019 [INFO] [5.62s]     grad_norm_min: 0.000000
2026-05-04 00:00:43,019 [INFO] [5.62s]     grad_mean_mean: -0.002068
2026-05-04 00:00:43,019 [INFO] [5.62s]     grad_max_max: 0.161928
2026-05-04 00:00:43,019 [INFO] [5.62s]     grad_min_min: -0.233607
2026-05-04 00:00:43,020 [INFO] [5.62s]     valid_gradients: 30
2026-05-04 00:00:43,020 [INFO] [5.62s]     invalid_gradients: 0
2026-05-04 00:00:43,042 [DEBUG] [5.64s] 
  [Batch 13/16] PARAMETER STATISTICS
2026-05-04 00:00:43,042 [INFO] [5.64s]   Param Stats:
2026-05-04 00:00:43,042 [INFO] [5.64s]     param_norm_mean: 1.743185
2026-05-04 00:00:43,042 [INFO] [5.64s]     param_norm_max: 6.593050
2026-05-04 00:00:43,044 [INFO] [5.64s]     param_means_mean: 0.126730
2026-05-04 00:00:43,044 [INFO] [5.64s] 
  [Batch 13/16] TRAINING PROGRESS
2026-05-04 00:00:43,044 [INFO] [5.64s]     Batch Loss:      0.18199229
2026-05-04 00:00:43,044 [INFO] [5.64s]     Running Avg:     0.53836502
2026-05-04 00:00:43,044 [INFO] [5.64s]     Case:            cavity/geo/case0001 (t=1)
2026-05-04 00:00:43,046 [INFO] [5.64s] ------------------------------------------------------------
2026-05-04 00:00:43,046 [DEBUG] [5.64s] [Batch 14/16] INPUT DATA STATS
2026-05-04 00:00:43,046 [INFO] [5.64s]   Case: cavity/bc/case0001 (t=0)
2026-05-04 00:00:43,047 [DEBUG] [5.65s]   Tensor Stats - Input (first sample):
2026-05-04 00:00:43,047 [INFO] [5.65s]     shape: (64, 64, 2)
2026-05-04 00:00:43,047 [INFO] [5.65s]     dtype: torch.float32
2026-05-04 00:00:43,047 [INFO] [5.65s]     mean: -0.029032
2026-05-04 00:00:43,047 [INFO] [5.65s]     std: 0.256320
2026-05-04 00:00:43,048 [INFO] [5.65s]     min: -1.261310
2026-05-04 00:00:43,048 [INFO] [5.65s]     max: 1.230027
2026-05-04 00:00:43,048 [INFO] [5.65s]     median: -0.046294
2026-05-04 00:00:43,049 [DEBUG] [5.65s]   Tensor Stats - Target (first sample):
2026-05-04 00:00:43,049 [INFO] [5.65s]     shape: (64, 64, 2)
2026-05-04 00:00:43,049 [INFO] [5.65s]     dtype: torch.float32
2026-05-04 00:00:43,049 [INFO] [5.65s]     mean: -0.029047
2026-05-04 00:00:43,049 [INFO] [5.65s]     std: 0.309268
2026-05-04 00:00:43,050 [INFO] [5.65s]     min: -1.287171
2026-05-04 00:00:43,050 [INFO] [5.65s]     max: 1.230027
2026-05-04 00:00:43,050 [INFO] [5.65s]     median: -0.043611
2026-05-04 00:00:43,249 [DEBUG] [5.85s] 
  [Batch 14/16] GRADIENT STATISTICS
2026-05-04 00:00:43,250 [INFO] [5.85s]   Gradient Stats:
2026-05-04 00:00:43,250 [INFO] [5.85s]     grad_norm_mean: 0.095749
2026-05-04 00:00:43,250 [INFO] [5.85s]     grad_norm_max: 0.656280
2026-05-04 00:00:43,250 [INFO] [5.85s]     grad_norm_min: 0.000000
2026-05-04 00:00:43,250 [INFO] [5.85s]     grad_mean_mean: -0.000878
2026-05-04 00:00:43,250 [INFO] [5.85s]     grad_max_max: 0.125557
2026-05-04 00:00:43,250 [INFO] [5.85s]     grad_min_min: -0.192137
2026-05-04 00:00:43,250 [INFO] [5.85s]     valid_gradients: 30
2026-05-04 00:00:43,250 [INFO] [5.85s]     invalid_gradients: 0
2026-05-04 00:00:43,274 [DEBUG] [5.87s] 
  [Batch 14/16] PARAMETER STATISTICS
2026-05-04 00:00:43,275 [INFO] [5.87s]   Param Stats:
2026-05-04 00:00:43,275 [INFO] [5.87s]     param_norm_mean: 1.757525
2026-05-04 00:00:43,275 [INFO] [5.87s]     param_norm_max: 6.596508
2026-05-04 00:00:43,275 [INFO] [5.87s]     param_means_mean: 0.126832
2026-05-04 00:00:43,276 [INFO] [5.87s] 
  [Batch 14/16] TRAINING PROGRESS
2026-05-04 00:00:43,276 [INFO] [5.87s]     Batch Loss:      0.11087465
2026-05-04 00:00:43,277 [INFO] [5.88s]     Running Avg:     0.50782999
2026-05-04 00:00:43,277 [INFO] [5.88s]     Case:            cavity/bc/case0001 (t=0)
2026-05-04 00:00:43,278 [INFO] [5.88s] ------------------------------------------------------------
2026-05-04 00:00:43,278 [DEBUG] [5.88s] [Batch 15/16] INPUT DATA STATS
2026-05-04 00:00:43,279 [INFO] [5.88s]   Case: cavity/bc/case0000 (t=8)
2026-05-04 00:00:43,279 [DEBUG] [5.88s]   Tensor Stats - Input (first sample):
2026-05-04 00:00:43,279 [INFO] [5.88s]     shape: (64, 64, 2)
2026-05-04 00:00:43,279 [INFO] [5.88s]     dtype: torch.float32
2026-05-04 00:00:43,279 [INFO] [5.88s]     mean: -0.034036
2026-05-04 00:00:43,279 [INFO] [5.88s]     std: 0.179926
2026-05-04 00:00:43,279 [INFO] [5.88s]     min: -0.631547
2026-05-04 00:00:43,280 [INFO] [5.88s]     max: 0.576010
2026-05-04 00:00:43,280 [INFO] [5.88s]     median: -0.047511
2026-05-04 00:00:43,280 [DEBUG] [5.88s]   Tensor Stats - Target (first sample):
2026-05-04 00:00:43,281 [INFO] [5.88s]     shape: (64, 64, 2)
2026-05-04 00:00:43,281 [INFO] [5.88s]     dtype: torch.float32
2026-05-04 00:00:43,281 [INFO] [5.88s]     mean: -0.034036
2026-05-04 00:00:43,281 [INFO] [5.88s]     std: 0.180190
2026-05-04 00:00:43,281 [INFO] [5.88s]     min: -0.631572
2026-05-04 00:00:43,281 [INFO] [5.88s]     max: 0.576010
2026-05-04 00:00:43,281 [INFO] [5.88s]     median: -0.047559
2026-05-04 00:00:43,435 [DEBUG] [6.03s] 
  [Batch 15/16] GRADIENT STATISTICS
2026-05-04 00:00:43,437 [INFO] [6.04s]   Gradient Stats:
2026-05-04 00:00:43,437 [INFO] [6.04s]     grad_norm_mean: 0.085574
2026-05-04 00:00:43,437 [INFO] [6.04s]     grad_norm_max: 0.601337
2026-05-04 00:00:43,437 [INFO] [6.04s]     grad_norm_min: 0.000000
2026-05-04 00:00:43,437 [INFO] [6.04s]     grad_mean_mean: -0.000663
2026-05-04 00:00:43,438 [INFO] [6.04s]     grad_max_max: 0.117896
2026-05-04 00:00:43,438 [INFO] [6.04s]     grad_min_min: -0.170793
2026-05-04 00:00:43,438 [INFO] [6.04s]     valid_gradients: 30
2026-05-04 00:00:43,438 [INFO] [6.04s]     invalid_gradients: 0
2026-05-04 00:00:43,456 [DEBUG] [6.05s] 
  [Batch 15/16] PARAMETER STATISTICS
2026-05-04 00:00:43,456 [INFO] [6.05s]   Param Stats:
2026-05-04 00:00:43,456 [INFO] [6.05s]     param_norm_mean: 1.770840
2026-05-04 00:00:43,456 [INFO] [6.05s]     param_norm_max: 6.599901
2026-05-04 00:00:43,456 [INFO] [6.05s]     param_means_mean: 0.126926
2026-05-04 00:00:43,457 [INFO] [6.06s] 
  [Batch 15/16] TRAINING PROGRESS
2026-05-04 00:00:43,457 [INFO] [6.06s]     Batch Loss:      0.08199347
2026-05-04 00:00:43,457 [INFO] [6.06s]     Running Avg:     0.47944089
2026-05-04 00:00:43,458 [INFO] [6.06s]     Case:            cavity/bc/case0000 (t=8)
2026-05-04 00:00:43,458 [DEBUG] [6.06s] 
  [Batch 15/16] PREDICTION SAMPLE
2026-05-04 00:00:43,458 [INFO] [6.06s]     Sample: cavity/bc/case0000 (t=8)
2026-05-04 00:00:43,459 [INFO] [6.06s]     Predicted U stats:  mean=-0.091396, std=0.038727
2026-05-04 00:00:43,459 [INFO] [6.06s]     Target U stats:     mean=-0.067868, std=0.160249
2026-05-04 00:00:43,459 [INFO] [6.06s]     Predicted V stats:  mean=-0.014158, std=0.070711
2026-05-04 00:00:43,460 [INFO] [6.06s]     Target V stats:     mean=-0.000204, std=0.192249
2026-05-04 00:00:43,460 [INFO] [6.06s]     Sample MSE (U): 0.01640258
2026-05-04 00:00:43,460 [INFO] [6.06s]     Sample MSE (V): 0.01769599
2026-05-04 00:00:43,463 [INFO] [6.06s] ------------------------------------------------------------
2026-05-04 00:00:43,463 [DEBUG] [6.06s] [Batch 16/16] INPUT DATA STATS
2026-05-04 00:00:43,464 [INFO] [6.06s]   Case: cavity/geo/case0002 (t=11)
2026-05-04 00:00:43,464 [DEBUG] [6.06s]   Tensor Stats - Input (first sample):
2026-05-04 00:00:43,464 [INFO] [6.06s]     shape: (64, 64, 2)
2026-05-04 00:00:43,465 [INFO] [6.06s]     dtype: torch.float32
2026-05-04 00:00:43,465 [INFO] [6.06s]     mean: 0.014893
2026-05-04 00:00:43,465 [INFO] [6.06s]     std: 1.138756
2026-05-04 00:00:43,465 [INFO] [6.06s]     min: -6.015213
2026-05-04 00:00:43,466 [INFO] [6.06s]     max: 6.462160
2026-05-04 00:00:43,466 [INFO] [6.06s]     median: -0.037641
2026-05-04 00:00:43,466 [DEBUG] [6.06s]   Tensor Stats - Target (first sample):
2026-05-04 00:00:43,466 [INFO] [6.06s]     shape: (64, 64, 2)
2026-05-04 00:00:43,466 [INFO] [6.06s]     dtype: torch.float32
2026-05-04 00:00:43,466 [INFO] [6.07s]     mean: 0.014887
2026-05-04 00:00:43,467 [INFO] [6.07s]     std: 1.144966
2026-05-04 00:00:43,467 [INFO] [6.07s]     min: -6.022285
2026-05-04 00:00:43,468 [INFO] [6.07s]     max: 6.462160
2026-05-04 00:00:43,468 [INFO] [6.07s]     median: -0.037968
2026-05-04 00:00:43,585 [DEBUG] [6.18s] 
  [Batch 16/16] GRADIENT STATISTICS
2026-05-04 00:00:43,585 [INFO] [6.18s]   Gradient Stats:
2026-05-04 00:00:43,586 [INFO] [6.18s]     grad_norm_mean: 0.149020
2026-05-04 00:00:43,586 [INFO] [6.18s]     grad_norm_max: 1.732058
2026-05-04 00:00:43,586 [INFO] [6.18s]     grad_norm_min: 0.000000
2026-05-04 00:00:43,586 [INFO] [6.18s]     grad_mean_mean: -0.003297
2026-05-04 00:00:43,586 [INFO] [6.19s]     grad_max_max: 0.279561
2026-05-04 00:00:43,587 [INFO] [6.19s]     grad_min_min: -0.398670
2026-05-04 00:00:43,587 [INFO] [6.19s]     valid_gradients: 30
2026-05-04 00:00:43,587 [INFO] [6.19s]     invalid_gradients: 0
2026-05-04 00:00:43,607 [DEBUG] [6.21s] 
  [Batch 16/16] PARAMETER STATISTICS
2026-05-04 00:00:43,608 [INFO] [6.21s]   Param Stats:
2026-05-04 00:00:43,608 [INFO] [6.21s]     param_norm_mean: 1.783160
2026-05-04 00:00:43,608 [INFO] [6.21s]     param_norm_max: 6.603829
2026-05-04 00:00:43,608 [INFO] [6.21s]     param_means_mean: 0.127021
2026-05-04 00:00:43,608 [INFO] [6.21s] 
  [Batch 16/16] TRAINING PROGRESS
2026-05-04 00:00:43,609 [INFO] [6.21s]     Batch Loss:      0.38501462
2026-05-04 00:00:43,609 [INFO] [6.21s]     Running Avg:     0.47353925
2026-05-04 00:00:43,609 [INFO] [6.21s]     Case:            cavity/geo/case0002 (t=11)
2026-05-04 00:00:43,609 [INFO] [6.21s] 
------------------------------------------------------------
2026-05-04 00:00:43,609 [INFO] [6.21s] [EPOCH 1/1] TRAIN COMPLETE
2026-05-04 00:00:43,609 [INFO] [6.21s] ------------------------------------------------------------
2026-05-04 00:00:43,609 [INFO] [6.21s]   Average Train Loss: 0.47353925
2026-05-04 00:00:43,609 [INFO] [6.21s]   Epoch time: 3.14s
2026-05-04 00:00:43,609 [INFO] [6.21s] 
[EPOCH 1/1] EVALUATION ON TEST SET
2026-05-04 00:00:43,771 [INFO] [6.37s] 
  Test Loss: 1.13707899 *** BEST ***
2026-05-04 00:00:43,772 [INFO] [6.37s]   Test Metrics:
2026-05-04 00:00:43,772 [INFO] [6.37s]     MSE:  1.13707900
2026-05-04 00:00:43,772 [INFO] [6.37s]     RMSE: 1.066339
2026-05-04 00:00:43,772 [INFO] [6.37s]     MAE:  0.569716
2026-05-04 00:00:43,772 [INFO] [6.37s]     R2 (Overall): 0.137784
2026-05-04 00:00:43,772 [INFO] [6.37s]     R2 (U component): 0.134855
2026-05-04 00:00:43,773 [INFO] [6.37s]     R2 (V component): 0.140535
2026-05-04 00:00:43,773 [INFO] [6.37s] 
[EPOCH 1/1] END - Time: 3.14s
2026-05-04 00:00:43,774 [INFO] [6.37s] Memory: CPU Memory: 247.18MB RSS
2026-05-04 00:00:43,774 [INFO] [6.37s] === COMPLETED: Training (took 3.31s) ===
2026-05-04 00:00:43,774 [INFO] [6.37s]     Details: Total time: 3.31s (0.06 min)
2026-05-04 00:00:43,778 [INFO] [6.38s] === STARTING: Model Saving ===
2026-05-04 00:00:43,778 [INFO] [6.38s] Saving model to: C:\traework\a\wilmer-deeplearn\portable_env\python-portable\workspace\fno2-model.pth
2026-05-04 00:00:43,810 [INFO] [6.41s] Model saved successfully: C:\traework\a\wilmer-deeplearn\portable_env\python-portable\workspace\fno2-model.pth
2026-05-04 00:00:43,812 [INFO] [6.41s] File size: 6.83 MB
2026-05-04 00:00:43,812 [INFO] [6.41s] === COMPLETED: Model Saving (took 0.03s) ===
2026-05-04 00:00:43,812 [INFO] [6.41s] 
================================================================================
2026-05-04 00:00:43,812 [INFO] [6.41s] TRAINING COMPLETE - FINAL SUMMARY
2026-05-04 00:00:43,812 [INFO] [6.41s] ================================================================================
2026-05-04 00:00:43,814 [INFO] [6.41s] Total training time: 3.31 seconds (0.06 minutes)
2026-05-04 00:00:43,814 [INFO] [6.41s] Average time per epoch: 3.31 seconds
2026-05-04 00:00:43,814 [INFO] [6.41s] 
2026-05-04 00:00:43,814 [INFO] [6.41s] Final Train Loss: 0.47353925
2026-05-04 00:00:43,815 [INFO] [6.41s] Final Test Loss:  1.13707899
2026-05-04 00:00:43,815 [INFO] [6.41s] Best Test Loss:   1.13707899 (Epoch 1)
2026-05-04 00:00:43,815 [INFO] [6.41s] 
2026-05-04 00:00:43,815 [INFO] [6.41s] Final Test Metrics:
2026-05-04 00:00:43,815 [INFO] [6.41s]   MSE:  1.13707900
2026-05-04 00:00:43,816 [INFO] [6.41s]   RMSE: 1.066339
2026-05-04 00:00:43,816 [INFO] [6.41s]   MAE:  0.569716
2026-05-04 00:00:43,816 [INFO] [6.41s]   R2:   0.137784
2026-05-04 00:00:43,816 [INFO] [6.42s] 
2026-05-04 00:00:43,817 [INFO] [6.42s] Gradient Statistics Summary:
2026-05-04 00:00:43,817 [INFO] [6.42s]   Average gradient norm: 0.192828
2026-05-04 00:00:43,817 [INFO] [6.42s]   Max gradient norm:     0.636744
2026-05-04 00:00:43,818 [INFO] [6.42s]   Min gradient norm:     0.085574
2026-05-04 00:00:43,819 [INFO] [6.42s] Model saved at: C:\traework\a\wilmer-deeplearn\portable_env\python-portable\workspace\fno2-model.pth
2026-05-04 00:00:43,819 [INFO] [6.42s] Log saved at: C:\traework\a\wilmer-deeplearn\portable_env\python-portable\workspace\training_full.log
2026-05-04 00:00:43,819 [INFO] [6.42s] End time: 2026-05-04 00:00:43
2026-05-04 00:00:43,819 [INFO] [6.42s] ================================================================================
2026-05-04 00:03:11,622 [INFO] [0.00s] 
================================================================================
2026-05-04 00:03:11,622 [INFO] [0.00s] FNO2 ENHANCED TRAINING CONFIGURATION (Python Standard Logging)
2026-05-04 00:03:11,622 [INFO] [0.00s] ================================================================================
2026-05-04 00:03:11,622 [INFO] [0.00s] classNum: 2
2026-05-04 00:03:11,622 [INFO] [0.00s]   -> Using: bc + geo categories
2026-05-04 00:03:11,623 [INFO] [0.00s] Max cases per category: 2
2026-05-04 00:03:11,623 [INFO] [0.00s] Epochs: 1
2026-05-04 00:03:11,623 [INFO] [0.00s] Batch size: 3
2026-05-04 00:03:11,623 [INFO] [0.00s] Learning rate: 0.001
2026-05-04 00:03:11,623 [INFO] [0.00s] Log level: DEBUG
2026-05-04 00:03:11,623 [INFO] [0.00s] Log to console: True
2026-05-04 00:03:11,623 [INFO] [0.00s] Log to file: True
2026-05-04 00:03:11,623 [INFO] [0.00s] ================================================================================
2026-05-04 00:03:11,623 [INFO] [0.00s] 
2026-05-04 00:03:11,624 [INFO] [0.00s] 
================================================================================
2026-05-04 00:03:11,625 [INFO] [0.00s] ENHANCED FNO2 TRAINING FOR NAVIER-STOKES (CFDBENCH)
2026-05-04 00:03:11,625 [INFO] [0.00s] ================================================================================
2026-05-04 00:03:11,626 [INFO] [0.00s] Start time: 2026-05-04 00:03:11
2026-05-04 00:03:11,626 [INFO] [0.00s] Device: cpu
2026-05-04 00:03:11,626 [INFO] [0.00s] Log file: training_full.log
2026-05-04 00:03:11,626 [INFO] [0.00s] Log level: DEBUG
2026-05-04 00:03:11,626 [INFO] [0.00s] Log to console: True
2026-05-04 00:03:11,627 [INFO] [0.00s] Log to file: True
2026-05-04 00:03:11,627 [INFO] [0.00s] 
2026-05-04 00:03:11,627 [INFO] [0.00s] TRAINING CONFIGURATION:
2026-05-04 00:03:11,627 [INFO] [0.00s]   data_root: C:\ftpService\CFDBench
2026-05-04 00:03:11,627 [INFO] [0.00s]   problems: ['cavity']
2026-05-04 00:03:11,627 [INFO] [0.00s]   categories: None
2026-05-04 00:03:11,627 [INFO] [0.00s]   classNum: 2
2026-05-04 00:03:11,627 [INFO] [0.00s]   modes: 12
2026-05-04 00:03:11,627 [INFO] [0.00s]   width: 16
2026-05-04 00:03:11,627 [INFO] [0.00s]   epochs: 1
2026-05-04 00:03:11,627 [INFO] [0.01s]   batch_size: 3
2026-05-04 00:03:11,628 [INFO] [0.01s]   learning_rate: 0.001
2026-05-04 00:03:11,628 [INFO] [0.01s]   weight_decay: 0.0001
2026-05-04 00:03:11,628 [INFO] [0.01s]   train_ratio: 0.8
2026-05-04 00:03:11,628 [INFO] [0.01s]   normalize: True
2026-05-04 00:03:11,628 [INFO] [0.01s]   max_cases_per_category: 2
2026-05-04 00:03:11,628 [INFO] [0.01s]   in_channels: 4
2026-05-04 00:03:11,628 [INFO] [0.01s]   out_channels: 2
2026-05-04 00:03:11,630 [INFO] [0.01s]   show_gradient_stats: True
2026-05-04 00:03:11,630 [INFO] [0.01s]   show_param_stats: True
2026-05-04 00:03:11,630 [INFO] [0.01s]   show_tensor_stats: True
2026-05-04 00:03:11,630 [INFO] [0.01s]   show_prediction_samples: True
2026-05-04 00:03:11,631 [INFO] [0.01s] 
2026-05-04 00:03:11,631 [INFO] [0.01s] === STARTING: Data Loading ===
2026-05-04 00:03:11,631 [INFO] [0.01s] ============================================================
2026-05-04 00:03:11,632 [INFO] [0.01s] DATA LOADING PROCESS
2026-05-04 00:03:11,632 [INFO] [0.01s] ============================================================
2026-05-04 00:03:11,632 [INFO] [0.01s] Data root: C:\ftpService\CFDBench
2026-05-04 00:03:11,632 [INFO] [0.01s] Problems: ['cavity']
2026-05-04 00:03:11,632 [INFO] [0.01s] classNum: 2
2026-05-04 00:03:11,632 [INFO] [0.01s] Categories to use: ['bc', 'geo']
2026-05-04 00:03:11,632 [INFO] [0.01s] Max cases per category: 2
2026-05-04 00:03:11,632 [INFO] [0.01s] Normalize: True
2026-05-04 00:03:11,632 [INFO] [0.01s] 
2026-05-04 00:03:11,633 [INFO] [0.01s] Processing problem: cavity
2026-05-04 00:03:11,634 [INFO] [0.01s]   Category: bc - Found 50 cases, using 2
2026-05-04 00:03:11,639 [INFO] [0.02s]     [LOAD] case0000: 10 time steps, 9 samples, shape=(64, 64)
2026-05-04 00:03:11,641 [INFO] [0.02s]     [LOAD] case0001: 11 time steps, 10 samples, shape=(64, 64)
2026-05-04 00:03:11,642 [INFO] [0.02s]   Category: geo - Found 24 cases, using 2
2026-05-04 00:03:11,646 [INFO] [0.02s]     [LOAD] case0001: 23 time steps, 22 samples, shape=(64, 64)
2026-05-04 00:03:11,649 [INFO] [0.03s]     [LOAD] case0002: 20 time steps, 19 samples, shape=(64, 64)
2026-05-04 00:03:11,650 [INFO] [0.03s] 
2026-05-04 00:03:11,650 [INFO] [0.03s] ------------------------------------------------------------
2026-05-04 00:03:11,650 [INFO] [0.03s] DATA LOADING SUMMARY
2026-05-04 00:03:11,650 [INFO] [0.03s] ------------------------------------------------------------
2026-05-04 00:03:11,650 [INFO] [0.03s]   Total cases loaded: 4
2026-05-04 00:03:11,650 [INFO] [0.03s]   Total cases skipped: 0
2026-05-04 00:03:11,650 [INFO] [0.03s]   Total time-step pairs: 60
2026-05-04 00:03:11,650 [INFO] [0.03s] 
2026-05-04 00:03:11,650 [INFO] [0.03s] Computing normalization statistics...
2026-05-04 00:03:11,655 [INFO] [0.03s]   U Component:
2026-05-04 00:03:11,656 [INFO] [0.03s]     mean = 0.119273
2026-05-04 00:03:11,656 [INFO] [0.03s]     std  = 1.529013
2026-05-04 00:03:11,656 [INFO] [0.03s]     min  = -4.595441
2026-05-04 00:03:11,656 [INFO] [0.03s]     max  = 10.000000
2026-05-04 00:03:11,656 [INFO] [0.03s]   V Component:
2026-05-04 00:03:11,656 [INFO] [0.03s]     mean = 0.000130
2026-05-04 00:03:11,656 [INFO] [0.03s]     std  = 1.041195
2026-05-04 00:03:11,656 [INFO] [0.03s]     min  = -6.291953
2026-05-04 00:03:11,656 [INFO] [0.03s]     max  = 4.532698
2026-05-04 00:03:11,656 [INFO] [0.03s] 
2026-05-04 00:03:11,656 [INFO] [0.03s] Normalizing data...
2026-05-04 00:03:11,659 [INFO] [0.04s]   Normalized 50/60 samples
2026-05-04 00:03:11,660 [INFO] [0.04s]   Normalization complete: 60 samples
2026-05-04 00:03:11,660 [INFO] [0.04s] 
2026-05-04 00:03:11,660 [INFO] [0.04s] ============================================================
2026-05-04 00:03:11,660 [INFO] [0.04s] DATA LOADING COMPLETE
2026-05-04 00:03:11,660 [INFO] [0.04s] ============================================================
2026-05-04 00:03:11,662 [INFO] [0.04s] === COMPLETED: Data Loading (took 0.03s) ===
2026-05-04 00:03:11,662 [INFO] [0.04s]     Details: 48 train, 12 test, 16 batches per epoch
2026-05-04 00:03:11,684 [INFO] [0.06s] Memory: CPU Memory: 159.36MB RSS
2026-05-04 00:03:11,685 [INFO] [0.06s] === STARTING: Model Creation ===
2026-05-04 00:03:11,700 [INFO] [0.08s] Model Architecture:
2026-05-04 00:03:11,700 [INFO] [0.08s]   FNO2d with modes=12, width=16
2026-05-04 00:03:11,700 [INFO] [0.08s]   Input channels: 4 (2 data + 2 coords auto-added)
2026-05-04 00:03:11,700 [INFO] [0.08s]   Output channels: 2 (u, v velocity)
2026-05-04 00:03:11,701 [INFO] [0.08s]   Total parameters: 298,642
2026-05-04 00:03:11,701 [INFO] [0.08s]   Trainable parameters: 298,642
2026-05-04 00:03:11,701 [INFO] [0.08s] 
  Layer-wise parameter count:
2026-05-04 00:03:11,701 [INFO] [0.08s]     fc0.weight: 64 params
2026-05-04 00:03:11,701 [INFO] [0.08s]     fc0.bias: 16 params
2026-05-04 00:03:11,701 [INFO] [0.08s]     conv0.weights1: 36,864 params
2026-05-04 00:03:11,702 [INFO] [0.08s]     conv0.weights2: 36,864 params
2026-05-04 00:03:11,702 [INFO] [0.08s]     conv1.weights1: 36,864 params
2026-05-04 00:03:11,702 [INFO] [0.08s]     conv1.weights2: 36,864 params
2026-05-04 00:03:11,702 [INFO] [0.08s]     conv2.weights1: 36,864 params
2026-05-04 00:03:11,702 [INFO] [0.08s]     conv2.weights2: 36,864 params
2026-05-04 00:03:11,702 [INFO] [0.08s]     conv3.weights1: 36,864 params
2026-05-04 00:03:11,702 [INFO] [0.08s]     conv3.weights2: 36,864 params
2026-05-04 00:03:11,702 [INFO] [0.08s]     w0.weight: 256 params
2026-05-04 00:03:11,702 [INFO] [0.08s]     w0.bias: 16 params
2026-05-04 00:03:11,702 [INFO] [0.08s]     w1.weight: 256 params
2026-05-04 00:03:11,703 [INFO] [0.08s]     w1.bias: 16 params
2026-05-04 00:03:11,703 [INFO] [0.08s]     w2.weight: 256 params
2026-05-04 00:03:11,703 [INFO] [0.08s]     w2.bias: 16 params
2026-05-04 00:03:11,703 [INFO] [0.08s]     w3.weight: 256 params
2026-05-04 00:03:11,703 [INFO] [0.08s]     w3.bias: 16 params
2026-05-04 00:03:11,703 [INFO] [0.08s]     bn0.weight: 16 params
2026-05-04 00:03:11,703 [INFO] [0.08s]     bn0.bias: 16 params
2026-05-04 00:03:11,704 [INFO] [0.08s]     bn1.weight: 16 params
2026-05-04 00:03:11,704 [INFO] [0.08s]     bn1.bias: 16 params
2026-05-04 00:03:11,704 [INFO] [0.08s]     bn2.weight: 16 params
2026-05-04 00:03:11,704 [INFO] [0.08s]     bn2.bias: 16 params
2026-05-04 00:03:11,704 [INFO] [0.08s]     bn3.weight: 16 params
2026-05-04 00:03:11,704 [INFO] [0.08s]     bn3.bias: 16 params
2026-05-04 00:03:11,704 [INFO] [0.08s]     fc1.weight: 2,048 params
2026-05-04 00:03:11,705 [INFO] [0.08s]     fc1.bias: 128 params
2026-05-04 00:03:11,705 [INFO] [0.08s]     fc2.weight: 256 params
2026-05-04 00:03:11,705 [INFO] [0.08s]     fc2.bias: 2 params
2026-05-04 00:03:11,705 [INFO] [0.08s] === COMPLETED: Model Creation (took 0.02s) ===
2026-05-04 00:03:11,705 [INFO] [0.08s]     Details: 298,642 parameters
2026-05-04 00:03:11,705 [INFO] [0.08s] Memory: CPU Memory: 163.30MB RSS
2026-05-04 00:03:11,706 [INFO] [0.08s] === STARTING: Optimizer Setup ===
2026-05-04 00:03:13,254 [INFO] [1.63s] Optimizer: Adam
2026-05-04 00:03:13,254 [INFO] [1.63s]   Learning rate: 0.001
2026-05-04 00:03:13,255 [INFO] [1.63s]   Weight decay: 0.0001
2026-05-04 00:03:13,255 [INFO] [1.63s] Scheduler: StepLR (step=15, gamma=0.5)
2026-05-04 00:03:13,255 [INFO] [1.63s] Loss function: MSELoss
2026-05-04 00:03:13,255 [INFO] [1.63s] === COMPLETED: Optimizer Setup (took 1.55s) ===
2026-05-04 00:03:13,255 [INFO] [1.63s] === STARTING: Training ===
2026-05-04 00:03:13,255 [INFO] [1.63s] ================================================================================
2026-05-04 00:03:13,255 [INFO] [1.63s] TRAINING PROCESS - DETAILED LOGGING
2026-05-04 00:03:13,255 [INFO] [1.63s] ================================================================================
2026-05-04 00:03:13,255 [INFO] [1.63s] 
2026-05-04 00:03:13,256 [INFO] [1.63s] Logging features enabled:
2026-05-04 00:03:13,256 [INFO] [1.63s]   - Gradient statistics: [YES]
2026-05-04 00:03:13,256 [INFO] [1.63s]   - Parameter statistics: [YES]
2026-05-04 00:03:13,256 [INFO] [1.63s]   - Tensor statistics: [YES]
2026-05-04 00:03:13,256 [INFO] [1.63s]   - Prediction samples: [YES]
2026-05-04 00:03:13,256 [INFO] [1.63s] 
2026-05-04 00:03:13,256 [INFO] [1.63s] 
================================================================================
2026-05-04 00:03:13,257 [INFO] [1.63s] [EPOCH 1/1] START
2026-05-04 00:03:13,257 [INFO] [1.63s] ================================================================================
2026-05-04 00:03:13,257 [INFO] [1.63s]   Current learning rate: 1.00e-03
2026-05-04 00:03:13,257 [INFO] [1.63s]   Number of batches: 16
2026-05-04 00:03:13,258 [INFO] [1.63s]   Memory: CPU Memory: 201.79MB RSS
2026-05-04 00:03:13,260 [INFO] [1.64s] 
2026-05-04 00:03:13,262 [INFO] [1.64s] ------------------------------------------------------------
2026-05-04 00:03:13,262 [DEBUG] [1.64s] [Batch 1/16] INPUT DATA STATS
2026-05-04 00:03:13,263 [INFO] [1.64s]   Case: cavity/geo/case0001 (t=21)
2026-05-04 00:03:13,264 [DEBUG] [1.64s]   Tensor Stats - Input (first sample):
2026-05-04 00:03:13,265 [INFO] [1.64s]     shape: (64, 64, 2)
2026-05-04 00:03:13,265 [INFO] [1.64s]     dtype: torch.float32
2026-05-04 00:03:13,265 [INFO] [1.64s]     mean: 0.015368
2026-05-04 00:03:13,265 [INFO] [1.64s]     std: 1.366188
2026-05-04 00:03:13,265 [INFO] [1.64s]     min: -6.035484
2026-05-04 00:03:13,265 [INFO] [1.64s]     max: 6.462160
2026-05-04 00:03:13,265 [INFO] [1.64s]     median: -0.017463
2026-05-04 00:03:13,266 [DEBUG] [1.64s]   Tensor Stats - Target (first sample):
2026-05-04 00:03:13,266 [INFO] [1.64s]     shape: (64, 64, 2)
2026-05-04 00:03:13,266 [INFO] [1.64s]     dtype: torch.float32
2026-05-04 00:03:13,266 [INFO] [1.64s]     mean: 0.015365
2026-05-04 00:03:13,266 [INFO] [1.64s]     std: 1.367891
2026-05-04 00:03:13,266 [INFO] [1.64s]     min: -6.037034
2026-05-04 00:03:13,266 [INFO] [1.64s]     max: 6.462160
2026-05-04 00:03:13,266 [INFO] [1.64s]     median: -0.017284
2026-05-04 00:03:13,469 [DEBUG] [1.85s] 
  [Batch 1/16] GRADIENT STATISTICS
2026-05-04 00:03:13,469 [INFO] [1.85s]   Gradient Stats:
2026-05-04 00:03:13,470 [INFO] [1.85s]     grad_norm_mean: 0.371657
2026-05-04 00:03:13,470 [INFO] [1.85s]     grad_norm_max: 1.667609
2026-05-04 00:03:13,470 [INFO] [1.85s]     grad_norm_min: 0.000000
2026-05-04 00:03:13,470 [INFO] [1.85s]     grad_mean_mean: 0.003038
2026-05-04 00:03:13,470 [INFO] [1.85s]     grad_max_max: 0.497940
2026-05-04 00:03:13,470 [INFO] [1.85s]     grad_min_min: -0.512625
2026-05-04 00:03:13,470 [INFO] [1.85s]     valid_gradients: 30
2026-05-04 00:03:13,470 [INFO] [1.85s]     invalid_gradients: 0
2026-05-04 00:03:13,501 [DEBUG] [1.88s] 
  [Batch 1/16] PARAMETER STATISTICS
2026-05-04 00:03:13,501 [INFO] [1.88s]   Param Stats:
2026-05-04 00:03:13,501 [INFO] [1.88s]     param_norm_mean: 1.514170
2026-05-04 00:03:13,501 [INFO] [1.88s]     param_norm_max: 6.565562
2026-05-04 00:03:13,502 [INFO] [1.88s]     param_means_mean: 0.138218
2026-05-04 00:03:13,502 [INFO] [1.88s] 
  [Batch 1/16] TRAINING PROGRESS
2026-05-04 00:03:13,502 [INFO] [1.88s]     Batch Loss:      1.01541853
2026-05-04 00:03:13,502 [INFO] [1.88s]     Running Avg:     1.01541853
2026-05-04 00:03:13,502 [INFO] [1.88s]     Case:            cavity/geo/case0001 (t=21)
2026-05-04 00:03:13,504 [INFO] [1.88s] ------------------------------------------------------------
2026-05-04 00:03:13,504 [DEBUG] [1.88s] [Batch 2/16] INPUT DATA STATS
2026-05-04 00:03:13,504 [INFO] [1.88s]   Case: cavity/geo/case0001 (t=13)
2026-05-04 00:03:13,505 [DEBUG] [1.88s]   Tensor Stats - Input (first sample):
2026-05-04 00:03:13,506 [INFO] [1.88s]     shape: (64, 64, 2)
2026-05-04 00:03:13,506 [INFO] [1.88s]     dtype: torch.float32
2026-05-04 00:03:13,506 [INFO] [1.88s]     mean: 0.015439
2026-05-04 00:03:13,506 [INFO] [1.88s]     std: 1.335793
2026-05-04 00:03:13,507 [INFO] [1.88s]     min: -6.002517
2026-05-04 00:03:13,507 [INFO] [1.88s]     max: 6.462160
2026-05-04 00:03:13,507 [INFO] [1.88s]     median: -0.018838
2026-05-04 00:03:13,508 [DEBUG] [1.88s]   Tensor Stats - Target (first sample):
2026-05-04 00:03:13,508 [INFO] [1.89s]     shape: (64, 64, 2)
2026-05-04 00:03:13,509 [INFO] [1.89s]     dtype: torch.float32
2026-05-04 00:03:13,509 [INFO] [1.89s]     mean: 0.015422
2026-05-04 00:03:13,509 [INFO] [1.89s]     std: 1.341559
2026-05-04 00:03:13,509 [INFO] [1.89s]     min: -6.010036
2026-05-04 00:03:13,510 [INFO] [1.89s]     max: 6.462160
2026-05-04 00:03:13,510 [INFO] [1.89s]     median: -0.018760
2026-05-04 00:03:13,649 [DEBUG] [2.03s] 
  [Batch 2/16] GRADIENT STATISTICS
2026-05-04 00:03:13,649 [INFO] [2.03s]   Gradient Stats:
2026-05-04 00:03:13,649 [INFO] [2.03s]     grad_norm_mean: 0.376980
2026-05-04 00:03:13,650 [INFO] [2.03s]     grad_norm_max: 2.057587
2026-05-04 00:03:13,650 [INFO] [2.03s]     grad_norm_min: 0.000000
2026-05-04 00:03:13,650 [INFO] [2.03s]     grad_mean_mean: 0.000806
2026-05-04 00:03:13,650 [INFO] [2.03s]     grad_max_max: 0.640318
2026-05-04 00:03:13,650 [INFO] [2.03s]     grad_min_min: -0.455116
2026-05-04 00:03:13,650 [INFO] [2.03s]     valid_gradients: 30
2026-05-04 00:03:13,650 [INFO] [2.03s]     invalid_gradients: 0
2026-05-04 00:03:13,671 [DEBUG] [2.05s] 
  [Batch 2/16] PARAMETER STATISTICS
2026-05-04 00:03:13,671 [INFO] [2.05s]   Param Stats:
2026-05-04 00:03:13,671 [INFO] [2.05s]     param_norm_mean: 1.534673
2026-05-04 00:03:13,672 [INFO] [2.05s]     param_norm_max: 6.566218
2026-05-04 00:03:13,672 [INFO] [2.05s]     param_means_mean: 0.138250
2026-05-04 00:03:13,673 [INFO] [2.05s] 
  [Batch 2/16] TRAINING PROGRESS
2026-05-04 00:03:13,673 [INFO] [2.05s]     Batch Loss:      1.44759989
2026-05-04 00:03:13,673 [INFO] [2.05s]     Running Avg:     1.23150921
2026-05-04 00:03:13,673 [INFO] [2.05s]     Case:            cavity/geo/case0001 (t=13)
2026-05-04 00:03:13,678 [INFO] [2.05s] ------------------------------------------------------------
2026-05-04 00:03:13,678 [DEBUG] [2.06s] [Batch 3/16] INPUT DATA STATS
2026-05-04 00:03:13,679 [INFO] [2.06s]   Case: cavity/bc/case0001 (t=3)
2026-05-04 00:03:13,680 [DEBUG] [2.06s]   Tensor Stats - Input (first sample):
2026-05-04 00:03:13,680 [INFO] [2.06s]     shape: (64, 64, 2)
2026-05-04 00:03:13,680 [INFO] [2.06s]     dtype: torch.float32
2026-05-04 00:03:13,681 [INFO] [2.06s]     mean: -0.029070
2026-05-04 00:03:13,681 [INFO] [2.06s]     std: 0.342959
2026-05-04 00:03:13,681 [INFO] [2.06s]     min: -1.287399
2026-05-04 00:03:13,681 [INFO] [2.06s]     max: 1.230027
2026-05-04 00:03:13,682 [INFO] [2.06s]     median: -0.044151
2026-05-04 00:03:13,683 [DEBUG] [2.06s]   Tensor Stats - Target (first sample):
2026-05-04 00:03:13,683 [INFO] [2.06s]     shape: (64, 64, 2)
2026-05-04 00:03:13,683 [INFO] [2.06s]     dtype: torch.float32
2026-05-04 00:03:13,683 [INFO] [2.06s]     mean: -0.029073
2026-05-04 00:03:13,684 [INFO] [2.06s]     std: 0.349710
2026-05-04 00:03:13,684 [INFO] [2.06s]     min: -1.286291
2026-05-04 00:03:13,684 [INFO] [2.06s]     max: 1.230027
2026-05-04 00:03:13,684 [INFO] [2.06s]     median: -0.043582
2026-05-04 00:03:13,845 [DEBUG] [2.22s] 
  [Batch 3/16] GRADIENT STATISTICS
2026-05-04 00:03:13,845 [INFO] [2.22s]   Gradient Stats:
2026-05-04 00:03:13,845 [INFO] [2.22s]     grad_norm_mean: 0.156329
2026-05-04 00:03:13,845 [INFO] [2.22s]     grad_norm_max: 1.081650
2026-05-04 00:03:13,847 [INFO] [2.22s]     grad_norm_min: 0.000000
2026-05-04 00:03:13,847 [INFO] [2.22s]     grad_mean_mean: 0.001851
2026-05-04 00:03:13,847 [INFO] [2.22s]     grad_max_max: 0.270788
2026-05-04 00:03:13,847 [INFO] [2.22s]     grad_min_min: -0.178335
2026-05-04 00:03:13,847 [INFO] [2.22s]     valid_gradients: 30
2026-05-04 00:03:13,847 [INFO] [2.22s]     invalid_gradients: 0
2026-05-04 00:03:13,881 [DEBUG] [2.26s] 
  [Batch 3/16] PARAMETER STATISTICS
2026-05-04 00:03:13,881 [INFO] [2.26s]   Param Stats:
2026-05-04 00:03:13,881 [INFO] [2.26s]     param_norm_mean: 1.557763
2026-05-04 00:03:13,882 [INFO] [2.26s]     param_norm_max: 6.567412
2026-05-04 00:03:13,882 [INFO] [2.26s]     param_means_mean: 0.138294
2026-05-04 00:03:13,882 [INFO] [2.26s] 
  [Batch 3/16] TRAINING PROGRESS
2026-05-04 00:03:13,882 [INFO] [2.26s]     Batch Loss:      0.37979504
2026-05-04 00:03:13,882 [INFO] [2.26s]     Running Avg:     0.94760449
2026-05-04 00:03:13,883 [INFO] [2.26s]     Case:            cavity/bc/case0001 (t=3)
2026-05-04 00:03:13,887 [INFO] [2.26s] ------------------------------------------------------------
2026-05-04 00:03:13,887 [DEBUG] [2.26s] [Batch 4/16] INPUT DATA STATS
2026-05-04 00:03:13,888 [INFO] [2.26s]   Case: cavity/geo/case0001 (t=14)
2026-05-04 00:03:13,889 [DEBUG] [2.27s]   Tensor Stats - Input (first sample):
2026-05-04 00:03:13,889 [INFO] [2.27s]     shape: (64, 64, 2)
2026-05-04 00:03:13,890 [INFO] [2.27s]     dtype: torch.float32
2026-05-04 00:03:13,890 [INFO] [2.27s]     mean: 0.015422
2026-05-04 00:03:13,890 [INFO] [2.27s]     std: 1.341559
2026-05-04 00:03:13,890 [INFO] [2.27s]     min: -6.010036
2026-05-04 00:03:13,891 [INFO] [2.27s]     max: 6.462160
2026-05-04 00:03:13,891 [INFO] [2.27s]     median: -0.018760
2026-05-04 00:03:13,892 [DEBUG] [2.27s]   Tensor Stats - Target (first sample):
2026-05-04 00:03:13,892 [INFO] [2.27s]     shape: (64, 64, 2)
2026-05-04 00:03:13,892 [INFO] [2.27s]     dtype: torch.float32
2026-05-04 00:03:13,892 [INFO] [2.27s]     mean: 0.015407
2026-05-04 00:03:13,893 [INFO] [2.27s]     std: 1.346806
2026-05-04 00:03:13,894 [INFO] [2.27s]     min: -6.016103
2026-05-04 00:03:13,894 [INFO] [2.27s]     max: 6.462160
2026-05-04 00:03:13,894 [INFO] [2.27s]     median: -0.018489
2026-05-04 00:03:14,040 [DEBUG] [2.42s] 
  [Batch 4/16] GRADIENT STATISTICS
2026-05-04 00:03:14,041 [INFO] [2.42s]   Gradient Stats:
2026-05-04 00:03:14,041 [INFO] [2.42s]     grad_norm_mean: 0.259815
2026-05-04 00:03:14,041 [INFO] [2.42s]     grad_norm_max: 2.370232
2026-05-04 00:03:14,041 [INFO] [2.42s]     grad_norm_min: 0.000000
2026-05-04 00:03:14,041 [INFO] [2.42s]     grad_mean_mean: -0.000319
2026-05-04 00:03:14,041 [INFO] [2.42s]     grad_max_max: 0.537631
2026-05-04 00:03:14,041 [INFO] [2.42s]     grad_min_min: -0.448228
2026-05-04 00:03:14,042 [INFO] [2.42s]     valid_gradients: 30
2026-05-04 00:03:14,042 [INFO] [2.42s]     invalid_gradients: 0
2026-05-04 00:03:14,058 [DEBUG] [2.44s] 
  [Batch 4/16] PARAMETER STATISTICS
2026-05-04 00:03:14,059 [INFO] [2.44s]   Param Stats:
2026-05-04 00:03:14,059 [INFO] [2.44s]     param_norm_mean: 1.582048
2026-05-04 00:03:14,059 [INFO] [2.44s]     param_norm_max: 6.569471
2026-05-04 00:03:14,059 [INFO] [2.44s]     param_means_mean: 0.138364
2026-05-04 00:03:14,059 [INFO] [2.44s] 
  [Batch 4/16] TRAINING PROGRESS
2026-05-04 00:03:14,059 [INFO] [2.44s]     Batch Loss:      1.19603121
2026-05-04 00:03:14,061 [INFO] [2.44s]     Running Avg:     1.00971117
2026-05-04 00:03:14,061 [INFO] [2.44s]     Case:            cavity/geo/case0001 (t=14)
2026-05-04 00:03:14,063 [INFO] [2.44s] ------------------------------------------------------------
2026-05-04 00:03:14,064 [DEBUG] [2.44s] [Batch 5/16] INPUT DATA STATS
2026-05-04 00:03:14,064 [INFO] [2.44s]   Case: cavity/geo/case0001 (t=19)
2026-05-04 00:03:14,065 [DEBUG] [2.44s]   Tensor Stats - Input (first sample):
2026-05-04 00:03:14,066 [INFO] [2.44s]     shape: (64, 64, 2)
2026-05-04 00:03:14,066 [INFO] [2.44s]     dtype: torch.float32
2026-05-04 00:03:14,066 [INFO] [2.44s]     mean: 0.015377
2026-05-04 00:03:14,066 [INFO] [2.44s]     std: 1.361713
2026-05-04 00:03:14,066 [INFO] [2.44s]     min: -6.031278
2026-05-04 00:03:14,066 [INFO] [2.44s]     max: 6.462160
2026-05-04 00:03:14,067 [INFO] [2.44s]     median: -0.017854
2026-05-04 00:03:14,067 [DEBUG] [2.44s]   Tensor Stats - Target (first sample):
2026-05-04 00:03:14,067 [INFO] [2.44s]     shape: (64, 64, 2)
2026-05-04 00:03:14,068 [INFO] [2.44s]     dtype: torch.float32
2026-05-04 00:03:14,068 [INFO] [2.44s]     mean: 0.015372
2026-05-04 00:03:14,068 [INFO] [2.44s]     std: 1.364150
2026-05-04 00:03:14,068 [INFO] [2.44s]     min: -6.033597
2026-05-04 00:03:14,068 [INFO] [2.44s]     max: 6.462160
2026-05-04 00:03:14,069 [INFO] [2.45s]     median: -0.017636
2026-05-04 00:03:14,242 [DEBUG] [2.62s] 
  [Batch 5/16] GRADIENT STATISTICS
2026-05-04 00:03:14,242 [INFO] [2.62s]   Gradient Stats:
2026-05-04 00:03:14,242 [INFO] [2.62s]     grad_norm_mean: 0.229258
2026-05-04 00:03:14,243 [INFO] [2.62s]     grad_norm_max: 2.332348
2026-05-04 00:03:14,243 [INFO] [2.62s]     grad_norm_min: 0.000000
2026-05-04 00:03:14,243 [INFO] [2.62s]     grad_mean_mean: -0.000807
2026-05-04 00:03:14,243 [INFO] [2.62s]     grad_max_max: 0.465631
2026-05-04 00:03:14,243 [INFO] [2.62s]     grad_min_min: -0.466516
2026-05-04 00:03:14,243 [INFO] [2.62s]     valid_gradients: 30
2026-05-04 00:03:14,243 [INFO] [2.62s]     invalid_gradients: 0
2026-05-04 00:03:14,269 [DEBUG] [2.65s] 
  [Batch 5/16] PARAMETER STATISTICS
2026-05-04 00:03:14,269 [INFO] [2.65s]   Param Stats:
2026-05-04 00:03:14,269 [INFO] [2.65s]     param_norm_mean: 1.607010
2026-05-04 00:03:14,270 [INFO] [2.65s]     param_norm_max: 6.572196
2026-05-04 00:03:14,270 [INFO] [2.65s]     param_means_mean: 0.138451
2026-05-04 00:03:14,271 [INFO] [2.65s] 
  [Batch 5/16] TRAINING PROGRESS
2026-05-04 00:03:14,271 [INFO] [2.65s]     Batch Loss:      0.97652084
2026-05-04 00:03:14,271 [INFO] [2.65s]     Running Avg:     1.00307310
2026-05-04 00:03:14,271 [INFO] [2.65s]     Case:            cavity/geo/case0001 (t=19)
2026-05-04 00:03:14,271 [DEBUG] [2.65s] 
  [Batch 5/16] PREDICTION SAMPLE
2026-05-04 00:03:14,272 [INFO] [2.65s]     Sample: cavity/geo/case0001 (t=19)
2026-05-04 00:03:14,273 [INFO] [2.65s]     Predicted U stats:  mean=0.037889, std=0.386162
2026-05-04 00:03:14,273 [INFO] [2.65s]     Target U stats:     mean=0.030445, std=1.328556
2026-05-04 00:03:14,274 [INFO] [2.65s]     Predicted V stats:  mean=0.062197, std=0.343966
2026-05-04 00:03:14,274 [INFO] [2.65s]     Target V stats:     mean=0.000298, std=1.398515
2026-05-04 00:03:14,275 [INFO] [2.65s]     Sample MSE (U): 0.96138716
2026-05-04 00:03:14,275 [INFO] [2.65s]     Sample MSE (V): 1.19781184
2026-05-04 00:03:14,281 [INFO] [2.66s] ------------------------------------------------------------
2026-05-04 00:03:14,281 [DEBUG] [2.66s] [Batch 6/16] INPUT DATA STATS
2026-05-04 00:03:14,281 [INFO] [2.66s]   Case: cavity/geo/case0001 (t=0)
2026-05-04 00:03:14,282 [DEBUG] [2.66s]   Tensor Stats - Input (first sample):
2026-05-04 00:03:14,282 [INFO] [2.66s]     shape: (64, 64, 2)
2026-05-04 00:03:14,283 [INFO] [2.66s]     dtype: torch.float32
2026-05-04 00:03:14,283 [INFO] [2.66s]     mean: 0.015790
2026-05-04 00:03:14,283 [INFO] [2.66s]     std: 1.006671
2026-05-04 00:03:14,283 [INFO] [2.66s]     min: -5.547994
2026-05-04 00:03:14,283 [INFO] [2.66s]     max: 6.462160
2026-05-04 00:03:14,283 [INFO] [2.66s]     median: -0.025666
2026-05-04 00:03:14,284 [DEBUG] [2.66s]   Tensor Stats - Target (first sample):
2026-05-04 00:03:14,284 [INFO] [2.66s]     shape: (64, 64, 2)
2026-05-04 00:03:14,284 [INFO] [2.66s]     dtype: torch.float32
2026-05-04 00:03:14,284 [INFO] [2.66s]     mean: 0.015771
2026-05-04 00:03:14,285 [INFO] [2.66s]     std: 1.108773
2026-05-04 00:03:14,285 [INFO] [2.66s]     min: -5.616404
2026-05-04 00:03:14,285 [INFO] [2.66s]     max: 6.462160
2026-05-04 00:03:14,285 [INFO] [2.66s]     median: -0.018581
2026-05-04 00:03:14,434 [DEBUG] [2.81s] 
  [Batch 6/16] GRADIENT STATISTICS
2026-05-04 00:03:14,434 [INFO] [2.81s]   Gradient Stats:
2026-05-04 00:03:14,435 [INFO] [2.81s]     grad_norm_mean: 0.144433
2026-05-04 00:03:14,435 [INFO] [2.81s]     grad_norm_max: 1.428222
2026-05-04 00:03:14,435 [INFO] [2.81s]     grad_norm_min: 0.000000
2026-05-04 00:03:14,435 [INFO] [2.81s]     grad_mean_mean: 0.000144
2026-05-04 00:03:14,436 [INFO] [2.81s]     grad_max_max: 0.258595
2026-05-04 00:03:14,436 [INFO] [2.81s]     grad_min_min: -0.289517
2026-05-04 00:03:14,436 [INFO] [2.81s]     valid_gradients: 30
2026-05-04 00:03:14,436 [INFO] [2.81s]     invalid_gradients: 0
2026-05-04 00:03:14,459 [DEBUG] [2.84s] 
  [Batch 6/16] PARAMETER STATISTICS
2026-05-04 00:03:14,460 [INFO] [2.84s]   Param Stats:
2026-05-04 00:03:14,460 [INFO] [2.84s]     param_norm_mean: 1.630517
2026-05-04 00:03:14,460 [INFO] [2.84s]     param_norm_max: 6.575182
2026-05-04 00:03:14,460 [INFO] [2.84s]     param_means_mean: 0.138536
2026-05-04 00:03:14,460 [INFO] [2.84s] 
  [Batch 6/16] TRAINING PROGRESS
2026-05-04 00:03:14,461 [INFO] [2.84s]     Batch Loss:      0.38025108
2026-05-04 00:03:14,461 [INFO] [2.84s]     Running Avg:     0.89926943
2026-05-04 00:03:14,462 [INFO] [2.84s]     Case:            cavity/geo/case0001 (t=0)
2026-05-04 00:03:14,464 [INFO] [2.84s] ------------------------------------------------------------
2026-05-04 00:03:14,464 [DEBUG] [2.84s] [Batch 7/16] INPUT DATA STATS
2026-05-04 00:03:14,464 [INFO] [2.84s]   Case: cavity/geo/case0002 (t=10)
2026-05-04 00:03:14,468 [DEBUG] [2.84s]   Tensor Stats - Input (first sample):
2026-05-04 00:03:14,468 [INFO] [2.84s]     shape: (64, 64, 2)
2026-05-04 00:03:14,468 [INFO] [2.84s]     dtype: torch.float32
2026-05-04 00:03:14,468 [INFO] [2.85s]     mean: 0.014903
2026-05-04 00:03:14,469 [INFO] [2.85s]     std: 1.131254
2026-05-04 00:03:14,469 [INFO] [2.85s]     min: -6.005840
2026-05-04 00:03:14,470 [INFO] [2.85s]     max: 6.462160
2026-05-04 00:03:14,470 [INFO] [2.85s]     median: -0.037786
2026-05-04 00:03:14,470 [DEBUG] [2.85s]   Tensor Stats - Target (first sample):
2026-05-04 00:03:14,472 [INFO] [2.85s]     shape: (64, 64, 2)
2026-05-04 00:03:14,472 [INFO] [2.85s]     dtype: torch.float32
2026-05-04 00:03:14,472 [INFO] [2.85s]     mean: 0.014893
2026-05-04 00:03:14,472 [INFO] [2.85s]     std: 1.138756
2026-05-04 00:03:14,473 [INFO] [2.85s]     min: -6.015213
2026-05-04 00:03:14,473 [INFO] [2.85s]     max: 6.462160
2026-05-04 00:03:14,473 [INFO] [2.85s]     median: -0.037641
2026-05-04 00:03:14,612 [DEBUG] [2.99s] 
  [Batch 7/16] GRADIENT STATISTICS
2026-05-04 00:03:14,612 [INFO] [2.99s]   Gradient Stats:
2026-05-04 00:03:14,612 [INFO] [2.99s]     grad_norm_mean: 0.175390
2026-05-04 00:03:14,612 [INFO] [2.99s]     grad_norm_max: 1.960803
2026-05-04 00:03:14,612 [INFO] [2.99s]     grad_norm_min: 0.000000
2026-05-04 00:03:14,612 [INFO] [2.99s]     grad_mean_mean: -0.000970
2026-05-04 00:03:14,612 [INFO] [2.99s]     grad_max_max: 0.337393
2026-05-04 00:03:14,613 [INFO] [2.99s]     grad_min_min: -0.416767
2026-05-04 00:03:14,613 [INFO] [2.99s]     valid_gradients: 30
2026-05-04 00:03:14,613 [INFO] [2.99s]     invalid_gradients: 0
2026-05-04 00:03:14,637 [DEBUG] [3.01s] 
  [Batch 7/16] PARAMETER STATISTICS
2026-05-04 00:03:14,637 [INFO] [3.01s]   Param Stats:
2026-05-04 00:03:14,637 [INFO] [3.01s]     param_norm_mean: 1.652701
2026-05-04 00:03:14,637 [INFO] [3.01s]     param_norm_max: 6.578667
2026-05-04 00:03:14,637 [INFO] [3.01s]     param_means_mean: 0.138621
2026-05-04 00:03:14,638 [INFO] [3.01s] 
  [Batch 7/16] TRAINING PROGRESS
2026-05-04 00:03:14,638 [INFO] [3.01s]     Batch Loss:      0.54923791
2026-05-04 00:03:14,638 [INFO] [3.01s]     Running Avg:     0.84926493
2026-05-04 00:03:14,638 [INFO] [3.01s]     Case:            cavity/geo/case0002 (t=10)
2026-05-04 00:03:14,643 [INFO] [3.02s] ------------------------------------------------------------
2026-05-04 00:03:14,645 [DEBUG] [3.02s] [Batch 8/16] INPUT DATA STATS
2026-05-04 00:03:14,645 [INFO] [3.02s]   Case: cavity/geo/case0002 (t=16)
2026-05-04 00:03:14,646 [DEBUG] [3.02s]   Tensor Stats - Input (first sample):
2026-05-04 00:03:14,646 [INFO] [3.02s]     shape: (64, 64, 2)
2026-05-04 00:03:14,646 [INFO] [3.02s]     dtype: torch.float32
2026-05-04 00:03:14,646 [INFO] [3.02s]     mean: 0.014878
2026-05-04 00:03:14,646 [INFO] [3.02s]     std: 1.160731
2026-05-04 00:03:14,646 [INFO] [3.02s]     min: -6.037682
2026-05-04 00:03:14,647 [INFO] [3.02s]     max: 6.462160
2026-05-04 00:03:14,647 [INFO] [3.02s]     median: -0.038272
2026-05-04 00:03:14,648 [DEBUG] [3.02s]   Tensor Stats - Target (first sample):
2026-05-04 00:03:14,648 [INFO] [3.02s]     shape: (64, 64, 2)
2026-05-04 00:03:14,648 [INFO] [3.02s]     dtype: torch.float32
2026-05-04 00:03:14,648 [INFO] [3.03s]     mean: 0.014877
2026-05-04 00:03:14,649 [INFO] [3.03s]     std: 1.163145
2026-05-04 00:03:14,649 [INFO] [3.03s]     min: -6.039853
2026-05-04 00:03:14,649 [INFO] [3.03s]     max: 6.462160
2026-05-04 00:03:14,649 [INFO] [3.03s]     median: -0.038311
2026-05-04 00:03:14,832 [DEBUG] [3.21s] 
  [Batch 8/16] GRADIENT STATISTICS
2026-05-04 00:03:14,832 [INFO] [3.21s]   Gradient Stats:
2026-05-04 00:03:14,832 [INFO] [3.21s]     grad_norm_mean: 0.170158
2026-05-04 00:03:14,832 [INFO] [3.21s]     grad_norm_max: 2.013998
2026-05-04 00:03:14,832 [INFO] [3.21s]     grad_norm_min: 0.000000
2026-05-04 00:03:14,833 [INFO] [3.21s]     grad_mean_mean: -0.001113
2026-05-04 00:03:14,833 [INFO] [3.21s]     grad_max_max: 0.349895
2026-05-04 00:03:14,833 [INFO] [3.21s]     grad_min_min: -0.413400
2026-05-04 00:03:14,833 [INFO] [3.21s]     valid_gradients: 30
2026-05-04 00:03:14,833 [INFO] [3.21s]     invalid_gradients: 0
2026-05-04 00:03:14,860 [DEBUG] [3.24s] 
  [Batch 8/16] PARAMETER STATISTICS
2026-05-04 00:03:14,860 [INFO] [3.24s]   Param Stats:
2026-05-04 00:03:14,861 [INFO] [3.24s]     param_norm_mean: 1.673899
2026-05-04 00:03:14,861 [INFO] [3.24s]     param_norm_max: 6.582615
2026-05-04 00:03:14,861 [INFO] [3.24s]     param_means_mean: 0.138708
2026-05-04 00:03:14,861 [INFO] [3.24s] 
  [Batch 8/16] TRAINING PROGRESS
2026-05-04 00:03:14,861 [INFO] [3.24s]     Batch Loss:      0.55115008
2026-05-04 00:03:14,862 [INFO] [3.24s]     Running Avg:     0.81200057
2026-05-04 00:03:14,862 [INFO] [3.24s]     Case:            cavity/geo/case0002 (t=16)
2026-05-04 00:03:14,868 [INFO] [3.25s] ------------------------------------------------------------
2026-05-04 00:03:14,869 [DEBUG] [3.25s] [Batch 9/16] INPUT DATA STATS
2026-05-04 00:03:14,869 [INFO] [3.25s]   Case: cavity/bc/case0001 (t=5)
2026-05-04 00:03:14,870 [DEBUG] [3.25s]   Tensor Stats - Input (first sample):
2026-05-04 00:03:14,870 [INFO] [3.25s]     shape: (64, 64, 2)
2026-05-04 00:03:14,870 [INFO] [3.25s]     dtype: torch.float32
2026-05-04 00:03:14,871 [INFO] [3.25s]     mean: -0.029075
2026-05-04 00:03:14,871 [INFO] [3.25s]     std: 0.354091
2026-05-04 00:03:14,871 [INFO] [3.25s]     min: -1.285388
2026-05-04 00:03:14,871 [INFO] [3.25s]     max: 1.230027
2026-05-04 00:03:14,871 [INFO] [3.25s]     median: -0.043878
2026-05-04 00:03:14,872 [DEBUG] [3.25s]   Tensor Stats - Target (first sample):
2026-05-04 00:03:14,872 [INFO] [3.25s]     shape: (64, 64, 2)
2026-05-04 00:03:14,873 [INFO] [3.25s]     dtype: torch.float32
2026-05-04 00:03:14,873 [INFO] [3.25s]     mean: -0.029077
2026-05-04 00:03:14,873 [INFO] [3.25s]     std: 0.357040
2026-05-04 00:03:14,873 [INFO] [3.25s]     min: -1.284735
2026-05-04 00:03:14,873 [INFO] [3.25s]     max: 1.230027
2026-05-04 00:03:14,873 [INFO] [3.25s]     median: -0.043447
2026-05-04 00:03:15,019 [DEBUG] [3.40s] 
  [Batch 9/16] GRADIENT STATISTICS
2026-05-04 00:03:15,020 [INFO] [3.40s]   Gradient Stats:
2026-05-04 00:03:15,020 [INFO] [3.40s]     grad_norm_mean: 0.096039
2026-05-04 00:03:15,020 [INFO] [3.40s]     grad_norm_max: 0.610827
2026-05-04 00:03:15,020 [INFO] [3.40s]     grad_norm_min: 0.000000
2026-05-04 00:03:15,020 [INFO] [3.40s]     grad_mean_mean: 0.003212
2026-05-04 00:03:15,020 [INFO] [3.40s]     grad_max_max: 0.135482
2026-05-04 00:03:15,020 [INFO] [3.40s]     grad_min_min: -0.097297
2026-05-04 00:03:15,020 [INFO] [3.40s]     valid_gradients: 30
2026-05-04 00:03:15,021 [INFO] [3.40s]     invalid_gradients: 0
2026-05-04 00:03:15,055 [DEBUG] [3.43s] 
  [Batch 9/16] PARAMETER STATISTICS
2026-05-04 00:03:15,055 [INFO] [3.43s]   Param Stats:
2026-05-04 00:03:15,055 [INFO] [3.43s]     param_norm_mean: 1.693221
2026-05-04 00:03:15,055 [INFO] [3.43s]     param_norm_max: 6.585997
2026-05-04 00:03:15,055 [INFO] [3.43s]     param_means_mean: 0.138773
2026-05-04 00:03:15,056 [INFO] [3.43s] 
  [Batch 9/16] TRAINING PROGRESS
2026-05-04 00:03:15,056 [INFO] [3.43s]     Batch Loss:      0.06591218
2026-05-04 00:03:15,056 [INFO] [3.43s]     Running Avg:     0.72910186
2026-05-04 00:03:15,056 [INFO] [3.43s]     Case:            cavity/bc/case0001 (t=5)
2026-05-04 00:03:15,059 [INFO] [3.44s] ------------------------------------------------------------
2026-05-04 00:03:15,059 [DEBUG] [3.44s] [Batch 10/16] INPUT DATA STATS
2026-05-04 00:03:15,059 [INFO] [3.44s]   Case: cavity/bc/case0001 (t=7)
2026-05-04 00:03:15,061 [DEBUG] [3.44s]   Tensor Stats - Input (first sample):
2026-05-04 00:03:15,061 [INFO] [3.44s]     shape: (64, 64, 2)
2026-05-04 00:03:15,062 [INFO] [3.44s]     dtype: torch.float32
2026-05-04 00:03:15,062 [INFO] [3.44s]     mean: -0.029078
2026-05-04 00:03:15,062 [INFO] [3.44s]     std: 0.359056
2026-05-04 00:03:15,062 [INFO] [3.44s]     min: -1.284276
2026-05-04 00:03:15,063 [INFO] [3.44s]     max: 1.230027
2026-05-04 00:03:15,063 [INFO] [3.44s]     median: -0.043366
2026-05-04 00:03:15,064 [DEBUG] [3.44s]   Tensor Stats - Target (first sample):
2026-05-04 00:03:15,065 [INFO] [3.44s]     shape: (64, 64, 2)
2026-05-04 00:03:15,065 [INFO] [3.44s]     dtype: torch.float32
2026-05-04 00:03:15,065 [INFO] [3.44s]     mean: -0.029079
2026-05-04 00:03:15,065 [INFO] [3.44s]     std: 0.360445
2026-05-04 00:03:15,065 [INFO] [3.44s]     min: -1.283956
2026-05-04 00:03:15,065 [INFO] [3.44s]     max: 1.230027
2026-05-04 00:03:15,065 [INFO] [3.44s]     median: -0.043470
2026-05-04 00:03:15,267 [DEBUG] [3.64s] 
  [Batch 10/16] GRADIENT STATISTICS
2026-05-04 00:03:15,267 [INFO] [3.64s]   Gradient Stats:
2026-05-04 00:03:15,267 [INFO] [3.64s]     grad_norm_mean: 0.060296
2026-05-04 00:03:15,267 [INFO] [3.64s]     grad_norm_max: 0.354863
2026-05-04 00:03:15,267 [INFO] [3.64s]     grad_norm_min: 0.000000
2026-05-04 00:03:15,267 [INFO] [3.64s]     grad_mean_mean: 0.001758
2026-05-04 00:03:15,267 [INFO] [3.64s]     grad_max_max: 0.069155
2026-05-04 00:03:15,268 [INFO] [3.64s]     grad_min_min: -0.063410
2026-05-04 00:03:15,268 [INFO] [3.64s]     valid_gradients: 30
2026-05-04 00:03:15,268 [INFO] [3.64s]     invalid_gradients: 0
2026-05-04 00:03:15,298 [DEBUG] [3.67s] 
  [Batch 10/16] PARAMETER STATISTICS
2026-05-04 00:03:15,298 [INFO] [3.67s]   Param Stats:
2026-05-04 00:03:15,298 [INFO] [3.68s]     param_norm_mean: 1.710614
2026-05-04 00:03:15,299 [INFO] [3.68s]     param_norm_max: 6.589110
2026-05-04 00:03:15,299 [INFO] [3.68s]     param_means_mean: 0.138825
2026-05-04 00:03:15,299 [INFO] [3.68s] 
  [Batch 10/16] TRAINING PROGRESS
2026-05-04 00:03:15,300 [INFO] [3.68s]     Batch Loss:      0.05574139
2026-05-04 00:03:15,300 [INFO] [3.68s]     Running Avg:     0.66176581
2026-05-04 00:03:15,300 [INFO] [3.68s]     Case:            cavity/bc/case0001 (t=7)
2026-05-04 00:03:15,300 [DEBUG] [3.68s] 
  [Batch 10/16] PREDICTION SAMPLE
2026-05-04 00:03:15,300 [INFO] [3.68s]     Sample: cavity/bc/case0001 (t=7)
2026-05-04 00:03:15,300 [INFO] [3.68s]     Predicted U stats:  mean=-0.018539, std=0.187859
2026-05-04 00:03:15,302 [INFO] [3.68s]     Target U stats:     mean=-0.057781, std=0.320103
2026-05-04 00:03:15,302 [INFO] [3.68s]     Predicted V stats:  mean=0.045835, std=0.230010
2026-05-04 00:03:15,303 [INFO] [3.68s]     Target V stats:     mean=-0.000376, std=0.394584
2026-05-04 00:03:15,303 [INFO] [3.68s]     Sample MSE (U): 0.03349822
2026-05-04 00:03:15,304 [INFO] [3.68s]     Sample MSE (V): 0.05000954
2026-05-04 00:03:15,305 [INFO] [3.68s] ------------------------------------------------------------
2026-05-04 00:03:15,307 [DEBUG] [3.68s] [Batch 11/16] INPUT DATA STATS
2026-05-04 00:03:15,307 [INFO] [3.68s]   Case: cavity/geo/case0001 (t=16)
2026-05-04 00:03:15,308 [DEBUG] [3.68s]   Tensor Stats - Input (first sample):
2026-05-04 00:03:15,308 [INFO] [3.68s]     shape: (64, 64, 2)
2026-05-04 00:03:15,309 [INFO] [3.69s]     dtype: torch.float32
2026-05-04 00:03:15,309 [INFO] [3.69s]     mean: 0.015400
2026-05-04 00:03:15,309 [INFO] [3.69s]     std: 1.351407
2026-05-04 00:03:15,310 [INFO] [3.69s]     min: -6.021000
2026-05-04 00:03:15,310 [INFO] [3.69s]     max: 6.462160
2026-05-04 00:03:15,310 [INFO] [3.69s]     median: -0.017916
2026-05-04 00:03:15,313 [DEBUG] [3.69s]   Tensor Stats - Target (first sample):
2026-05-04 00:03:15,313 [INFO] [3.69s]     shape: (64, 64, 2)
2026-05-04 00:03:15,313 [INFO] [3.69s]     dtype: torch.float32
2026-05-04 00:03:15,313 [INFO] [3.69s]     mean: 0.015390
2026-05-04 00:03:15,314 [INFO] [3.69s]     std: 1.355388
2026-05-04 00:03:15,314 [INFO] [3.69s]     min: -6.025029
2026-05-04 00:03:15,315 [INFO] [3.69s]     max: 6.462160
2026-05-04 00:03:15,315 [INFO] [3.69s]     median: -0.017566
2026-05-04 00:03:15,493 [DEBUG] [3.87s] 
  [Batch 11/16] GRADIENT STATISTICS
2026-05-04 00:03:15,493 [INFO] [3.87s]   Gradient Stats:
2026-05-04 00:03:15,493 [INFO] [3.87s]     grad_norm_mean: 0.151101
2026-05-04 00:03:15,493 [INFO] [3.87s]     grad_norm_max: 1.486017
2026-05-04 00:03:15,494 [INFO] [3.87s]     grad_norm_min: 0.000000
2026-05-04 00:03:15,494 [INFO] [3.87s]     grad_mean_mean: -0.000126
2026-05-04 00:03:15,494 [INFO] [3.87s]     grad_max_max: 0.270076
2026-05-04 00:03:15,495 [INFO] [3.87s]     grad_min_min: -0.268704
2026-05-04 00:03:15,495 [INFO] [3.87s]     valid_gradients: 30
2026-05-04 00:03:15,495 [INFO] [3.87s]     invalid_gradients: 0
2026-05-04 00:03:15,527 [DEBUG] [3.91s] 
  [Batch 11/16] PARAMETER STATISTICS
2026-05-04 00:03:15,529 [INFO] [3.91s]   Param Stats:
2026-05-04 00:03:15,529 [INFO] [3.91s]     param_norm_mean: 1.725732
2026-05-04 00:03:15,529 [INFO] [3.91s]     param_norm_max: 6.592638
2026-05-04 00:03:15,529 [INFO] [3.91s]     param_means_mean: 0.138868
2026-05-04 00:03:15,529 [INFO] [3.91s] 
  [Batch 11/16] TRAINING PROGRESS
2026-05-04 00:03:15,530 [INFO] [3.91s]     Batch Loss:      0.30923641
2026-05-04 00:03:15,530 [INFO] [3.91s]     Running Avg:     0.62971769
2026-05-04 00:03:15,530 [INFO] [3.91s]     Case:            cavity/geo/case0001 (t=16)
2026-05-04 00:03:15,533 [INFO] [3.91s] ------------------------------------------------------------
2026-05-04 00:03:15,533 [DEBUG] [3.91s] [Batch 12/16] INPUT DATA STATS
2026-05-04 00:03:15,533 [INFO] [3.91s]   Case: cavity/geo/case0002 (t=13)
2026-05-04 00:03:15,534 [DEBUG] [3.91s]   Tensor Stats - Input (first sample):
2026-05-04 00:03:15,535 [INFO] [3.91s]     shape: (64, 64, 2)
2026-05-04 00:03:15,535 [INFO] [3.91s]     dtype: torch.float32
2026-05-04 00:03:15,535 [INFO] [3.91s]     mean: 0.014883
2026-05-04 00:03:15,535 [INFO] [3.91s]     std: 1.150095
2026-05-04 00:03:15,535 [INFO] [3.91s]     min: -6.027620
2026-05-04 00:03:15,535 [INFO] [3.91s]     max: 6.462160
2026-05-04 00:03:15,535 [INFO] [3.91s]     median: -0.038035
2026-05-04 00:03:15,537 [DEBUG] [3.91s]   Tensor Stats - Target (first sample):
2026-05-04 00:03:15,538 [INFO] [3.91s]     shape: (64, 64, 2)
2026-05-04 00:03:15,538 [INFO] [3.91s]     dtype: torch.float32
2026-05-04 00:03:15,538 [INFO] [3.91s]     mean: 0.014881
2026-05-04 00:03:15,539 [INFO] [3.92s]     std: 1.154323
2026-05-04 00:03:15,539 [INFO] [3.92s]     min: -6.031734
2026-05-04 00:03:15,539 [INFO] [3.92s]     max: 6.462160
2026-05-04 00:03:15,539 [INFO] [3.92s]     median: -0.038432
2026-05-04 00:03:15,733 [DEBUG] [4.11s] 
  [Batch 12/16] GRADIENT STATISTICS
2026-05-04 00:03:15,733 [INFO] [4.11s]   Gradient Stats:
2026-05-04 00:03:15,734 [INFO] [4.11s]     grad_norm_mean: 0.056521
2026-05-04 00:03:15,734 [INFO] [4.11s]     grad_norm_max: 0.301925
2026-05-04 00:03:15,734 [INFO] [4.11s]     grad_norm_min: 0.000000
2026-05-04 00:03:15,735 [INFO] [4.11s]     grad_mean_mean: 0.001585
2026-05-04 00:03:15,735 [INFO] [4.11s]     grad_max_max: 0.065217
2026-05-04 00:03:15,735 [INFO] [4.11s]     grad_min_min: -0.060048
2026-05-04 00:03:15,735 [INFO] [4.11s]     valid_gradients: 30
2026-05-04 00:03:15,735 [INFO] [4.11s]     invalid_gradients: 0
2026-05-04 00:03:15,772 [DEBUG] [4.15s] 
  [Batch 12/16] PARAMETER STATISTICS
2026-05-04 00:03:15,772 [INFO] [4.15s]   Param Stats:
2026-05-04 00:03:15,774 [INFO] [4.15s]     param_norm_mean: 1.739227
2026-05-04 00:03:15,774 [INFO] [4.15s]     param_norm_max: 6.595928
2026-05-04 00:03:15,774 [INFO] [4.15s]     param_means_mean: 0.138901
2026-05-04 00:03:15,774 [INFO] [4.15s] 
  [Batch 12/16] TRAINING PROGRESS
2026-05-04 00:03:15,775 [INFO] [4.15s]     Batch Loss:      0.04815316
2026-05-04 00:03:15,775 [INFO] [4.15s]     Running Avg:     0.58125398
2026-05-04 00:03:15,775 [INFO] [4.15s]     Case:            cavity/geo/case0002 (t=13)
2026-05-04 00:03:15,782 [INFO] [4.16s] ------------------------------------------------------------
2026-05-04 00:03:15,782 [DEBUG] [4.16s] [Batch 13/16] INPUT DATA STATS
2026-05-04 00:03:15,783 [INFO] [4.16s]   Case: cavity/bc/case0001 (t=6)
2026-05-04 00:03:15,786 [DEBUG] [4.16s]   Tensor Stats - Input (first sample):
2026-05-04 00:03:15,786 [INFO] [4.16s]     shape: (64, 64, 2)
2026-05-04 00:03:15,787 [INFO] [4.16s]     dtype: torch.float32
2026-05-04 00:03:15,787 [INFO] [4.16s]     mean: -0.029077
2026-05-04 00:03:15,788 [INFO] [4.16s]     std: 0.357040
2026-05-04 00:03:15,788 [INFO] [4.16s]     min: -1.284735
2026-05-04 00:03:15,788 [INFO] [4.16s]     max: 1.230027
2026-05-04 00:03:15,788 [INFO] [4.16s]     median: -0.043447
2026-05-04 00:03:15,791 [DEBUG] [4.17s]   Tensor Stats - Target (first sample):
2026-05-04 00:03:15,791 [INFO] [4.17s]     shape: (64, 64, 2)
2026-05-04 00:03:15,792 [INFO] [4.17s]     dtype: torch.float32
2026-05-04 00:03:15,792 [INFO] [4.17s]     mean: -0.029078
2026-05-04 00:03:15,792 [INFO] [4.17s]     std: 0.359056
2026-05-04 00:03:15,793 [INFO] [4.17s]     min: -1.284276
2026-05-04 00:03:15,793 [INFO] [4.17s]     max: 1.230027
2026-05-04 00:03:15,794 [INFO] [4.17s]     median: -0.043366
2026-05-04 00:03:15,979 [DEBUG] [4.36s] 
  [Batch 13/16] GRADIENT STATISTICS
2026-05-04 00:03:15,979 [INFO] [4.36s]   Gradient Stats:
2026-05-04 00:03:15,979 [INFO] [4.36s]     grad_norm_mean: 0.050570
2026-05-04 00:03:15,980 [INFO] [4.36s]     grad_norm_max: 0.267286
2026-05-04 00:03:15,980 [INFO] [4.36s]     grad_norm_min: 0.000000
2026-05-04 00:03:15,980 [INFO] [4.36s]     grad_mean_mean: 0.001367
2026-05-04 00:03:15,980 [INFO] [4.36s]     grad_max_max: 0.061710
2026-05-04 00:03:15,980 [INFO] [4.36s]     grad_min_min: -0.039556
2026-05-04 00:03:15,980 [INFO] [4.36s]     valid_gradients: 30
2026-05-04 00:03:15,981 [INFO] [4.36s]     invalid_gradients: 0
2026-05-04 00:03:16,004 [DEBUG] [4.38s] 
  [Batch 13/16] PARAMETER STATISTICS
2026-05-04 00:03:16,004 [INFO] [4.38s]   Param Stats:
2026-05-04 00:03:16,005 [INFO] [4.38s]     param_norm_mean: 1.751341
2026-05-04 00:03:16,005 [INFO] [4.38s]     param_norm_max: 6.599010
2026-05-04 00:03:16,005 [INFO] [4.38s]     param_means_mean: 0.138925
2026-05-04 00:03:16,005 [INFO] [4.38s] 
  [Batch 13/16] TRAINING PROGRESS
2026-05-04 00:03:16,006 [INFO] [4.38s]     Batch Loss:      0.04807912
2026-05-04 00:03:16,006 [INFO] [4.38s]     Running Avg:     0.54024053
2026-05-04 00:03:16,007 [INFO] [4.38s]     Case:            cavity/bc/case0001 (t=6)
2026-05-04 00:03:16,012 [INFO] [4.39s] ------------------------------------------------------------
2026-05-04 00:03:16,013 [DEBUG] [4.39s] [Batch 14/16] INPUT DATA STATS
2026-05-04 00:03:16,013 [INFO] [4.39s]   Case: cavity/geo/case0002 (t=2)
2026-05-04 00:03:16,014 [DEBUG] [4.39s]   Tensor Stats - Input (first sample):
2026-05-04 00:03:16,014 [INFO] [4.39s]     shape: (64, 64, 2)
2026-05-04 00:03:16,015 [INFO] [4.39s]     dtype: torch.float32
2026-05-04 00:03:16,015 [INFO] [4.39s]     mean: 0.015945
2026-05-04 00:03:16,015 [INFO] [4.39s]     std: 0.998164
2026-05-04 00:03:16,015 [INFO] [4.39s]     min: -5.716193
2026-05-04 00:03:16,015 [INFO] [4.39s]     max: 6.462160
2026-05-04 00:03:16,015 [INFO] [4.39s]     median: -0.037682
2026-05-04 00:03:16,016 [DEBUG] [4.39s]   Tensor Stats - Target (first sample):
2026-05-04 00:03:16,018 [INFO] [4.40s]     shape: (64, 64, 2)
2026-05-04 00:03:16,019 [INFO] [4.40s]     dtype: torch.float32
2026-05-04 00:03:16,019 [INFO] [4.40s]     mean: 0.015632
2026-05-04 00:03:16,019 [INFO] [4.40s]     std: 1.024295
2026-05-04 00:03:16,019 [INFO] [4.40s]     min: -5.790040
2026-05-04 00:03:16,019 [INFO] [4.40s]     max: 6.462160
2026-05-04 00:03:16,020 [INFO] [4.40s]     median: -0.038506
2026-05-04 00:03:16,170 [DEBUG] [4.55s] 
  [Batch 14/16] GRADIENT STATISTICS
2026-05-04 00:03:16,170 [INFO] [4.55s]   Gradient Stats:
2026-05-04 00:03:16,172 [INFO] [4.55s]     grad_norm_mean: 0.096652
2026-05-04 00:03:16,172 [INFO] [4.55s]     grad_norm_max: 0.889097
2026-05-04 00:03:16,172 [INFO] [4.55s]     grad_norm_min: 0.000000
2026-05-04 00:03:16,172 [INFO] [4.55s]     grad_mean_mean: 0.000101
2026-05-04 00:03:16,172 [INFO] [4.55s]     grad_max_max: 0.166465
2026-05-04 00:03:16,172 [INFO] [4.55s]     grad_min_min: -0.181558
2026-05-04 00:03:16,172 [INFO] [4.55s]     valid_gradients: 30
2026-05-04 00:03:16,172 [INFO] [4.55s]     invalid_gradients: 0
2026-05-04 00:03:16,203 [DEBUG] [4.58s] 
  [Batch 14/16] PARAMETER STATISTICS
2026-05-04 00:03:16,203 [INFO] [4.58s]   Param Stats:
2026-05-04 00:03:16,203 [INFO] [4.58s]     param_norm_mean: 1.762144
2026-05-04 00:03:16,203 [INFO] [4.58s]     param_norm_max: 6.602327
2026-05-04 00:03:16,203 [INFO] [4.58s]     param_means_mean: 0.138943
2026-05-04 00:03:16,203 [INFO] [4.58s] 
  [Batch 14/16] TRAINING PROGRESS
2026-05-04 00:03:16,203 [INFO] [4.58s]     Batch Loss:      0.12397387
2026-05-04 00:03:16,206 [INFO] [4.58s]     Running Avg:     0.51050719
2026-05-04 00:03:16,206 [INFO] [4.58s]     Case:            cavity/geo/case0002 (t=2)
2026-05-04 00:03:16,208 [INFO] [4.58s] ------------------------------------------------------------
2026-05-04 00:03:16,209 [DEBUG] [4.59s] [Batch 15/16] INPUT DATA STATS
2026-05-04 00:03:16,209 [INFO] [4.59s]   Case: cavity/geo/case0001 (t=5)
2026-05-04 00:03:16,210 [DEBUG] [4.59s]   Tensor Stats - Input (first sample):
2026-05-04 00:03:16,211 [INFO] [4.59s]     shape: (64, 64, 2)
2026-05-04 00:03:16,211 [INFO] [4.59s]     dtype: torch.float32
2026-05-04 00:03:16,211 [INFO] [4.59s]     mean: 0.015661
2026-05-04 00:03:16,212 [INFO] [4.59s]     std: 1.241313
2026-05-04 00:03:16,212 [INFO] [4.59s]     min: -5.871435
2026-05-04 00:03:16,212 [INFO] [4.59s]     max: 6.462160
2026-05-04 00:03:16,213 [INFO] [4.59s]     median: -0.020748
2026-05-04 00:03:16,215 [DEBUG] [4.59s]   Tensor Stats - Target (first sample):
2026-05-04 00:03:16,216 [INFO] [4.59s]     shape: (64, 64, 2)
2026-05-04 00:03:16,216 [INFO] [4.59s]     dtype: torch.float32
2026-05-04 00:03:16,216 [INFO] [4.59s]     mean: 0.015545
2026-05-04 00:03:16,216 [INFO] [4.59s]     std: 1.262233
2026-05-04 00:03:16,216 [INFO] [4.59s]     min: -5.903244
2026-05-04 00:03:16,216 [INFO] [4.59s]     max: 6.462160
2026-05-04 00:03:16,218 [INFO] [4.59s]     median: -0.019168
2026-05-04 00:03:16,372 [DEBUG] [4.75s] 
  [Batch 15/16] GRADIENT STATISTICS
2026-05-04 00:03:16,372 [INFO] [4.75s]   Gradient Stats:
2026-05-04 00:03:16,372 [INFO] [4.75s]     grad_norm_mean: 0.145210
2026-05-04 00:03:16,372 [INFO] [4.75s]     grad_norm_max: 1.365953
2026-05-04 00:03:16,372 [INFO] [4.75s]     grad_norm_min: 0.000000
2026-05-04 00:03:16,372 [INFO] [4.75s]     grad_mean_mean: -0.001173
2026-05-04 00:03:16,372 [INFO] [4.75s]     grad_max_max: 0.242890
2026-05-04 00:03:16,374 [INFO] [4.75s]     grad_min_min: -0.294026
2026-05-04 00:03:16,374 [INFO] [4.75s]     valid_gradients: 30
2026-05-04 00:03:16,374 [INFO] [4.75s]     invalid_gradients: 0
2026-05-04 00:03:16,395 [DEBUG] [4.77s] 
  [Batch 15/16] PARAMETER STATISTICS
2026-05-04 00:03:16,395 [INFO] [4.77s]   Param Stats:
2026-05-04 00:03:16,395 [INFO] [4.77s]     param_norm_mean: 1.771833
2026-05-04 00:03:16,395 [INFO] [4.77s]     param_norm_max: 6.606089
2026-05-04 00:03:16,395 [INFO] [4.77s]     param_means_mean: 0.138958
2026-05-04 00:03:16,395 [INFO] [4.77s] 
  [Batch 15/16] TRAINING PROGRESS
2026-05-04 00:03:16,395 [INFO] [4.77s]     Batch Loss:      0.22149502
2026-05-04 00:03:16,395 [INFO] [4.77s]     Running Avg:     0.49123972
2026-05-04 00:03:16,397 [INFO] [4.77s]     Case:            cavity/geo/case0001 (t=5)
2026-05-04 00:03:16,397 [DEBUG] [4.77s] 
  [Batch 15/16] PREDICTION SAMPLE
2026-05-04 00:03:16,397 [INFO] [4.77s]     Sample: cavity/geo/case0001 (t=5)
2026-05-04 00:03:16,397 [INFO] [4.77s]     Predicted U stats:  mean=0.015585, std=0.772641
2026-05-04 00:03:16,397 [INFO] [4.77s]     Target U stats:     mean=0.030981, std=1.240889
2026-05-04 00:03:16,398 [INFO] [4.77s]     Predicted V stats:  mean=0.057824, std=0.832775
2026-05-04 00:03:16,398 [INFO] [4.77s]     Target V stats:     mean=0.000110, std=1.282886
2026-05-04 00:03:16,399 [INFO] [4.78s]     Sample MSE (U): 0.26377058
2026-05-04 00:03:16,399 [INFO] [4.78s]     Sample MSE (V): 0.25277990
2026-05-04 00:03:16,401 [INFO] [4.78s] ------------------------------------------------------------
2026-05-04 00:03:16,401 [DEBUG] [4.78s] [Batch 16/16] INPUT DATA STATS
2026-05-04 00:03:16,401 [INFO] [4.78s]   Case: cavity/geo/case0001 (t=4)
2026-05-04 00:03:16,402 [DEBUG] [4.78s]   Tensor Stats - Input (first sample):
2026-05-04 00:03:16,402 [INFO] [4.78s]     shape: (64, 64, 2)
2026-05-04 00:03:16,402 [INFO] [4.78s]     dtype: torch.float32
2026-05-04 00:03:16,402 [INFO] [4.78s]     mean: 0.015804
2026-05-04 00:03:16,402 [INFO] [4.78s]     std: 1.216504
2026-05-04 00:03:16,403 [INFO] [4.78s]     min: -5.829448
2026-05-04 00:03:16,403 [INFO] [4.78s]     max: 6.462160
2026-05-04 00:03:16,403 [INFO] [4.78s]     median: -0.019561
2026-05-04 00:03:16,404 [DEBUG] [4.78s]   Tensor Stats - Target (first sample):
2026-05-04 00:03:16,404 [INFO] [4.78s]     shape: (64, 64, 2)
2026-05-04 00:03:16,405 [INFO] [4.78s]     dtype: torch.float32
2026-05-04 00:03:16,405 [INFO] [4.78s]     mean: 0.015661
2026-05-04 00:03:16,405 [INFO] [4.78s]     std: 1.241313
2026-05-04 00:03:16,405 [INFO] [4.78s]     min: -5.871435
2026-05-04 00:03:16,405 [INFO] [4.78s]     max: 6.462160
2026-05-04 00:03:16,405 [INFO] [4.78s]     median: -0.020748
2026-05-04 00:03:16,569 [DEBUG] [4.95s] 
  [Batch 16/16] GRADIENT STATISTICS
2026-05-04 00:03:16,569 [INFO] [4.95s]   Gradient Stats:
2026-05-04 00:03:16,569 [INFO] [4.95s]     grad_norm_mean: 0.108457
2026-05-04 00:03:16,570 [INFO] [4.95s]     grad_norm_max: 1.104468
2026-05-04 00:03:16,570 [INFO] [4.95s]     grad_norm_min: 0.000000
2026-05-04 00:03:16,570 [INFO] [4.95s]     grad_mean_mean: -0.000477
2026-05-04 00:03:16,570 [INFO] [4.95s]     grad_max_max: 0.228619
2026-05-04 00:03:16,570 [INFO] [4.95s]     grad_min_min: -0.197659
2026-05-04 00:03:16,571 [INFO] [4.95s]     valid_gradients: 30
2026-05-04 00:03:16,571 [INFO] [4.95s]     invalid_gradients: 0
2026-05-04 00:03:16,596 [DEBUG] [4.97s] 
  [Batch 16/16] PARAMETER STATISTICS
2026-05-04 00:03:16,596 [INFO] [4.97s]   Param Stats:
2026-05-04 00:03:16,596 [INFO] [4.97s]     param_norm_mean: 1.780939
2026-05-04 00:03:16,596 [INFO] [4.97s]     param_norm_max: 6.610193
2026-05-04 00:03:16,596 [INFO] [4.97s]     param_means_mean: 0.138971
2026-05-04 00:03:16,598 [INFO] [4.97s] 
  [Batch 16/16] TRAINING PROGRESS
2026-05-04 00:03:16,598 [INFO] [4.97s]     Batch Loss:      0.17463386
2026-05-04 00:03:16,598 [INFO] [4.97s]     Running Avg:     0.47145185
2026-05-04 00:03:16,598 [INFO] [4.97s]     Case:            cavity/geo/case0001 (t=4)
2026-05-04 00:03:16,598 [INFO] [4.97s] 
------------------------------------------------------------
2026-05-04 00:03:16,598 [INFO] [4.98s] [EPOCH 1/1] TRAIN COMPLETE
2026-05-04 00:03:16,599 [INFO] [4.98s] ------------------------------------------------------------
2026-05-04 00:03:16,599 [INFO] [4.98s]   Average Train Loss: 0.47145185
2026-05-04 00:03:16,599 [INFO] [4.98s]   Epoch time: 3.34s
2026-05-04 00:03:16,599 [INFO] [4.98s] 
[EPOCH 1/1] EVALUATION ON TEST SET
2026-05-04 00:03:16,771 [INFO] [5.15s] 
  Test Loss: 0.87601791 *** BEST ***
2026-05-04 00:03:16,771 [INFO] [5.15s]   Test Metrics:
2026-05-04 00:03:16,771 [INFO] [5.15s]     MSE:  0.87601781
2026-05-04 00:03:16,771 [INFO] [5.15s]     RMSE: 0.935958
2026-05-04 00:03:16,772 [INFO] [5.15s]     MAE:  0.460105
2026-05-04 00:03:16,772 [INFO] [5.15s]     R2 (Overall): 0.171441
2026-05-04 00:03:16,773 [INFO] [5.15s]     R2 (U component): 0.181542
2026-05-04 00:03:16,773 [INFO] [5.15s]     R2 (V component): 0.160870
2026-05-04 00:03:16,773 [INFO] [5.15s] 
[EPOCH 1/1] END - Time: 3.34s
2026-05-04 00:03:16,773 [INFO] [5.15s] Memory: CPU Memory: 249.23MB RSS
2026-05-04 00:03:16,774 [INFO] [5.15s] === COMPLETED: Training (took 3.52s) ===
2026-05-04 00:03:16,774 [INFO] [5.15s]     Details: Total time: 3.52s (0.06 min)
2026-05-04 00:03:16,775 [INFO] [5.15s] === STARTING: Model Saving ===
2026-05-04 00:03:16,775 [INFO] [5.15s] Saving model to: C:\traework\a\wilmer-deeplearn\portable_env\python-portable\workspace\fno2-model.pth
2026-05-04 00:03:16,799 [INFO] [5.18s] Model saved successfully: C:\traework\a\wilmer-deeplearn\portable_env\python-portable\workspace\fno2-model.pth
2026-05-04 00:03:16,800 [INFO] [5.18s] File size: 6.83 MB
2026-05-04 00:03:16,800 [INFO] [5.18s] === COMPLETED: Model Saving (took 0.02s) ===
2026-05-04 00:03:16,800 [INFO] [5.18s] 
================================================================================
2026-05-04 00:03:16,800 [INFO] [5.18s] TRAINING COMPLETE - FINAL SUMMARY
2026-05-04 00:03:16,800 [INFO] [5.18s] ================================================================================
2026-05-04 00:03:16,801 [INFO] [5.18s] Total training time: 3.52 seconds (0.06 minutes)
2026-05-04 00:03:16,801 [INFO] [5.18s] Average time per epoch: 3.52 seconds
2026-05-04 00:03:16,801 [INFO] [5.18s] 
2026-05-04 00:03:16,801 [INFO] [5.18s] Final Train Loss: 0.47145185
2026-05-04 00:03:16,801 [INFO] [5.18s] Final Test Loss:  0.87601791
2026-05-04 00:03:16,802 [INFO] [5.18s] Best Test Loss:   0.87601791 (Epoch 1)
2026-05-04 00:03:16,802 [INFO] [5.18s] 
2026-05-04 00:03:16,802 [INFO] [5.18s] Final Test Metrics:
2026-05-04 00:03:16,802 [INFO] [5.18s]   MSE:  0.87601781
2026-05-04 00:03:16,802 [INFO] [5.18s]   RMSE: 0.935958
2026-05-04 00:03:16,802 [INFO] [5.18s]   MAE:  0.460105
2026-05-04 00:03:16,802 [INFO] [5.18s]   R2:   0.171441
2026-05-04 00:03:16,802 [INFO] [5.18s] 
2026-05-04 00:03:16,803 [INFO] [5.18s] Gradient Statistics Summary:
2026-05-04 00:03:16,803 [INFO] [5.18s]   Average gradient norm: 0.165554
2026-05-04 00:03:16,803 [INFO] [5.18s]   Max gradient norm:     0.376980
2026-05-04 00:03:16,803 [INFO] [5.18s]   Min gradient norm:     0.050570
2026-05-04 00:03:16,803 [INFO] [5.18s] Model saved at: C:\traework\a\wilmer-deeplearn\portable_env\python-portable\workspace\fno2-model.pth
2026-05-04 00:03:16,803 [INFO] [5.18s] Log saved at: C:\traework\a\wilmer-deeplearn\portable_env\python-portable\workspace\training_full.log
2026-05-04 00:03:16,805 [INFO] [5.18s] End time: 2026-05-04 00:03:16
2026-05-04 00:03:16,805 [INFO] [5.18s] ================================================================================
2026-05-04 00:05:28,500 [INFO] [0.00s] 
================================================================================
2026-05-04 00:05:28,502 [INFO] [0.00s] FNO2 ENHANCED TRAINING CONFIGURATION (Python Standard Logging)
2026-05-04 00:05:28,502 [INFO] [0.00s] ================================================================================
2026-05-04 00:05:28,502 [INFO] [0.00s] classNum: 2
2026-05-04 00:05:28,502 [INFO] [0.00s]   -> Using: bc + geo categories
2026-05-04 00:05:28,502 [INFO] [0.00s] Max cases per category: 2
2026-05-04 00:05:28,502 [INFO] [0.00s] Epochs: 1
2026-05-04 00:05:28,502 [INFO] [0.00s] Batch size: 3
2026-05-04 00:05:28,502 [INFO] [0.00s] Learning rate: 0.001
2026-05-04 00:05:28,502 [INFO] [0.00s] Log level: DEBUG
2026-05-04 00:05:28,502 [INFO] [0.00s] Log to console: True
2026-05-04 00:05:28,502 [INFO] [0.00s] Log to file: True
2026-05-04 00:05:28,502 [INFO] [0.00s] ================================================================================
2026-05-04 00:05:28,502 [INFO] [0.00s] 
2026-05-04 00:05:28,504 [INFO] [0.00s] 
================================================================================
2026-05-04 00:05:28,504 [INFO] [0.00s] ENHANCED FNO2 TRAINING FOR NAVIER-STOKES (CFDBENCH)
2026-05-04 00:05:28,504 [INFO] [0.00s] ================================================================================
2026-05-04 00:05:28,504 [INFO] [0.00s] Start time: 2026-05-04 00:05:28
2026-05-04 00:05:28,504 [INFO] [0.00s] Device: cpu
2026-05-04 00:05:28,506 [INFO] [0.00s] Log file: training_full.log
2026-05-04 00:05:28,506 [INFO] [0.00s] Log level: DEBUG
2026-05-04 00:05:28,506 [INFO] [0.00s] Log to console: True
2026-05-04 00:05:28,506 [INFO] [0.00s] Log to file: True
2026-05-04 00:05:28,506 [INFO] [0.00s] 
2026-05-04 00:05:28,506 [INFO] [0.00s] TRAINING CONFIGURATION:
2026-05-04 00:05:28,507 [INFO] [0.00s]   data_root: C:\ftpService\CFDBench
2026-05-04 00:05:28,507 [INFO] [0.00s]   problems: ['cavity']
2026-05-04 00:05:28,507 [INFO] [0.00s]   categories: None
2026-05-04 00:05:28,507 [INFO] [0.01s]   classNum: 2
2026-05-04 00:05:28,509 [INFO] [0.01s]   modes: 12
2026-05-04 00:05:28,509 [INFO] [0.01s]   width: 16
2026-05-04 00:05:28,509 [INFO] [0.01s]   epochs: 1
2026-05-04 00:05:28,509 [INFO] [0.01s]   batch_size: 3
2026-05-04 00:05:28,509 [INFO] [0.01s]   learning_rate: 0.001
2026-05-04 00:05:28,510 [INFO] [0.01s]   weight_decay: 0.0001
2026-05-04 00:05:28,510 [INFO] [0.01s]   train_ratio: 0.8
2026-05-04 00:05:28,510 [INFO] [0.01s]   normalize: True
2026-05-04 00:05:28,510 [INFO] [0.01s]   max_cases_per_category: 2
2026-05-04 00:05:28,510 [INFO] [0.01s]   in_channels: 4
2026-05-04 00:05:28,510 [INFO] [0.01s]   out_channels: 2
2026-05-04 00:05:28,512 [INFO] [0.01s]   show_gradient_stats: True
2026-05-04 00:05:28,513 [INFO] [0.01s]   show_param_stats: True
2026-05-04 00:05:28,513 [INFO] [0.01s]   show_tensor_stats: True
2026-05-04 00:05:28,513 [INFO] [0.01s]   show_prediction_samples: True
2026-05-04 00:05:28,513 [INFO] [0.01s] 
2026-05-04 00:05:28,514 [INFO] [0.01s] === STARTING: Data Loading ===
2026-05-04 00:05:28,514 [INFO] [0.01s] ============================================================
2026-05-04 00:05:28,514 [INFO] [0.01s] DATA LOADING PROCESS
2026-05-04 00:05:28,515 [INFO] [0.01s] ============================================================
2026-05-04 00:05:28,515 [INFO] [0.01s] Data root: C:\ftpService\CFDBench
2026-05-04 00:05:28,515 [INFO] [0.01s] Problems: ['cavity']
2026-05-04 00:05:28,515 [INFO] [0.01s] classNum: 2
2026-05-04 00:05:28,515 [INFO] [0.01s] Categories to use: ['bc', 'geo']
2026-05-04 00:05:28,516 [INFO] [0.01s] Max cases per category: 2
2026-05-04 00:05:28,516 [INFO] [0.01s] Normalize: True
2026-05-04 00:05:28,516 [INFO] [0.01s] 
2026-05-04 00:05:28,517 [INFO] [0.01s] Processing problem: cavity
2026-05-04 00:05:28,520 [INFO] [0.02s]   Category: bc - Found 50 cases, using 2
2026-05-04 00:05:28,524 [INFO] [0.02s]     [LOAD] case0000: 10 time steps, 9 samples, shape=(64, 64)
2026-05-04 00:05:28,529 [INFO] [0.03s]     [LOAD] case0001: 11 time steps, 10 samples, shape=(64, 64)
2026-05-04 00:05:28,530 [INFO] [0.03s]   Category: geo - Found 24 cases, using 2
2026-05-04 00:05:28,534 [INFO] [0.03s]     [LOAD] case0001: 23 time steps, 22 samples, shape=(64, 64)
2026-05-04 00:05:28,539 [INFO] [0.04s]     [LOAD] case0002: 20 time steps, 19 samples, shape=(64, 64)
2026-05-04 00:05:28,539 [INFO] [0.04s] 
2026-05-04 00:05:28,539 [INFO] [0.04s] ------------------------------------------------------------
2026-05-04 00:05:28,540 [INFO] [0.04s] DATA LOADING SUMMARY
2026-05-04 00:05:28,540 [INFO] [0.04s] ------------------------------------------------------------
2026-05-04 00:05:28,540 [INFO] [0.04s]   Total cases loaded: 4
2026-05-04 00:05:28,540 [INFO] [0.04s]   Total cases skipped: 0
2026-05-04 00:05:28,540 [INFO] [0.04s]   Total time-step pairs: 60
2026-05-04 00:05:28,540 [INFO] [0.04s] 
2026-05-04 00:05:28,541 [INFO] [0.04s] Computing normalization statistics...
2026-05-04 00:05:28,545 [INFO] [0.04s]   U Component:
2026-05-04 00:05:28,545 [INFO] [0.04s]     mean = 0.119273
2026-05-04 00:05:28,547 [INFO] [0.04s]     std  = 1.529013
2026-05-04 00:05:28,547 [INFO] [0.04s]     min  = -4.595441
2026-05-04 00:05:28,547 [INFO] [0.04s]     max  = 10.000000
2026-05-04 00:05:28,547 [INFO] [0.04s]   V Component:
2026-05-04 00:05:28,547 [INFO] [0.04s]     mean = 0.000130
2026-05-04 00:05:28,547 [INFO] [0.04s]     std  = 1.041195
2026-05-04 00:05:28,547 [INFO] [0.04s]     min  = -6.291953
2026-05-04 00:05:28,548 [INFO] [0.05s]     max  = 4.532698
2026-05-04 00:05:28,548 [INFO] [0.05s] 
2026-05-04 00:05:28,548 [INFO] [0.05s] Normalizing data...
2026-05-04 00:05:28,554 [INFO] [0.05s]   Normalized 50/60 samples
2026-05-04 00:05:28,555 [INFO] [0.05s]   Normalization complete: 60 samples
2026-05-04 00:05:28,555 [INFO] [0.05s] 
2026-05-04 00:05:28,555 [INFO] [0.05s] ============================================================
2026-05-04 00:05:28,555 [INFO] [0.05s] DATA LOADING COMPLETE
2026-05-04 00:05:28,555 [INFO] [0.05s] ============================================================
2026-05-04 00:05:28,557 [INFO] [0.05s] === COMPLETED: Data Loading (took 0.04s) ===
2026-05-04 00:05:28,558 [INFO] [0.06s]     Details: 48 train, 12 test, 16 batches per epoch
2026-05-04 00:05:28,589 [INFO] [0.09s] Memory: CPU Memory: 159.19MB RSS
2026-05-04 00:05:28,589 [INFO] [0.09s] === STARTING: Model Creation ===
2026-05-04 00:05:28,603 [INFO] [0.10s] Model Architecture:
2026-05-04 00:05:28,603 [INFO] [0.10s]   FNO2d with modes=12, width=16
2026-05-04 00:05:28,603 [INFO] [0.10s]   Input channels: 4 (2 data + 2 coords auto-added)
2026-05-04 00:05:28,603 [INFO] [0.10s]   Output channels: 2 (u, v velocity)
2026-05-04 00:05:28,603 [INFO] [0.10s]   Total parameters: 298,642
2026-05-04 00:05:28,603 [INFO] [0.10s]   Trainable parameters: 298,642
2026-05-04 00:05:28,603 [INFO] [0.10s] 
  Layer-wise parameter count:
2026-05-04 00:05:28,604 [INFO] [0.10s]     fc0.weight: 64 params
2026-05-04 00:05:28,604 [INFO] [0.10s]     fc0.bias: 16 params
2026-05-04 00:05:28,604 [INFO] [0.10s]     conv0.weights1: 36,864 params
2026-05-04 00:05:28,604 [INFO] [0.10s]     conv0.weights2: 36,864 params
2026-05-04 00:05:28,604 [INFO] [0.10s]     conv1.weights1: 36,864 params
2026-05-04 00:05:28,604 [INFO] [0.10s]     conv1.weights2: 36,864 params
2026-05-04 00:05:28,604 [INFO] [0.10s]     conv2.weights1: 36,864 params
2026-05-04 00:05:28,604 [INFO] [0.10s]     conv2.weights2: 36,864 params
2026-05-04 00:05:28,604 [INFO] [0.10s]     conv3.weights1: 36,864 params
2026-05-04 00:05:28,605 [INFO] [0.10s]     conv3.weights2: 36,864 params
2026-05-04 00:05:28,605 [INFO] [0.10s]     w0.weight: 256 params
2026-05-04 00:05:28,605 [INFO] [0.10s]     w0.bias: 16 params
2026-05-04 00:05:28,605 [INFO] [0.10s]     w1.weight: 256 params
2026-05-04 00:05:28,605 [INFO] [0.10s]     w1.bias: 16 params
2026-05-04 00:05:28,605 [INFO] [0.10s]     w2.weight: 256 params
2026-05-04 00:05:28,606 [INFO] [0.10s]     w2.bias: 16 params
2026-05-04 00:05:28,606 [INFO] [0.10s]     w3.weight: 256 params
2026-05-04 00:05:28,606 [INFO] [0.10s]     w3.bias: 16 params
2026-05-04 00:05:28,606 [INFO] [0.10s]     bn0.weight: 16 params
2026-05-04 00:05:28,606 [INFO] [0.10s]     bn0.bias: 16 params
2026-05-04 00:05:28,606 [INFO] [0.10s]     bn1.weight: 16 params
2026-05-04 00:05:28,606 [INFO] [0.10s]     bn1.bias: 16 params
2026-05-04 00:05:28,606 [INFO] [0.10s]     bn2.weight: 16 params
2026-05-04 00:05:28,606 [INFO] [0.10s]     bn2.bias: 16 params
2026-05-04 00:05:28,606 [INFO] [0.10s]     bn3.weight: 16 params
2026-05-04 00:05:28,608 [INFO] [0.11s]     bn3.bias: 16 params
2026-05-04 00:05:28,608 [INFO] [0.11s]     fc1.weight: 2,048 params
2026-05-04 00:05:28,608 [INFO] [0.11s]     fc1.bias: 128 params
2026-05-04 00:05:28,608 [INFO] [0.11s]     fc2.weight: 256 params
2026-05-04 00:05:28,608 [INFO] [0.11s]     fc2.bias: 2 params
2026-05-04 00:05:28,608 [INFO] [0.11s] === COMPLETED: Model Creation (took 0.02s) ===
2026-05-04 00:05:28,608 [INFO] [0.11s]     Details: 298,642 parameters
2026-05-04 00:05:28,608 [INFO] [0.11s] Memory: CPU Memory: 163.09MB RSS
2026-05-04 00:05:28,608 [INFO] [0.11s] === STARTING: Optimizer Setup ===
2026-05-04 00:05:30,411 [INFO] [1.91s] Optimizer: Adam
2026-05-04 00:05:30,411 [INFO] [1.91s]   Learning rate: 0.001
2026-05-04 00:05:30,411 [INFO] [1.91s]   Weight decay: 0.0001
2026-05-04 00:05:30,412 [INFO] [1.91s] Scheduler: StepLR (step=15, gamma=0.5)
2026-05-04 00:05:30,412 [INFO] [1.91s] Loss function: MSELoss
2026-05-04 00:05:30,412 [INFO] [1.91s] === COMPLETED: Optimizer Setup (took 1.80s) ===
2026-05-04 00:05:30,412 [INFO] [1.91s] === STARTING: Training ===
2026-05-04 00:05:30,412 [INFO] [1.91s] ================================================================================
2026-05-04 00:05:30,412 [INFO] [1.91s] TRAINING PROCESS - DETAILED LOGGING
2026-05-04 00:05:30,412 [INFO] [1.91s] ================================================================================
2026-05-04 00:05:30,412 [INFO] [1.91s] 
2026-05-04 00:05:30,412 [INFO] [1.91s] Logging features enabled:
2026-05-04 00:05:30,412 [INFO] [1.91s]   - Gradient statistics: [YES]
2026-05-04 00:05:30,412 [INFO] [1.91s]   - Parameter statistics: [YES]
2026-05-04 00:05:30,412 [INFO] [1.91s]   - Tensor statistics: [YES]
2026-05-04 00:05:30,414 [INFO] [1.91s]   - Prediction samples: [YES]
2026-05-04 00:05:30,414 [INFO] [1.91s] 
2026-05-04 00:05:30,414 [INFO] [1.91s] 
================================================================================
2026-05-04 00:05:30,414 [INFO] [1.91s] [EPOCH 1/1] START
2026-05-04 00:05:30,415 [INFO] [1.91s] ================================================================================
2026-05-04 00:05:30,415 [INFO] [1.91s]   Current learning rate: 1.00e-03
2026-05-04 00:05:30,415 [INFO] [1.91s]   Number of batches: 16
2026-05-04 00:05:30,415 [INFO] [1.91s]   Memory: CPU Memory: 201.75MB RSS
2026-05-04 00:05:30,415 [INFO] [1.91s] 
2026-05-04 00:05:30,418 [INFO] [1.92s] ------------------------------------------------------------
2026-05-04 00:05:30,418 [DEBUG] [1.92s] [Batch 1/16] INPUT DATA STATS
2026-05-04 00:05:30,418 [INFO] [1.92s]   Case: cavity/bc/case0000 (t=7)
2026-05-04 00:05:30,419 [DEBUG] [1.92s]   Tensor Stats - Input (first sample):
2026-05-04 00:05:30,420 [INFO] [1.92s]     shape: (64, 64, 2)
2026-05-04 00:05:30,420 [INFO] [1.92s]     dtype: torch.float32
2026-05-04 00:05:30,420 [INFO] [1.92s]     mean: -0.034036
2026-05-04 00:05:30,420 [INFO] [1.92s]     std: 0.179510
2026-05-04 00:05:30,420 [INFO] [1.92s]     min: -0.631499
2026-05-04 00:05:30,420 [INFO] [1.92s]     max: 0.576010
2026-05-04 00:05:30,420 [INFO] [1.92s]     median: -0.047517
2026-05-04 00:05:30,422 [DEBUG] [1.92s]   Tensor Stats - Target (first sample):
2026-05-04 00:05:30,422 [INFO] [1.92s]     shape: (64, 64, 2)
2026-05-04 00:05:30,422 [INFO] [1.92s]     dtype: torch.float32
2026-05-04 00:05:30,422 [INFO] [1.92s]     mean: -0.034036
2026-05-04 00:05:30,422 [INFO] [1.92s]     std: 0.179926
2026-05-04 00:05:30,422 [INFO] [1.92s]     min: -0.631547
2026-05-04 00:05:30,422 [INFO] [1.92s]     max: 0.576010
2026-05-04 00:05:30,422 [INFO] [1.92s]     median: -0.047511
2026-05-04 00:05:30,616 [DEBUG] [2.11s] 
  [Batch 1/16] GRADIENT STATISTICS
2026-05-04 00:05:30,617 [INFO] [2.11s]   Gradient Stats:
2026-05-04 00:05:30,617 [INFO] [2.11s]     grad_norm_mean: 0.423357
2026-05-04 00:05:30,617 [INFO] [2.12s]     grad_norm_max: 2.120155
2026-05-04 00:05:30,617 [INFO] [2.12s]     grad_norm_min: 0.000000
2026-05-04 00:05:30,618 [INFO] [2.12s]     grad_mean_mean: 0.000399
2026-05-04 00:05:30,618 [INFO] [2.12s]     grad_max_max: 0.995867
2026-05-04 00:05:30,618 [INFO] [2.12s]     grad_min_min: -0.823035
2026-05-04 00:05:30,619 [INFO] [2.12s]     valid_gradients: 30
2026-05-04 00:05:30,619 [INFO] [2.12s]     invalid_gradients: 0
2026-05-04 00:05:30,646 [DEBUG] [2.14s] 
  [Batch 1/16] PARAMETER STATISTICS
2026-05-04 00:05:30,646 [INFO] [2.15s]   Param Stats:
2026-05-04 00:05:30,648 [INFO] [2.15s]     param_norm_mean: 1.510233
2026-05-04 00:05:30,648 [INFO] [2.15s]     param_norm_max: 6.616442
2026-05-04 00:05:30,648 [INFO] [2.15s]     param_means_mean: 0.131890
2026-05-04 00:05:30,648 [INFO] [2.15s] 
  [Batch 1/16] TRAINING PROGRESS
2026-05-04 00:05:30,648 [INFO] [2.15s]     Batch Loss:      0.69138473
2026-05-04 00:05:30,648 [INFO] [2.15s]     Running Avg:     0.69138473
2026-05-04 00:05:30,648 [INFO] [2.15s]     Case:            cavity/bc/case0000 (t=7)
2026-05-04 00:05:30,650 [INFO] [2.15s] ------------------------------------------------------------
2026-05-04 00:05:30,650 [DEBUG] [2.15s] [Batch 2/16] INPUT DATA STATS
2026-05-04 00:05:30,650 [INFO] [2.15s]   Case: cavity/geo/case0001 (t=7)
2026-05-04 00:05:30,652 [DEBUG] [2.15s]   Tensor Stats - Input (first sample):
2026-05-04 00:05:30,652 [INFO] [2.15s]     shape: (64, 64, 2)
2026-05-04 00:05:30,652 [INFO] [2.15s]     dtype: torch.float32
2026-05-04 00:05:30,652 [INFO] [2.15s]     mean: 0.015470
2026-05-04 00:05:30,653 [INFO] [2.15s]     std: 1.279861
2026-05-04 00:05:30,653 [INFO] [2.15s]     min: -5.927436
2026-05-04 00:05:30,654 [INFO] [2.15s]     max: 6.462160
2026-05-04 00:05:30,654 [INFO] [2.15s]     median: -0.019720
2026-05-04 00:05:30,655 [DEBUG] [2.15s]   Tensor Stats - Target (first sample):
2026-05-04 00:05:30,655 [INFO] [2.15s]     shape: (64, 64, 2)
2026-05-04 00:05:30,656 [INFO] [2.15s]     dtype: torch.float32
2026-05-04 00:05:30,656 [INFO] [2.15s]     mean: 0.015424
2026-05-04 00:05:30,656 [INFO] [2.15s]     std: 1.294529
2026-05-04 00:05:30,656 [INFO] [2.15s]     min: -5.945363
2026-05-04 00:05:30,656 [INFO] [2.15s]     max: 6.462160
2026-05-04 00:05:30,657 [INFO] [2.15s]     median: -0.020141
2026-05-04 00:05:30,775 [DEBUG] [2.27s] 
  [Batch 2/16] GRADIENT STATISTICS
2026-05-04 00:05:30,776 [INFO] [2.27s]   Gradient Stats:
2026-05-04 00:05:30,776 [INFO] [2.27s]     grad_norm_mean: 0.406112
2026-05-04 00:05:30,776 [INFO] [2.27s]     grad_norm_max: 2.714538
2026-05-04 00:05:30,776 [INFO] [2.27s]     grad_norm_min: 0.000000
2026-05-04 00:05:30,776 [INFO] [2.27s]     grad_mean_mean: -0.002179
2026-05-04 00:05:30,776 [INFO] [2.27s]     grad_max_max: 0.545151
2026-05-04 00:05:30,776 [INFO] [2.28s]     grad_min_min: -0.676529
2026-05-04 00:05:30,778 [INFO] [2.28s]     valid_gradients: 30
2026-05-04 00:05:30,778 [INFO] [2.28s]     invalid_gradients: 0
2026-05-04 00:05:30,799 [DEBUG] [2.30s] 
  [Batch 2/16] PARAMETER STATISTICS
2026-05-04 00:05:30,799 [INFO] [2.30s]   Param Stats:
2026-05-04 00:05:30,799 [INFO] [2.30s]     param_norm_mean: 1.525625
2026-05-04 00:05:30,800 [INFO] [2.30s]     param_norm_max: 6.617635
2026-05-04 00:05:30,800 [INFO] [2.30s]     param_means_mean: 0.131957
2026-05-04 00:05:30,800 [INFO] [2.30s] 
  [Batch 2/16] TRAINING PROGRESS
2026-05-04 00:05:30,800 [INFO] [2.30s]     Batch Loss:      1.30619252
2026-05-04 00:05:30,800 [INFO] [2.30s]     Running Avg:     0.99878863
2026-05-04 00:05:30,800 [INFO] [2.30s]     Case:            cavity/geo/case0001 (t=7)
2026-05-04 00:05:30,802 [INFO] [2.30s] ------------------------------------------------------------
2026-05-04 00:05:30,802 [DEBUG] [2.30s] [Batch 3/16] INPUT DATA STATS
2026-05-04 00:05:30,802 [INFO] [2.30s]   Case: cavity/geo/case0001 (t=0)
2026-05-04 00:05:30,803 [DEBUG] [2.30s]   Tensor Stats - Input (first sample):
2026-05-04 00:05:30,803 [INFO] [2.30s]     shape: (64, 64, 2)
2026-05-04 00:05:30,804 [INFO] [2.30s]     dtype: torch.float32
2026-05-04 00:05:30,804 [INFO] [2.30s]     mean: 0.015790
2026-05-04 00:05:30,804 [INFO] [2.30s]     std: 1.006671
2026-05-04 00:05:30,805 [INFO] [2.30s]     min: -5.547994
2026-05-04 00:05:30,805 [INFO] [2.30s]     max: 6.462160
2026-05-04 00:05:30,805 [INFO] [2.30s]     median: -0.025666
2026-05-04 00:05:30,806 [DEBUG] [2.30s]   Tensor Stats - Target (first sample):
2026-05-04 00:05:30,806 [INFO] [2.30s]     shape: (64, 64, 2)
2026-05-04 00:05:30,806 [INFO] [2.30s]     dtype: torch.float32
2026-05-04 00:05:30,807 [INFO] [2.30s]     mean: 0.015771
2026-05-04 00:05:30,807 [INFO] [2.30s]     std: 1.108773
2026-05-04 00:05:30,807 [INFO] [2.30s]     min: -5.616404
2026-05-04 00:05:30,807 [INFO] [2.30s]     max: 6.462160
2026-05-04 00:05:30,807 [INFO] [2.30s]     median: -0.018581
2026-05-04 00:05:30,927 [DEBUG] [2.43s] 
  [Batch 3/16] GRADIENT STATISTICS
2026-05-04 00:05:30,928 [INFO] [2.43s]   Gradient Stats:
2026-05-04 00:05:30,928 [INFO] [2.43s]     grad_norm_mean: 0.201185
2026-05-04 00:05:30,928 [INFO] [2.43s]     grad_norm_max: 1.873005
2026-05-04 00:05:30,929 [INFO] [2.43s]     grad_norm_min: 0.000000
2026-05-04 00:05:30,929 [INFO] [2.43s]     grad_mean_mean: -0.001776
2026-05-04 00:05:30,929 [INFO] [2.43s]     grad_max_max: 0.282127
2026-05-04 00:05:30,929 [INFO] [2.43s]     grad_min_min: -0.488599
2026-05-04 00:05:30,929 [INFO] [2.43s]     valid_gradients: 30
2026-05-04 00:05:30,929 [INFO] [2.43s]     invalid_gradients: 0
2026-05-04 00:05:30,947 [DEBUG] [2.44s] 
  [Batch 3/16] PARAMETER STATISTICS
2026-05-04 00:05:30,947 [INFO] [2.44s]   Param Stats:
2026-05-04 00:05:30,947 [INFO] [2.45s]     param_norm_mean: 1.543762
2026-05-04 00:05:30,947 [INFO] [2.45s]     param_norm_max: 6.619526
2026-05-04 00:05:30,947 [INFO] [2.45s]     param_means_mean: 0.132033
2026-05-04 00:05:30,947 [INFO] [2.45s] 
  [Batch 3/16] TRAINING PROGRESS
2026-05-04 00:05:30,947 [INFO] [2.45s]     Batch Loss:      0.54812723
2026-05-04 00:05:30,947 [INFO] [2.45s]     Running Avg:     0.84856816
2026-05-04 00:05:30,948 [INFO] [2.45s]     Case:            cavity/geo/case0001 (t=0)
2026-05-04 00:05:30,953 [INFO] [2.45s] ------------------------------------------------------------
2026-05-04 00:05:30,954 [DEBUG] [2.45s] [Batch 4/16] INPUT DATA STATS
2026-05-04 00:05:30,954 [INFO] [2.45s]   Case: cavity/geo/case0002 (t=7)
2026-05-04 00:05:30,955 [DEBUG] [2.45s]   Tensor Stats - Input (first sample):
2026-05-04 00:05:30,955 [INFO] [2.45s]     shape: (64, 64, 2)
2026-05-04 00:05:30,956 [INFO] [2.45s]     dtype: torch.float32
2026-05-04 00:05:30,956 [INFO] [2.45s]     mean: 0.014968
2026-05-04 00:05:30,956 [INFO] [2.45s]     std: 1.098803
2026-05-04 00:05:30,956 [INFO] [2.45s]     min: -5.957450
2026-05-04 00:05:30,956 [INFO] [2.45s]     max: 6.462160
2026-05-04 00:05:30,956 [INFO] [2.45s]     median: -0.039480
2026-05-04 00:05:30,957 [DEBUG] [2.45s]   Tensor Stats - Target (first sample):
2026-05-04 00:05:30,957 [INFO] [2.45s]     shape: (64, 64, 2)
2026-05-04 00:05:30,957 [INFO] [2.45s]     dtype: torch.float32
2026-05-04 00:05:30,957 [INFO] [2.46s]     mean: 0.014942
2026-05-04 00:05:30,958 [INFO] [2.46s]     std: 1.111483
2026-05-04 00:05:30,958 [INFO] [2.46s]     min: -5.978053
2026-05-04 00:05:30,958 [INFO] [2.46s]     max: 6.462160
2026-05-04 00:05:30,958 [INFO] [2.46s]     median: -0.038948
2026-05-04 00:05:31,088 [DEBUG] [2.59s] 
  [Batch 4/16] GRADIENT STATISTICS
2026-05-04 00:05:31,089 [INFO] [2.59s]   Gradient Stats:
2026-05-04 00:05:31,089 [INFO] [2.59s]     grad_norm_mean: 0.189797
2026-05-04 00:05:31,089 [INFO] [2.59s]     grad_norm_max: 1.908339
2026-05-04 00:05:31,089 [INFO] [2.59s]     grad_norm_min: 0.000000
2026-05-04 00:05:31,090 [INFO] [2.59s]     grad_mean_mean: -0.002066
2026-05-04 00:05:31,090 [INFO] [2.59s]     grad_max_max: 0.350735
2026-05-04 00:05:31,090 [INFO] [2.59s]     grad_min_min: -0.482067
2026-05-04 00:05:31,090 [INFO] [2.59s]     valid_gradients: 30
2026-05-04 00:05:31,090 [INFO] [2.59s]     invalid_gradients: 0
2026-05-04 00:05:31,110 [DEBUG] [2.61s] 
  [Batch 4/16] PARAMETER STATISTICS
2026-05-04 00:05:31,110 [INFO] [2.61s]   Param Stats:
2026-05-04 00:05:31,110 [INFO] [2.61s]     param_norm_mean: 1.563038
2026-05-04 00:05:31,110 [INFO] [2.61s]     param_norm_max: 6.622080
2026-05-04 00:05:31,110 [INFO] [2.61s]     param_means_mean: 0.132117
2026-05-04 00:05:31,112 [INFO] [2.61s] 
  [Batch 4/16] TRAINING PROGRESS
2026-05-04 00:05:31,112 [INFO] [2.61s]     Batch Loss:      0.63310927
2026-05-04 00:05:31,112 [INFO] [2.61s]     Running Avg:     0.79470344
2026-05-04 00:05:31,112 [INFO] [2.61s]     Case:            cavity/geo/case0002 (t=7)
2026-05-04 00:05:31,114 [INFO] [2.61s] ------------------------------------------------------------
2026-05-04 00:05:31,114 [DEBUG] [2.61s] [Batch 5/16] INPUT DATA STATS
2026-05-04 00:05:31,115 [INFO] [2.61s]   Case: cavity/bc/case0000 (t=1)
2026-05-04 00:05:31,115 [DEBUG] [2.61s]   Tensor Stats - Input (first sample):
2026-05-04 00:05:31,116 [INFO] [2.61s]     shape: (64, 64, 2)
2026-05-04 00:05:31,116 [INFO] [2.61s]     dtype: torch.float32
2026-05-04 00:05:31,116 [INFO] [2.61s]     mean: -0.034038
2026-05-04 00:05:31,116 [INFO] [2.61s]     std: 0.152337
2026-05-04 00:05:31,117 [INFO] [2.61s]     min: -0.627141
2026-05-04 00:05:31,117 [INFO] [2.61s]     max: 0.576010
2026-05-04 00:05:31,117 [INFO] [2.61s]     median: -0.047250
2026-05-04 00:05:31,118 [DEBUG] [2.62s]   Tensor Stats - Target (first sample):
2026-05-04 00:05:31,118 [INFO] [2.62s]     shape: (64, 64, 2)
2026-05-04 00:05:31,118 [INFO] [2.62s]     dtype: torch.float32
2026-05-04 00:05:31,119 [INFO] [2.62s]     mean: -0.034034
2026-05-04 00:05:31,119 [INFO] [2.62s]     std: 0.165781
2026-05-04 00:05:31,119 [INFO] [2.62s]     min: -0.627796
2026-05-04 00:05:31,119 [INFO] [2.62s]     max: 0.576010
2026-05-04 00:05:31,120 [INFO] [2.62s]     median: -0.047600
2026-05-04 00:05:31,274 [DEBUG] [2.77s] 
  [Batch 5/16] GRADIENT STATISTICS
2026-05-04 00:05:31,275 [INFO] [2.77s]   Gradient Stats:
2026-05-04 00:05:31,275 [INFO] [2.77s]     grad_norm_mean: 0.139157
2026-05-04 00:05:31,275 [INFO] [2.77s]     grad_norm_max: 1.243250
2026-05-04 00:05:31,275 [INFO] [2.77s]     grad_norm_min: 0.000000
2026-05-04 00:05:31,275 [INFO] [2.77s]     grad_mean_mean: -0.001253
2026-05-04 00:05:31,275 [INFO] [2.77s]     grad_max_max: 0.189952
2026-05-04 00:05:31,276 [INFO] [2.77s]     grad_min_min: -0.297940
2026-05-04 00:05:31,276 [INFO] [2.77s]     valid_gradients: 30
2026-05-04 00:05:31,276 [INFO] [2.77s]     invalid_gradients: 0
2026-05-04 00:05:31,298 [DEBUG] [2.80s] 
  [Batch 5/16] PARAMETER STATISTICS
2026-05-04 00:05:31,299 [INFO] [2.80s]   Param Stats:
2026-05-04 00:05:31,299 [INFO] [2.80s]     param_norm_mean: 1.582010
2026-05-04 00:05:31,300 [INFO] [2.80s]     param_norm_max: 6.624938
2026-05-04 00:05:31,300 [INFO] [2.80s]     param_means_mean: 0.132208
2026-05-04 00:05:31,300 [INFO] [2.80s] 
  [Batch 5/16] TRAINING PROGRESS
2026-05-04 00:05:31,301 [INFO] [2.80s]     Batch Loss:      0.30681989
2026-05-04 00:05:31,301 [INFO] [2.80s]     Running Avg:     0.69712673
2026-05-04 00:05:31,301 [INFO] [2.80s]     Case:            cavity/bc/case0000 (t=1)
2026-05-04 00:05:31,301 [DEBUG] [2.80s] 
  [Batch 5/16] PREDICTION SAMPLE
2026-05-04 00:05:31,302 [INFO] [2.80s]     Sample: cavity/bc/case0000 (t=1)
2026-05-04 00:05:31,302 [INFO] [2.80s]     Predicted U stats:  mean=-0.060418, std=0.026702
2026-05-04 00:05:31,303 [INFO] [2.80s]     Target U stats:     mean=-0.067873, std=0.150420
2026-05-04 00:05:31,303 [INFO] [2.80s]     Predicted V stats:  mean=0.094982, std=0.027007
2026-05-04 00:05:31,304 [INFO] [2.80s]     Target V stats:     mean=-0.000196, std=0.173332
2026-05-04 00:05:31,304 [INFO] [2.80s]     Sample MSE (U): 0.02079883
2026-05-04 00:05:31,304 [INFO] [2.80s]     Sample MSE (V): 0.03186718
2026-05-04 00:05:31,307 [INFO] [2.81s] ------------------------------------------------------------
2026-05-04 00:05:31,309 [DEBUG] [2.81s] [Batch 6/16] INPUT DATA STATS
2026-05-04 00:05:31,310 [INFO] [2.81s]   Case: cavity/geo/case0002 (t=3)
2026-05-04 00:05:31,311 [DEBUG] [2.81s]   Tensor Stats - Input (first sample):
2026-05-04 00:05:31,311 [INFO] [2.81s]     shape: (64, 64, 2)
2026-05-04 00:05:31,312 [INFO] [2.81s]     dtype: torch.float32
2026-05-04 00:05:31,312 [INFO] [2.81s]     mean: 0.015632
2026-05-04 00:05:31,312 [INFO] [2.81s]     std: 1.024295
2026-05-04 00:05:31,312 [INFO] [2.81s]     min: -5.790040
2026-05-04 00:05:31,312 [INFO] [2.81s]     max: 6.462160
2026-05-04 00:05:31,312 [INFO] [2.81s]     median: -0.038506
2026-05-04 00:05:31,314 [DEBUG] [2.81s]   Tensor Stats - Target (first sample):
2026-05-04 00:05:31,315 [INFO] [2.81s]     shape: (64, 64, 2)
2026-05-04 00:05:31,315 [INFO] [2.81s]     dtype: torch.float32
2026-05-04 00:05:31,315 [INFO] [2.81s]     mean: 0.015335
2026-05-04 00:05:31,315 [INFO] [2.81s]     std: 1.047066
2026-05-04 00:05:31,315 [INFO] [2.81s]     min: -5.849434
2026-05-04 00:05:31,315 [INFO] [2.81s]     max: 6.462160
2026-05-04 00:05:31,316 [INFO] [2.81s]     median: -0.039449
2026-05-04 00:05:31,466 [DEBUG] [2.96s] 
  [Batch 6/16] GRADIENT STATISTICS
2026-05-04 00:05:31,466 [INFO] [2.96s]   Gradient Stats:
2026-05-04 00:05:31,466 [INFO] [2.96s]     grad_norm_mean: 0.185467
2026-05-04 00:05:31,466 [INFO] [2.96s]     grad_norm_max: 1.787678
2026-05-04 00:05:31,467 [INFO] [2.96s]     grad_norm_min: 0.000000
2026-05-04 00:05:31,467 [INFO] [2.96s]     grad_mean_mean: -0.002358
2026-05-04 00:05:31,467 [INFO] [2.96s]     grad_max_max: 0.340333
2026-05-04 00:05:31,467 [INFO] [2.96s]     grad_min_min: -0.435353
2026-05-04 00:05:31,467 [INFO] [2.96s]     valid_gradients: 30
2026-05-04 00:05:31,467 [INFO] [2.97s]     invalid_gradients: 0
2026-05-04 00:05:31,490 [DEBUG] [2.99s] 
  [Batch 6/16] PARAMETER STATISTICS
2026-05-04 00:05:31,490 [INFO] [2.99s]   Param Stats:
2026-05-04 00:05:31,490 [INFO] [2.99s]     param_norm_mean: 1.600664
2026-05-04 00:05:31,490 [INFO] [2.99s]     param_norm_max: 6.628264
2026-05-04 00:05:31,492 [INFO] [2.99s]     param_means_mean: 0.132303
2026-05-04 00:05:31,492 [INFO] [2.99s] 
  [Batch 6/16] TRAINING PROGRESS
2026-05-04 00:05:31,492 [INFO] [2.99s]     Batch Loss:      0.54371589
2026-05-04 00:05:31,492 [INFO] [2.99s]     Running Avg:     0.67155826
2026-05-04 00:05:31,492 [INFO] [2.99s]     Case:            cavity/geo/case0002 (t=3)
2026-05-04 00:05:31,495 [INFO] [2.99s] ------------------------------------------------------------
2026-05-04 00:05:31,495 [DEBUG] [2.99s] [Batch 7/16] INPUT DATA STATS
2026-05-04 00:05:31,495 [INFO] [2.99s]   Case: cavity/geo/case0002 (t=13)
2026-05-04 00:05:31,496 [DEBUG] [2.99s]   Tensor Stats - Input (first sample):
2026-05-04 00:05:31,497 [INFO] [2.99s]     shape: (64, 64, 2)
2026-05-04 00:05:31,497 [INFO] [2.99s]     dtype: torch.float32
2026-05-04 00:05:31,497 [INFO] [2.99s]     mean: 0.014883
2026-05-04 00:05:31,498 [INFO] [3.00s]     std: 1.150095
2026-05-04 00:05:31,498 [INFO] [3.00s]     min: -6.027620
2026-05-04 00:05:31,498 [INFO] [3.00s]     max: 6.462160
2026-05-04 00:05:31,498 [INFO] [3.00s]     median: -0.038035
2026-05-04 00:05:31,500 [DEBUG] [3.00s]   Tensor Stats - Target (first sample):
2026-05-04 00:05:31,500 [INFO] [3.00s]     shape: (64, 64, 2)
2026-05-04 00:05:31,500 [INFO] [3.00s]     dtype: torch.float32
2026-05-04 00:05:31,500 [INFO] [3.00s]     mean: 0.014881
2026-05-04 00:05:31,500 [INFO] [3.00s]     std: 1.154323
2026-05-04 00:05:31,502 [INFO] [3.00s]     min: -6.031734
2026-05-04 00:05:31,502 [INFO] [3.00s]     max: 6.462160
2026-05-04 00:05:31,502 [INFO] [3.00s]     median: -0.038432
2026-05-04 00:05:31,699 [DEBUG] [3.20s] 
  [Batch 7/16] GRADIENT STATISTICS
2026-05-04 00:05:31,700 [INFO] [3.20s]   Gradient Stats:
2026-05-04 00:05:31,700 [INFO] [3.20s]     grad_norm_mean: 0.155023
2026-05-04 00:05:31,700 [INFO] [3.20s]     grad_norm_max: 1.649854
2026-05-04 00:05:31,700 [INFO] [3.20s]     grad_norm_min: 0.000000
2026-05-04 00:05:31,701 [INFO] [3.20s]     grad_mean_mean: -0.002389
2026-05-04 00:05:31,701 [INFO] [3.20s]     grad_max_max: 0.286749
2026-05-04 00:05:31,701 [INFO] [3.20s]     grad_min_min: -0.417813
2026-05-04 00:05:31,701 [INFO] [3.20s]     valid_gradients: 30
2026-05-04 00:05:31,701 [INFO] [3.20s]     invalid_gradients: 0
2026-05-04 00:05:31,729 [DEBUG] [3.23s] 
  [Batch 7/16] PARAMETER STATISTICS
2026-05-04 00:05:31,729 [INFO] [3.23s]   Param Stats:
2026-05-04 00:05:31,729 [INFO] [3.23s]     param_norm_mean: 1.618775
2026-05-04 00:05:31,730 [INFO] [3.23s]     param_norm_max: 6.631941
2026-05-04 00:05:31,730 [INFO] [3.23s]     param_means_mean: 0.132398
2026-05-04 00:05:31,730 [INFO] [3.23s] 
  [Batch 7/16] TRAINING PROGRESS
2026-05-04 00:05:31,730 [INFO] [3.23s]     Batch Loss:      0.45758843
2026-05-04 00:05:31,730 [INFO] [3.23s]     Running Avg:     0.64099114
2026-05-04 00:05:31,730 [INFO] [3.23s]     Case:            cavity/geo/case0002 (t=13)
2026-05-04 00:05:31,732 [INFO] [3.23s] ------------------------------------------------------------
2026-05-04 00:05:31,732 [DEBUG] [3.23s] [Batch 8/16] INPUT DATA STATS
2026-05-04 00:05:31,733 [INFO] [3.23s]   Case: cavity/bc/case0001 (t=3)
2026-05-04 00:05:31,734 [DEBUG] [3.23s]   Tensor Stats - Input (first sample):
2026-05-04 00:05:31,734 [INFO] [3.23s]     shape: (64, 64, 2)
2026-05-04 00:05:31,734 [INFO] [3.23s]     dtype: torch.float32
2026-05-04 00:05:31,734 [INFO] [3.23s]     mean: -0.029070
2026-05-04 00:05:31,734 [INFO] [3.23s]     std: 0.342959
2026-05-04 00:05:31,735 [INFO] [3.23s]     min: -1.287399
2026-05-04 00:05:31,735 [INFO] [3.23s]     max: 1.230027
2026-05-04 00:05:31,735 [INFO] [3.23s]     median: -0.044151
2026-05-04 00:05:31,736 [DEBUG] [3.23s]   Tensor Stats - Target (first sample):
2026-05-04 00:05:31,736 [INFO] [3.23s]     shape: (64, 64, 2)
2026-05-04 00:05:31,736 [INFO] [3.23s]     dtype: torch.float32
2026-05-04 00:05:31,736 [INFO] [3.23s]     mean: -0.029073
2026-05-04 00:05:31,736 [INFO] [3.23s]     std: 0.349710
2026-05-04 00:05:31,736 [INFO] [3.24s]     min: -1.286291
2026-05-04 00:05:31,738 [INFO] [3.24s]     max: 1.230027
2026-05-04 00:05:31,738 [INFO] [3.24s]     median: -0.043582
2026-05-04 00:05:31,887 [DEBUG] [3.39s] 
  [Batch 8/16] GRADIENT STATISTICS
2026-05-04 00:05:31,887 [INFO] [3.39s]   Gradient Stats:
2026-05-04 00:05:31,887 [INFO] [3.39s]     grad_norm_mean: 0.071824
2026-05-04 00:05:31,887 [INFO] [3.39s]     grad_norm_max: 0.492839
2026-05-04 00:05:31,887 [INFO] [3.39s]     grad_norm_min: 0.000000
2026-05-04 00:05:31,889 [INFO] [3.39s]     grad_mean_mean: 0.000195
2026-05-04 00:05:31,889 [INFO] [3.39s]     grad_max_max: 0.054184
2026-05-04 00:05:31,889 [INFO] [3.39s]     grad_min_min: -0.112708
2026-05-04 00:05:31,889 [INFO] [3.39s]     valid_gradients: 30
2026-05-04 00:05:31,889 [INFO] [3.39s]     invalid_gradients: 0
2026-05-04 00:05:31,915 [DEBUG] [3.41s] 
  [Batch 8/16] PARAMETER STATISTICS
2026-05-04 00:05:31,915 [INFO] [3.41s]   Param Stats:
2026-05-04 00:05:31,916 [INFO] [3.41s]     param_norm_mean: 1.635095
2026-05-04 00:05:31,916 [INFO] [3.41s]     param_norm_max: 6.635201
2026-05-04 00:05:31,916 [INFO] [3.41s]     param_means_mean: 0.132486
2026-05-04 00:05:31,916 [INFO] [3.41s] 
  [Batch 8/16] TRAINING PROGRESS
2026-05-04 00:05:31,916 [INFO] [3.41s]     Batch Loss:      0.04729823
2026-05-04 00:05:31,917 [INFO] [3.41s]     Running Avg:     0.56677953
2026-05-04 00:05:31,917 [INFO] [3.41s]     Case:            cavity/bc/case0001 (t=3)
2026-05-04 00:05:31,922 [INFO] [3.42s] ------------------------------------------------------------
2026-05-04 00:05:31,922 [DEBUG] [3.42s] [Batch 9/16] INPUT DATA STATS
2026-05-04 00:05:31,922 [INFO] [3.42s]   Case: cavity/bc/case0000 (t=8)
2026-05-04 00:05:31,923 [DEBUG] [3.42s]   Tensor Stats - Input (first sample):
2026-05-04 00:05:31,923 [INFO] [3.42s]     shape: (64, 64, 2)
2026-05-04 00:05:31,923 [INFO] [3.42s]     dtype: torch.float32
2026-05-04 00:05:31,924 [INFO] [3.42s]     mean: -0.034036
2026-05-04 00:05:31,924 [INFO] [3.42s]     std: 0.179926
2026-05-04 00:05:31,925 [INFO] [3.42s]     min: -0.631547
2026-05-04 00:05:31,925 [INFO] [3.42s]     max: 0.576010
2026-05-04 00:05:31,925 [INFO] [3.42s]     median: -0.047511
2026-05-04 00:05:31,926 [DEBUG] [3.42s]   Tensor Stats - Target (first sample):
2026-05-04 00:05:31,926 [INFO] [3.42s]     shape: (64, 64, 2)
2026-05-04 00:05:31,926 [INFO] [3.42s]     dtype: torch.float32
2026-05-04 00:05:31,927 [INFO] [3.42s]     mean: -0.034036
2026-05-04 00:05:31,927 [INFO] [3.42s]     std: 0.180190
2026-05-04 00:05:31,927 [INFO] [3.42s]     min: -0.631572
2026-05-04 00:05:31,927 [INFO] [3.42s]     max: 0.576010
2026-05-04 00:05:31,927 [INFO] [3.42s]     median: -0.047559
2026-05-04 00:05:32,101 [DEBUG] [3.60s] 
  [Batch 9/16] GRADIENT STATISTICS
2026-05-04 00:05:32,102 [INFO] [3.60s]   Gradient Stats:
2026-05-04 00:05:32,102 [INFO] [3.60s]     grad_norm_mean: 0.098736
2026-05-04 00:05:32,102 [INFO] [3.60s]     grad_norm_max: 0.924760
2026-05-04 00:05:32,102 [INFO] [3.60s]     grad_norm_min: 0.000000
2026-05-04 00:05:32,103 [INFO] [3.60s]     grad_mean_mean: -0.001204
2026-05-04 00:05:32,103 [INFO] [3.60s]     grad_max_max: 0.111840
2026-05-04 00:05:32,103 [INFO] [3.60s]     grad_min_min: -0.222556
2026-05-04 00:05:32,103 [INFO] [3.60s]     valid_gradients: 30
2026-05-04 00:05:32,103 [INFO] [3.60s]     invalid_gradients: 0
2026-05-04 00:05:32,183 [DEBUG] [3.68s] 
  [Batch 9/16] PARAMETER STATISTICS
2026-05-04 00:05:32,183 [INFO] [3.68s]   Param Stats:
2026-05-04 00:05:32,184 [INFO] [3.68s]     param_norm_mean: 1.650291
2026-05-04 00:05:32,185 [INFO] [3.68s]     param_norm_max: 6.638659
2026-05-04 00:05:32,185 [INFO] [3.68s]     param_means_mean: 0.132572
2026-05-04 00:05:32,186 [INFO] [3.68s] 
  [Batch 9/16] TRAINING PROGRESS
2026-05-04 00:05:32,186 [INFO] [3.68s]     Batch Loss:      0.17744988
2026-05-04 00:05:32,186 [INFO] [3.68s]     Running Avg:     0.52352068
2026-05-04 00:05:32,187 [INFO] [3.69s]     Case:            cavity/bc/case0000 (t=8)
2026-05-04 00:05:32,193 [INFO] [3.69s] ------------------------------------------------------------
2026-05-04 00:05:32,193 [DEBUG] [3.69s] [Batch 10/16] INPUT DATA STATS
2026-05-04 00:05:32,194 [INFO] [3.69s]   Case: cavity/geo/case0001 (t=14)
2026-05-04 00:05:32,196 [DEBUG] [3.69s]   Tensor Stats - Input (first sample):
2026-05-04 00:05:32,197 [INFO] [3.69s]     shape: (64, 64, 2)
2026-05-04 00:05:32,197 [INFO] [3.70s]     dtype: torch.float32
2026-05-04 00:05:32,202 [INFO] [3.70s]     mean: 0.015422
2026-05-04 00:05:32,203 [INFO] [3.70s]     std: 1.341559
2026-05-04 00:05:32,203 [INFO] [3.70s]     min: -6.010036
2026-05-04 00:05:32,203 [INFO] [3.70s]     max: 6.462160
2026-05-04 00:05:32,204 [INFO] [3.70s]     median: -0.018760
2026-05-04 00:05:32,207 [DEBUG] [3.70s]   Tensor Stats - Target (first sample):
2026-05-04 00:05:32,207 [INFO] [3.70s]     shape: (64, 64, 2)
2026-05-04 00:05:32,207 [INFO] [3.71s]     dtype: torch.float32
2026-05-04 00:05:32,208 [INFO] [3.71s]     mean: 0.015407
2026-05-04 00:05:32,209 [INFO] [3.71s]     std: 1.346806
2026-05-04 00:05:32,209 [INFO] [3.71s]     min: -6.016103
2026-05-04 00:05:32,210 [INFO] [3.71s]     max: 6.462160
2026-05-04 00:05:32,211 [INFO] [3.71s]     median: -0.018489
2026-05-04 00:05:32,372 [DEBUG] [3.87s] 
  [Batch 10/16] GRADIENT STATISTICS
2026-05-04 00:05:32,372 [INFO] [3.87s]   Gradient Stats:
2026-05-04 00:05:32,373 [INFO] [3.87s]     grad_norm_mean: 0.205708
2026-05-04 00:05:32,373 [INFO] [3.87s]     grad_norm_max: 2.216378
2026-05-04 00:05:32,373 [INFO] [3.87s]     grad_norm_min: 0.000000
2026-05-04 00:05:32,373 [INFO] [3.87s]     grad_mean_mean: -0.003629
2026-05-04 00:05:32,373 [INFO] [3.87s]     grad_max_max: 0.425911
2026-05-04 00:05:32,373 [INFO] [3.87s]     grad_min_min: -0.524551
2026-05-04 00:05:32,373 [INFO] [3.87s]     valid_gradients: 30
2026-05-04 00:05:32,373 [INFO] [3.87s]     invalid_gradients: 0
2026-05-04 00:05:32,398 [DEBUG] [3.90s] 
  [Batch 10/16] PARAMETER STATISTICS
2026-05-04 00:05:32,398 [INFO] [3.90s]   Param Stats:
2026-05-04 00:05:32,398 [INFO] [3.90s]     param_norm_mean: 1.664418
2026-05-04 00:05:32,398 [INFO] [3.90s]     param_norm_max: 6.642800
2026-05-04 00:05:32,398 [INFO] [3.90s]     param_means_mean: 0.132664
2026-05-04 00:05:32,399 [INFO] [3.90s] 
  [Batch 10/16] TRAINING PROGRESS
2026-05-04 00:05:32,399 [INFO] [3.90s]     Batch Loss:      0.73267031
2026-05-04 00:05:32,399 [INFO] [3.90s]     Running Avg:     0.54443564
2026-05-04 00:05:32,399 [INFO] [3.90s]     Case:            cavity/geo/case0001 (t=14)
2026-05-04 00:05:32,400 [DEBUG] [3.90s] 
  [Batch 10/16] PREDICTION SAMPLE
2026-05-04 00:05:32,400 [INFO] [3.90s]     Sample: cavity/geo/case0001 (t=14)
2026-05-04 00:05:32,400 [INFO] [3.90s]     Predicted U stats:  mean=-0.082907, std=0.463981
2026-05-04 00:05:32,401 [INFO] [3.90s]     Target U stats:     mean=0.030555, std=1.314797
2026-05-04 00:05:32,401 [INFO] [3.90s]     Predicted V stats:  mean=-0.010885, std=0.556528
2026-05-04 00:05:32,401 [INFO] [3.90s]     Target V stats:     mean=0.000258, std=1.377745
2026-05-04 00:05:32,402 [INFO] [3.90s]     Sample MSE (U): 0.79036003
2026-05-04 00:05:32,402 [INFO] [3.90s]     Sample MSE (V): 0.81439590
2026-05-04 00:05:32,405 [INFO] [3.90s] ------------------------------------------------------------
2026-05-04 00:05:32,405 [DEBUG] [3.90s] [Batch 11/16] INPUT DATA STATS
2026-05-04 00:05:32,406 [INFO] [3.90s]   Case: cavity/geo/case0002 (t=5)
2026-05-04 00:05:32,407 [DEBUG] [3.90s]   Tensor Stats - Input (first sample):
2026-05-04 00:05:32,407 [INFO] [3.90s]     shape: (64, 64, 2)
2026-05-04 00:05:32,407 [INFO] [3.90s]     dtype: torch.float32
2026-05-04 00:05:32,407 [INFO] [3.91s]     mean: 0.015144
2026-05-04 00:05:32,408 [INFO] [3.91s]     std: 1.066950
2026-05-04 00:05:32,408 [INFO] [3.91s]     min: -5.895595
2026-05-04 00:05:32,408 [INFO] [3.91s]     max: 6.462160
2026-05-04 00:05:32,409 [INFO] [3.91s]     median: -0.038999
2026-05-04 00:05:32,410 [DEBUG] [3.91s]   Tensor Stats - Target (first sample):
2026-05-04 00:05:32,410 [INFO] [3.91s]     shape: (64, 64, 2)
2026-05-04 00:05:32,410 [INFO] [3.91s]     dtype: torch.float32
2026-05-04 00:05:32,411 [INFO] [3.91s]     mean: 0.015027
2026-05-04 00:05:32,411 [INFO] [3.91s]     std: 1.084077
2026-05-04 00:05:32,411 [INFO] [3.91s]     min: -5.930768
2026-05-04 00:05:32,411 [INFO] [3.91s]     max: 6.462160
2026-05-04 00:05:32,412 [INFO] [3.91s]     median: -0.039080
2026-05-04 00:05:32,550 [DEBUG] [4.05s] 
  [Batch 11/16] GRADIENT STATISTICS
2026-05-04 00:05:32,550 [INFO] [4.05s]   Gradient Stats:
2026-05-04 00:05:32,550 [INFO] [4.05s]     grad_norm_mean: 0.183175
2026-05-04 00:05:32,551 [INFO] [4.05s]     grad_norm_max: 2.009641
2026-05-04 00:05:32,551 [INFO] [4.05s]     grad_norm_min: 0.000000
2026-05-04 00:05:32,552 [INFO] [4.05s]     grad_mean_mean: -0.003568
2026-05-04 00:05:32,552 [INFO] [4.05s]     grad_max_max: 0.349496
2026-05-04 00:05:32,552 [INFO] [4.05s]     grad_min_min: -0.491368
2026-05-04 00:05:32,552 [INFO] [4.05s]     valid_gradients: 30
2026-05-04 00:05:32,553 [INFO] [4.05s]     invalid_gradients: 0
2026-05-04 00:05:32,572 [DEBUG] [4.07s] 
  [Batch 11/16] PARAMETER STATISTICS
2026-05-04 00:05:32,573 [INFO] [4.07s]   Param Stats:
2026-05-04 00:05:32,573 [INFO] [4.07s]     param_norm_mean: 1.678043
2026-05-04 00:05:32,573 [INFO] [4.07s]     param_norm_max: 6.647495
2026-05-04 00:05:32,573 [INFO] [4.07s]     param_means_mean: 0.132761
2026-05-04 00:05:32,573 [INFO] [4.07s] 
  [Batch 11/16] TRAINING PROGRESS
2026-05-04 00:05:32,574 [INFO] [4.07s]     Batch Loss:      0.58055645
2026-05-04 00:05:32,574 [INFO] [4.07s]     Running Avg:     0.54771935
2026-05-04 00:05:32,574 [INFO] [4.07s]     Case:            cavity/geo/case0002 (t=5)
2026-05-04 00:05:32,575 [INFO] [4.07s] ------------------------------------------------------------
2026-05-04 00:05:32,576 [DEBUG] [4.07s] [Batch 12/16] INPUT DATA STATS
2026-05-04 00:05:32,576 [INFO] [4.07s]   Case: cavity/geo/case0002 (t=2)
2026-05-04 00:05:32,577 [DEBUG] [4.08s]   Tensor Stats - Input (first sample):
2026-05-04 00:05:32,578 [INFO] [4.08s]     shape: (64, 64, 2)
2026-05-04 00:05:32,578 [INFO] [4.08s]     dtype: torch.float32
2026-05-04 00:05:32,578 [INFO] [4.08s]     mean: 0.015945
2026-05-04 00:05:32,578 [INFO] [4.08s]     std: 0.998164
2026-05-04 00:05:32,578 [INFO] [4.08s]     min: -5.716193
2026-05-04 00:05:32,578 [INFO] [4.08s]     max: 6.462160
2026-05-04 00:05:32,579 [INFO] [4.08s]     median: -0.037682
2026-05-04 00:05:32,580 [DEBUG] [4.08s]   Tensor Stats - Target (first sample):
2026-05-04 00:05:32,580 [INFO] [4.08s]     shape: (64, 64, 2)
2026-05-04 00:05:32,580 [INFO] [4.08s]     dtype: torch.float32
2026-05-04 00:05:32,580 [INFO] [4.08s]     mean: 0.015632
2026-05-04 00:05:32,580 [INFO] [4.08s]     std: 1.024295
2026-05-04 00:05:32,581 [INFO] [4.08s]     min: -5.790040
2026-05-04 00:05:32,581 [INFO] [4.08s]     max: 6.462160
2026-05-04 00:05:32,581 [INFO] [4.08s]     median: -0.038506
2026-05-04 00:05:32,746 [DEBUG] [4.24s] 
  [Batch 12/16] GRADIENT STATISTICS
2026-05-04 00:05:32,746 [INFO] [4.24s]   Gradient Stats:
2026-05-04 00:05:32,747 [INFO] [4.24s]     grad_norm_mean: 0.168883
2026-05-04 00:05:32,747 [INFO] [4.24s]     grad_norm_max: 1.959001
2026-05-04 00:05:32,747 [INFO] [4.24s]     grad_norm_min: 0.000000
2026-05-04 00:05:32,747 [INFO] [4.24s]     grad_mean_mean: -0.003608
2026-05-04 00:05:32,747 [INFO] [4.25s]     grad_max_max: 0.325245
2026-05-04 00:05:32,748 [INFO] [4.25s]     grad_min_min: -0.484306
2026-05-04 00:05:32,748 [INFO] [4.25s]     valid_gradients: 30
2026-05-04 00:05:32,748 [INFO] [4.25s]     invalid_gradients: 0
2026-05-04 00:05:32,792 [DEBUG] [4.29s] 
  [Batch 12/16] PARAMETER STATISTICS
2026-05-04 00:05:32,793 [INFO] [4.29s]   Param Stats:
2026-05-04 00:05:32,793 [INFO] [4.29s]     param_norm_mean: 1.691551
2026-05-04 00:05:32,794 [INFO] [4.29s]     param_norm_max: 6.652699
2026-05-04 00:05:32,795 [INFO] [4.29s]     param_means_mean: 0.132865
2026-05-04 00:05:32,795 [INFO] [4.29s] 
  [Batch 12/16] TRAINING PROGRESS
2026-05-04 00:05:32,795 [INFO] [4.29s]     Batch Loss:      0.52281660
2026-05-04 00:05:32,795 [INFO] [4.29s]     Running Avg:     0.54564412
2026-05-04 00:05:32,796 [INFO] [4.29s]     Case:            cavity/geo/case0002 (t=2)
2026-05-04 00:05:32,806 [INFO] [4.30s] ------------------------------------------------------------
2026-05-04 00:05:32,807 [DEBUG] [4.30s] [Batch 13/16] INPUT DATA STATS
2026-05-04 00:05:32,807 [INFO] [4.30s]   Case: cavity/geo/case0002 (t=9)
2026-05-04 00:05:32,808 [DEBUG] [4.31s]   Tensor Stats - Input (first sample):
2026-05-04 00:05:32,809 [INFO] [4.31s]     shape: (64, 64, 2)
2026-05-04 00:05:32,809 [INFO] [4.31s]     dtype: torch.float32
2026-05-04 00:05:32,809 [INFO] [4.31s]     mean: 0.014918
2026-05-04 00:05:32,810 [INFO] [4.31s]     std: 1.122254
2026-05-04 00:05:32,810 [INFO] [4.31s]     min: -5.993785
2026-05-04 00:05:32,810 [INFO] [4.31s]     max: 6.462160
2026-05-04 00:05:32,811 [INFO] [4.31s]     median: -0.038445
2026-05-04 00:05:32,813 [DEBUG] [4.31s]   Tensor Stats - Target (first sample):
2026-05-04 00:05:32,813 [INFO] [4.31s]     shape: (64, 64, 2)
2026-05-04 00:05:32,813 [INFO] [4.31s]     dtype: torch.float32
2026-05-04 00:05:32,814 [INFO] [4.31s]     mean: 0.014903
2026-05-04 00:05:32,814 [INFO] [4.31s]     std: 1.131254
2026-05-04 00:05:32,814 [INFO] [4.31s]     min: -6.005840
2026-05-04 00:05:32,816 [INFO] [4.31s]     max: 6.462160
2026-05-04 00:05:32,817 [INFO] [4.31s]     median: -0.037786
2026-05-04 00:05:32,981 [DEBUG] [4.48s] 
  [Batch 13/16] GRADIENT STATISTICS
2026-05-04 00:05:32,981 [INFO] [4.48s]   Gradient Stats:
2026-05-04 00:05:32,982 [INFO] [4.48s]     grad_norm_mean: 0.099746
2026-05-04 00:05:32,982 [INFO] [4.48s]     grad_norm_max: 1.177753
2026-05-04 00:05:32,982 [INFO] [4.48s]     grad_norm_min: 0.000000
2026-05-04 00:05:32,982 [INFO] [4.48s]     grad_mean_mean: -0.002294
2026-05-04 00:05:32,982 [INFO] [4.48s]     grad_max_max: 0.126455
2026-05-04 00:05:32,983 [INFO] [4.48s]     grad_min_min: -0.299605
2026-05-04 00:05:32,983 [INFO] [4.48s]     valid_gradients: 30
2026-05-04 00:05:32,983 [INFO] [4.48s]     invalid_gradients: 0
2026-05-04 00:05:33,007 [DEBUG] [4.50s] 
  [Batch 13/16] PARAMETER STATISTICS
2026-05-04 00:05:33,007 [INFO] [4.51s]   Param Stats:
2026-05-04 00:05:33,008 [INFO] [4.51s]     param_norm_mean: 1.704727
2026-05-04 00:05:33,008 [INFO] [4.51s]     param_norm_max: 6.658023
2026-05-04 00:05:33,008 [INFO] [4.51s]     param_means_mean: 0.132972
2026-05-04 00:05:33,008 [INFO] [4.51s] 
  [Batch 13/16] TRAINING PROGRESS
2026-05-04 00:05:33,009 [INFO] [4.51s]     Batch Loss:      0.20808716
2026-05-04 00:05:33,009 [INFO] [4.51s]     Running Avg:     0.51967820
2026-05-04 00:05:33,009 [INFO] [4.51s]     Case:            cavity/geo/case0002 (t=9)
2026-05-04 00:05:33,010 [INFO] [4.51s] ------------------------------------------------------------
2026-05-04 00:05:33,012 [DEBUG] [4.51s] [Batch 14/16] INPUT DATA STATS
2026-05-04 00:05:33,012 [INFO] [4.51s]   Case: cavity/geo/case0001 (t=11)
2026-05-04 00:05:33,013 [DEBUG] [4.51s]   Tensor Stats - Input (first sample):
2026-05-04 00:05:33,013 [INFO] [4.51s]     shape: (64, 64, 2)
2026-05-04 00:05:33,013 [INFO] [4.51s]     dtype: torch.float32
2026-05-04 00:05:33,013 [INFO] [4.51s]     mean: 0.015432
2026-05-04 00:05:33,013 [INFO] [4.51s]     std: 1.324155
2026-05-04 00:05:33,013 [INFO] [4.51s]     min: -5.985439
2026-05-04 00:05:33,013 [INFO] [4.51s]     max: 6.462160
2026-05-04 00:05:33,013 [INFO] [4.51s]     median: -0.020040
2026-05-04 00:05:33,015 [DEBUG] [4.51s]   Tensor Stats - Target (first sample):
2026-05-04 00:05:33,015 [INFO] [4.51s]     shape: (64, 64, 2)
2026-05-04 00:05:33,015 [INFO] [4.51s]     dtype: torch.float32
2026-05-04 00:05:33,015 [INFO] [4.51s]     mean: 0.015448
2026-05-04 00:05:33,015 [INFO] [4.51s]     std: 1.329951
2026-05-04 00:05:33,016 [INFO] [4.51s]     min: -5.994059
2026-05-04 00:05:33,016 [INFO] [4.51s]     max: 6.462160
2026-05-04 00:05:33,016 [INFO] [4.51s]     median: -0.019528
2026-05-04 00:05:33,160 [DEBUG] [4.66s] 
  [Batch 14/16] GRADIENT STATISTICS
2026-05-04 00:05:33,160 [INFO] [4.66s]   Gradient Stats:
2026-05-04 00:05:33,160 [INFO] [4.66s]     grad_norm_mean: 0.184527
2026-05-04 00:05:33,160 [INFO] [4.66s]     grad_norm_max: 2.234528
2026-05-04 00:05:33,160 [INFO] [4.66s]     grad_norm_min: 0.000000
2026-05-04 00:05:33,160 [INFO] [4.66s]     grad_mean_mean: -0.003925
2026-05-04 00:05:33,162 [INFO] [4.66s]     grad_max_max: 0.385183
2026-05-04 00:05:33,162 [INFO] [4.66s]     grad_min_min: -0.507262
2026-05-04 00:05:33,162 [INFO] [4.66s]     valid_gradients: 30
2026-05-04 00:05:33,162 [INFO] [4.66s]     invalid_gradients: 0
2026-05-04 00:05:33,187 [DEBUG] [4.68s] 
  [Batch 14/16] PARAMETER STATISTICS
2026-05-04 00:05:33,187 [INFO] [4.69s]   Param Stats:
2026-05-04 00:05:33,188 [INFO] [4.69s]     param_norm_mean: 1.717596
2026-05-04 00:05:33,188 [INFO] [4.69s]     param_norm_max: 6.663963
2026-05-04 00:05:33,189 [INFO] [4.69s]     param_means_mean: 0.133085
2026-05-04 00:05:33,189 [INFO] [4.69s] 
  [Batch 14/16] TRAINING PROGRESS
2026-05-04 00:05:33,189 [INFO] [4.69s]     Batch Loss:      0.59913176
2026-05-04 00:05:33,189 [INFO] [4.69s]     Running Avg:     0.52535345
2026-05-04 00:05:33,191 [INFO] [4.69s]     Case:            cavity/geo/case0001 (t=11)
2026-05-04 00:05:33,192 [INFO] [4.69s] ------------------------------------------------------------
2026-05-04 00:05:33,192 [DEBUG] [4.69s] [Batch 15/16] INPUT DATA STATS
2026-05-04 00:05:33,193 [INFO] [4.69s]   Case: cavity/bc/case0001 (t=0)
2026-05-04 00:05:33,195 [DEBUG] [4.69s]   Tensor Stats - Input (first sample):
2026-05-04 00:05:33,195 [INFO] [4.69s]     shape: (64, 64, 2)
2026-05-04 00:05:33,195 [INFO] [4.69s]     dtype: torch.float32
2026-05-04 00:05:33,195 [INFO] [4.69s]     mean: -0.029032
2026-05-04 00:05:33,195 [INFO] [4.69s]     std: 0.256320
2026-05-04 00:05:33,196 [INFO] [4.69s]     min: -1.261310
2026-05-04 00:05:33,196 [INFO] [4.69s]     max: 1.230027
2026-05-04 00:05:33,196 [INFO] [4.69s]     median: -0.046294
2026-05-04 00:05:33,197 [DEBUG] [4.69s]   Tensor Stats - Target (first sample):
2026-05-04 00:05:33,197 [INFO] [4.69s]     shape: (64, 64, 2)
2026-05-04 00:05:33,197 [INFO] [4.69s]     dtype: torch.float32
2026-05-04 00:05:33,197 [INFO] [4.69s]     mean: -0.029047
2026-05-04 00:05:33,197 [INFO] [4.69s]     std: 0.309268
2026-05-04 00:05:33,197 [INFO] [4.69s]     min: -1.287171
2026-05-04 00:05:33,197 [INFO] [4.69s]     max: 1.230027
2026-05-04 00:05:33,197 [INFO] [4.69s]     median: -0.043611
2026-05-04 00:05:33,331 [DEBUG] [4.83s] 
  [Batch 15/16] GRADIENT STATISTICS
2026-05-04 00:05:33,332 [INFO] [4.83s]   Gradient Stats:
2026-05-04 00:05:33,332 [INFO] [4.83s]     grad_norm_mean: 0.095614
2026-05-04 00:05:33,332 [INFO] [4.83s]     grad_norm_max: 1.081490
2026-05-04 00:05:33,332 [INFO] [4.83s]     grad_norm_min: 0.000000
2026-05-04 00:05:33,333 [INFO] [4.83s]     grad_mean_mean: -0.002090
2026-05-04 00:05:33,333 [INFO] [4.83s]     grad_max_max: 0.109982
2026-05-04 00:05:33,333 [INFO] [4.83s]     grad_min_min: -0.258113
2026-05-04 00:05:33,333 [INFO] [4.83s]     valid_gradients: 30
2026-05-04 00:05:33,333 [INFO] [4.83s]     invalid_gradients: 0
2026-05-04 00:05:33,356 [DEBUG] [4.85s] 
  [Batch 15/16] PARAMETER STATISTICS
2026-05-04 00:05:33,357 [INFO] [4.86s]   Param Stats:
2026-05-04 00:05:33,357 [INFO] [4.86s]     param_norm_mean: 1.730132
2026-05-04 00:05:33,357 [INFO] [4.86s]     param_norm_max: 6.669945
2026-05-04 00:05:33,357 [INFO] [4.86s]     param_means_mean: 0.133199
2026-05-04 00:05:33,357 [INFO] [4.86s] 
  [Batch 15/16] TRAINING PROGRESS
2026-05-04 00:05:33,358 [INFO] [4.86s]     Batch Loss:      0.16690572
2026-05-04 00:05:33,358 [INFO] [4.86s]     Running Avg:     0.50145694
2026-05-04 00:05:33,358 [INFO] [4.86s]     Case:            cavity/bc/case0001 (t=0)
2026-05-04 00:05:33,358 [DEBUG] [4.86s] 
  [Batch 15/16] PREDICTION SAMPLE
2026-05-04 00:05:33,358 [INFO] [4.86s]     Sample: cavity/bc/case0001 (t=0)
2026-05-04 00:05:33,360 [INFO] [4.86s]     Predicted U stats:  mean=-0.063142, std=0.040771
2026-05-04 00:05:33,360 [INFO] [4.86s]     Target U stats:     mean=-0.057769, std=0.284794
2026-05-04 00:05:33,360 [INFO] [4.86s]     Predicted V stats:  mean=0.071340, std=0.090818
2026-05-04 00:05:33,362 [INFO] [4.86s]     Target V stats:     mean=-0.000325, std=0.329411
2026-05-04 00:05:33,362 [INFO] [4.86s]     Sample MSE (U): 0.06243601
2026-05-04 00:05:33,362 [INFO] [4.86s]     Sample MSE (V): 0.06566456
2026-05-04 00:05:33,366 [INFO] [4.86s] ------------------------------------------------------------
2026-05-04 00:05:33,366 [DEBUG] [4.86s] [Batch 16/16] INPUT DATA STATS
2026-05-04 00:05:33,366 [INFO] [4.86s]   Case: cavity/geo/case0002 (t=6)
2026-05-04 00:05:33,366 [DEBUG] [4.86s]   Tensor Stats - Input (first sample):
2026-05-04 00:05:33,367 [INFO] [4.86s]     shape: (64, 64, 2)
2026-05-04 00:05:33,367 [INFO] [4.86s]     dtype: torch.float32
2026-05-04 00:05:33,367 [INFO] [4.86s]     mean: 0.015027
2026-05-04 00:05:33,367 [INFO] [4.87s]     std: 1.084077
2026-05-04 00:05:33,368 [INFO] [4.87s]     min: -5.930768
2026-05-04 00:05:33,368 [INFO] [4.87s]     max: 6.462160
2026-05-04 00:05:33,368 [INFO] [4.87s]     median: -0.039080
2026-05-04 00:05:33,369 [DEBUG] [4.87s]   Tensor Stats - Target (first sample):
2026-05-04 00:05:33,369 [INFO] [4.87s]     shape: (64, 64, 2)
2026-05-04 00:05:33,369 [INFO] [4.87s]     dtype: torch.float32
2026-05-04 00:05:33,369 [INFO] [4.87s]     mean: 0.014968
2026-05-04 00:05:33,369 [INFO] [4.87s]     std: 1.098803
2026-05-04 00:05:33,369 [INFO] [4.87s]     min: -5.957450
2026-05-04 00:05:33,370 [INFO] [4.87s]     max: 6.462160
2026-05-04 00:05:33,370 [INFO] [4.87s]     median: -0.039480
2026-05-04 00:05:33,558 [DEBUG] [5.06s] 
  [Batch 16/16] GRADIENT STATISTICS
2026-05-04 00:05:33,558 [INFO] [5.06s]   Gradient Stats:
2026-05-04 00:05:33,558 [INFO] [5.06s]     grad_norm_mean: 0.150660
2026-05-04 00:05:33,558 [INFO] [5.06s]     grad_norm_max: 1.927618
2026-05-04 00:05:33,559 [INFO] [5.06s]     grad_norm_min: 0.000000
2026-05-04 00:05:33,559 [INFO] [5.06s]     grad_mean_mean: -0.003675
2026-05-04 00:05:33,559 [INFO] [5.06s]     grad_max_max: 0.293133
2026-05-04 00:05:33,560 [INFO] [5.06s]     grad_min_min: -0.441676
2026-05-04 00:05:33,560 [INFO] [5.06s]     valid_gradients: 30
2026-05-04 00:05:33,560 [INFO] [5.06s]     invalid_gradients: 0
2026-05-04 00:05:33,592 [DEBUG] [5.09s] 
  [Batch 16/16] PARAMETER STATISTICS
2026-05-04 00:05:33,596 [INFO] [5.09s]   Param Stats:
2026-05-04 00:05:33,597 [INFO] [5.10s]     param_norm_mean: 1.742335
2026-05-04 00:05:33,599 [INFO] [5.10s]     param_norm_max: 6.676427
2026-05-04 00:05:33,599 [INFO] [5.10s]     param_means_mean: 0.133319
2026-05-04 00:05:33,600 [INFO] [5.10s] 
  [Batch 16/16] TRAINING PROGRESS
2026-05-04 00:05:33,600 [INFO] [5.10s]     Batch Loss:      0.41407195
2026-05-04 00:05:33,600 [INFO] [5.10s]     Running Avg:     0.49599538
2026-05-04 00:05:33,601 [INFO] [5.10s]     Case:            cavity/geo/case0002 (t=6)
2026-05-04 00:05:33,602 [INFO] [5.10s] 
------------------------------------------------------------
2026-05-04 00:05:33,603 [INFO] [5.10s] [EPOCH 1/1] TRAIN COMPLETE
2026-05-04 00:05:33,603 [INFO] [5.10s] ------------------------------------------------------------
2026-05-04 00:05:33,606 [INFO] [5.10s]   Average Train Loss: 0.49599538
2026-05-04 00:05:33,607 [INFO] [5.11s]   Epoch time: 3.19s
2026-05-04 00:05:33,608 [INFO] [5.11s] 
[EPOCH 1/1] EVALUATION ON TEST SET
2026-05-04 00:05:33,818 [INFO] [5.32s] 
  Test Loss: 0.85708742 *** BEST ***
2026-05-04 00:05:33,818 [INFO] [5.32s]   Test Metrics:
2026-05-04 00:05:33,818 [INFO] [5.32s]     MSE:  0.85708743
2026-05-04 00:05:33,819 [INFO] [5.32s]     RMSE: 0.925790
2026-05-04 00:05:33,819 [INFO] [5.32s]     MAE:  0.466479
2026-05-04 00:05:33,819 [INFO] [5.32s]     R2 (Overall): 0.151441
2026-05-04 00:05:33,819 [INFO] [5.32s]     R2 (U component): 0.146395
2026-05-04 00:05:33,819 [INFO] [5.32s]     R2 (V component): 0.156498
2026-05-04 00:05:33,820 [INFO] [5.32s] 
[EPOCH 1/1] END - Time: 3.19s
2026-05-04 00:05:33,820 [INFO] [5.32s] Memory: CPU Memory: 249.11MB RSS
2026-05-04 00:05:33,820 [INFO] [5.32s] === COMPLETED: Training (took 3.41s) ===
2026-05-04 00:05:33,820 [INFO] [5.32s]     Details: Total time: 3.41s (0.06 min)
2026-05-04 00:05:33,824 [INFO] [5.32s] === STARTING: Model Saving ===
2026-05-04 00:05:33,824 [INFO] [5.32s] Saving model to: C:\traework\a\wilmer-deeplearn\portable_env\python-portable\workspace\fno2-model.pth
2026-05-04 00:05:33,858 [INFO] [5.36s] Model saved successfully: C:\traework\a\wilmer-deeplearn\portable_env\python-portable\workspace\fno2-model.pth
2026-05-04 00:05:33,860 [INFO] [5.36s] File size: 6.83 MB
2026-05-04 00:05:33,860 [INFO] [5.36s] === COMPLETED: Model Saving (took 0.04s) ===
2026-05-04 00:05:33,860 [INFO] [5.36s] 
================================================================================
2026-05-04 00:05:33,860 [INFO] [5.36s] TRAINING COMPLETE - FINAL SUMMARY
2026-05-04 00:05:33,860 [INFO] [5.36s] ================================================================================
2026-05-04 00:05:33,860 [INFO] [5.36s] Total training time: 3.41 seconds (0.06 minutes)
2026-05-04 00:05:33,860 [INFO] [5.36s] Average time per epoch: 3.41 seconds
2026-05-04 00:05:33,862 [INFO] [5.36s] 
2026-05-04 00:05:33,862 [INFO] [5.36s] Final Train Loss: 0.49599538
2026-05-04 00:05:33,862 [INFO] [5.36s] Final Test Loss:  0.85708742
2026-05-04 00:05:33,862 [INFO] [5.36s] Best Test Loss:   0.85708742 (Epoch 1)
2026-05-04 00:05:33,862 [INFO] [5.36s] 
2026-05-04 00:05:33,863 [INFO] [5.36s] Final Test Metrics:
2026-05-04 00:05:33,863 [INFO] [5.36s]   MSE:  0.85708743
2026-05-04 00:05:33,863 [INFO] [5.36s]   RMSE: 0.925790
2026-05-04 00:05:33,863 [INFO] [5.36s]   MAE:  0.466479
2026-05-04 00:05:33,864 [INFO] [5.36s]   R2:   0.151441
2026-05-04 00:05:33,864 [INFO] [5.36s] 
2026-05-04 00:05:33,864 [INFO] [5.36s] Gradient Statistics Summary:
2026-05-04 00:05:33,865 [INFO] [5.36s]   Average gradient norm: 0.184936
2026-05-04 00:05:33,865 [INFO] [5.36s]   Max gradient norm:     0.423357
2026-05-04 00:05:33,865 [INFO] [5.36s]   Min gradient norm:     0.071824
2026-05-04 00:05:33,865 [INFO] [5.36s] Model saved at: C:\traework\a\wilmer-deeplearn\portable_env\python-portable\workspace\fno2-model.pth
2026-05-04 00:05:33,865 [INFO] [5.36s] Log saved at: C:\traework\a\wilmer-deeplearn\portable_env\python-portable\workspace\training_full.log
2026-05-04 00:05:33,866 [INFO] [5.36s] End time: 2026-05-04 00:05:33
2026-05-04 00:05:33,866 [INFO] [5.36s] ================================================================================
2026-05-04 00:25:59,554 [INFO] [0.00s] 
================================================================================
2026-05-04 00:25:59,554 [INFO] [0.00s] FNO2 ENHANCED TRAINING CONFIGURATION (Python Standard Logging)
2026-05-04 00:25:59,554 [INFO] [0.00s] ================================================================================
2026-05-04 00:25:59,554 [INFO] [0.00s] classNum: 2
2026-05-04 00:25:59,554 [INFO] [0.00s]   -> Using: bc + geo categories
2026-05-04 00:25:59,554 [INFO] [0.00s] Max cases per category: 2
2026-05-04 00:25:59,554 [INFO] [0.00s] Epochs: 1
2026-05-04 00:25:59,554 [INFO] [0.00s] Batch size: 3
2026-05-04 00:25:59,554 [INFO] [0.00s] Learning rate: 0.001
2026-05-04 00:25:59,556 [INFO] [0.00s] Log level: DEBUG
2026-05-04 00:25:59,556 [INFO] [0.00s] Log to console: True
2026-05-04 00:25:59,556 [INFO] [0.00s] Log to file: True
2026-05-04 00:25:59,556 [INFO] [0.00s] ================================================================================
2026-05-04 00:25:59,556 [INFO] [0.00s] 
2026-05-04 00:25:59,557 [INFO] [0.00s] 
================================================================================
2026-05-04 00:25:59,558 [INFO] [0.00s] ENHANCED FNO2 TRAINING FOR NAVIER-STOKES (CFDBENCH)
2026-05-04 00:25:59,558 [INFO] [0.00s] ================================================================================
2026-05-04 00:25:59,559 [INFO] [0.00s] Start time: 2026-05-04 00:25:59
2026-05-04 00:25:59,559 [INFO] [0.00s] Device: cpu
2026-05-04 00:25:59,560 [INFO] [0.00s] Log file: training_full.log
2026-05-04 00:25:59,560 [INFO] [0.00s] Log level: DEBUG
2026-05-04 00:25:59,560 [INFO] [0.00s] Log to console: True
2026-05-04 00:25:59,560 [INFO] [0.00s] Log to file: True
2026-05-04 00:25:59,560 [INFO] [0.01s] 
2026-05-04 00:25:59,561 [INFO] [0.01s] TRAINING CONFIGURATION:
2026-05-04 00:25:59,561 [INFO] [0.01s]   data_root: C:\ftpService\CFDBench
2026-05-04 00:25:59,561 [INFO] [0.01s]   problems: ['cavity']
2026-05-04 00:25:59,561 [INFO] [0.01s]   categories: None
2026-05-04 00:25:59,561 [INFO] [0.01s]   classNum: 2
2026-05-04 00:25:59,561 [INFO] [0.01s]   modes: 12
2026-05-04 00:25:59,561 [INFO] [0.01s]   width: 16
2026-05-04 00:25:59,563 [INFO] [0.01s]   epochs: 1
2026-05-04 00:25:59,563 [INFO] [0.01s]   batch_size: 3
2026-05-04 00:25:59,563 [INFO] [0.01s]   learning_rate: 0.001
2026-05-04 00:25:59,563 [INFO] [0.01s]   weight_decay: 0.0001
2026-05-04 00:25:59,564 [INFO] [0.01s]   train_ratio: 0.8
2026-05-04 00:25:59,564 [INFO] [0.01s]   normalize: True
2026-05-04 00:25:59,564 [INFO] [0.01s]   max_cases_per_category: 2
2026-05-04 00:25:59,564 [INFO] [0.01s]   in_channels: 4
2026-05-04 00:25:59,564 [INFO] [0.01s]   out_channels: 2
2026-05-04 00:25:59,564 [INFO] [0.01s]   show_gradient_stats: True
2026-05-04 00:25:59,564 [INFO] [0.01s]   show_param_stats: True
2026-05-04 00:25:59,564 [INFO] [0.01s]   show_tensor_stats: True
2026-05-04 00:25:59,566 [INFO] [0.01s]   show_prediction_samples: True
2026-05-04 00:25:59,566 [INFO] [0.01s] 
2026-05-04 00:25:59,566 [INFO] [0.01s] === STARTING: Data Loading ===
2026-05-04 00:25:59,566 [INFO] [0.01s] ============================================================
2026-05-04 00:25:59,566 [INFO] [0.01s] DATA LOADING PROCESS
2026-05-04 00:25:59,566 [INFO] [0.01s] ============================================================
2026-05-04 00:25:59,566 [INFO] [0.01s] Data root: C:\ftpService\CFDBench
2026-05-04 00:25:59,568 [INFO] [0.01s] Problems: ['cavity']
2026-05-04 00:25:59,568 [INFO] [0.01s] classNum: 2
2026-05-04 00:25:59,568 [INFO] [0.01s] Categories to use: ['bc', 'geo']
2026-05-04 00:25:59,568 [INFO] [0.01s] Max cases per category: 2
2026-05-04 00:25:59,569 [INFO] [0.01s] Normalize: True
2026-05-04 00:25:59,569 [INFO] [0.01s] 
2026-05-04 00:25:59,569 [INFO] [0.01s] Processing problem: cavity
2026-05-04 00:25:59,571 [INFO] [0.02s]   Category: bc - Found 50 cases, using 2
2026-05-04 00:25:59,574 [INFO] [0.02s]     [LOAD] case0000: 10 time steps, 9 samples, shape=(64, 64)
2026-05-04 00:25:59,579 [INFO] [0.02s]     [LOAD] case0001: 11 time steps, 10 samples, shape=(64, 64)
2026-05-04 00:25:59,580 [INFO] [0.02s]   Category: geo - Found 24 cases, using 2
2026-05-04 00:25:59,583 [INFO] [0.03s]     [LOAD] case0001: 23 time steps, 22 samples, shape=(64, 64)
2026-05-04 00:25:59,587 [INFO] [0.03s]     [LOAD] case0002: 20 time steps, 19 samples, shape=(64, 64)
2026-05-04 00:25:59,587 [INFO] [0.03s] 
2026-05-04 00:25:59,587 [INFO] [0.03s] ------------------------------------------------------------
2026-05-04 00:25:59,588 [INFO] [0.03s] DATA LOADING SUMMARY
2026-05-04 00:25:59,588 [INFO] [0.03s] ------------------------------------------------------------
2026-05-04 00:25:59,588 [INFO] [0.03s]   Total cases loaded: 4
2026-05-04 00:25:59,588 [INFO] [0.03s]   Total cases skipped: 0
2026-05-04 00:25:59,588 [INFO] [0.03s]   Total time-step pairs: 60
2026-05-04 00:25:59,588 [INFO] [0.03s] 
2026-05-04 00:25:59,589 [INFO] [0.03s] Computing normalization statistics...
2026-05-04 00:25:59,594 [INFO] [0.04s]   U Component:
2026-05-04 00:25:59,594 [INFO] [0.04s]     mean = 0.119273
2026-05-04 00:25:59,594 [INFO] [0.04s]     std  = 1.529013
2026-05-04 00:25:59,594 [INFO] [0.04s]     min  = -4.595441
2026-05-04 00:25:59,594 [INFO] [0.04s]     max  = 10.000000
2026-05-04 00:25:59,594 [INFO] [0.04s]   V Component:
2026-05-04 00:25:59,595 [INFO] [0.04s]     mean = 0.000130
2026-05-04 00:25:59,595 [INFO] [0.04s]     std  = 1.041195
2026-05-04 00:25:59,595 [INFO] [0.04s]     min  = -6.291953
2026-05-04 00:25:59,595 [INFO] [0.04s]     max  = 4.532698
2026-05-04 00:25:59,595 [INFO] [0.04s] 
2026-05-04 00:25:59,595 [INFO] [0.04s] Normalizing data...
2026-05-04 00:25:59,597 [INFO] [0.04s]   Normalized 50/60 samples
2026-05-04 00:25:59,599 [INFO] [0.04s]   Normalization complete: 60 samples
2026-05-04 00:25:59,599 [INFO] [0.04s] 
2026-05-04 00:25:59,599 [INFO] [0.04s] ============================================================
2026-05-04 00:25:59,599 [INFO] [0.04s] DATA LOADING COMPLETE
2026-05-04 00:25:59,599 [INFO] [0.04s] ============================================================
2026-05-04 00:25:59,601 [INFO] [0.04s] === COMPLETED: Data Loading (took 0.03s) ===
2026-05-04 00:25:59,601 [INFO] [0.04s]     Details: 48 train, 12 test, 16 batches per epoch
2026-05-04 00:25:59,623 [INFO] [0.07s] Memory: CPU Memory: 159.46MB RSS
2026-05-04 00:25:59,623 [INFO] [0.07s] === STARTING: Model Creation ===
2026-05-04 00:25:59,638 [INFO] [0.08s] Model Architecture:
2026-05-04 00:25:59,638 [INFO] [0.08s]   FNO2d with modes=12, width=16
2026-05-04 00:25:59,638 [INFO] [0.08s]   Input channels: 4 (2 data + 2 coords auto-added)
2026-05-04 00:25:59,638 [INFO] [0.08s]   Output channels: 2 (u, v velocity)
2026-05-04 00:25:59,638 [INFO] [0.08s]   Total parameters: 298,642
2026-05-04 00:25:59,639 [INFO] [0.08s]   Trainable parameters: 298,642
2026-05-04 00:25:59,639 [INFO] [0.08s] 
  Layer-wise parameter count:
2026-05-04 00:25:59,639 [INFO] [0.08s]     fc0.weight: 64 params
2026-05-04 00:25:59,639 [INFO] [0.08s]     fc0.bias: 16 params
2026-05-04 00:25:59,639 [INFO] [0.08s]     conv0.weights1: 36,864 params
2026-05-04 00:25:59,640 [INFO] [0.08s]     conv0.weights2: 36,864 params
2026-05-04 00:25:59,640 [INFO] [0.08s]     conv1.weights1: 36,864 params
2026-05-04 00:25:59,640 [INFO] [0.08s]     conv1.weights2: 36,864 params
2026-05-04 00:25:59,640 [INFO] [0.08s]     conv2.weights1: 36,864 params
2026-05-04 00:25:59,640 [INFO] [0.08s]     conv2.weights2: 36,864 params
2026-05-04 00:25:59,640 [INFO] [0.08s]     conv3.weights1: 36,864 params
2026-05-04 00:25:59,641 [INFO] [0.09s]     conv3.weights2: 36,864 params
2026-05-04 00:25:59,641 [INFO] [0.09s]     w0.weight: 256 params
2026-05-04 00:25:59,641 [INFO] [0.09s]     w0.bias: 16 params
2026-05-04 00:25:59,641 [INFO] [0.09s]     w1.weight: 256 params
2026-05-04 00:25:59,641 [INFO] [0.09s]     w1.bias: 16 params
2026-05-04 00:25:59,641 [INFO] [0.09s]     w2.weight: 256 params
2026-05-04 00:25:59,641 [INFO] [0.09s]     w2.bias: 16 params
2026-05-04 00:25:59,641 [INFO] [0.09s]     w3.weight: 256 params
2026-05-04 00:25:59,643 [INFO] [0.09s]     w3.bias: 16 params
2026-05-04 00:25:59,643 [INFO] [0.09s]     bn0.weight: 16 params
2026-05-04 00:25:59,643 [INFO] [0.09s]     bn0.bias: 16 params
2026-05-04 00:25:59,643 [INFO] [0.09s]     bn1.weight: 16 params
2026-05-04 00:25:59,643 [INFO] [0.09s]     bn1.bias: 16 params
2026-05-04 00:25:59,643 [INFO] [0.09s]     bn2.weight: 16 params
2026-05-04 00:25:59,644 [INFO] [0.09s]     bn2.bias: 16 params
2026-05-04 00:25:59,644 [INFO] [0.09s]     bn3.weight: 16 params
2026-05-04 00:25:59,644 [INFO] [0.09s]     bn3.bias: 16 params
2026-05-04 00:25:59,644 [INFO] [0.09s]     fc1.weight: 2,048 params
2026-05-04 00:25:59,644 [INFO] [0.09s]     fc1.bias: 128 params
2026-05-04 00:25:59,645 [INFO] [0.09s]     fc2.weight: 256 params
2026-05-04 00:25:59,645 [INFO] [0.09s]     fc2.bias: 2 params
2026-05-04 00:25:59,645 [INFO] [0.09s] === COMPLETED: Model Creation (took 0.02s) ===
2026-05-04 00:25:59,645 [INFO] [0.09s]     Details: 298,642 parameters
2026-05-04 00:25:59,645 [INFO] [0.09s] Memory: CPU Memory: 163.36MB RSS
2026-05-04 00:25:59,646 [INFO] [0.09s] === STARTING: Optimizer Setup ===
2026-05-04 00:26:01,269 [INFO] [1.71s] Optimizer: Adam
2026-05-04 00:26:01,269 [INFO] [1.71s]   Learning rate: 0.001
2026-05-04 00:26:01,269 [INFO] [1.71s]   Weight decay: 0.0001
2026-05-04 00:26:01,269 [INFO] [1.71s] Scheduler: StepLR (step=15, gamma=0.5)
2026-05-04 00:26:01,269 [INFO] [1.71s] Loss function: MSELoss
2026-05-04 00:26:01,269 [INFO] [1.71s] === COMPLETED: Optimizer Setup (took 1.62s) ===
2026-05-04 00:26:01,269 [INFO] [1.71s] === STARTING: Training ===
2026-05-04 00:26:01,271 [INFO] [1.72s] ================================================================================
2026-05-04 00:26:01,271 [INFO] [1.72s] TRAINING PROCESS - DETAILED LOGGING
2026-05-04 00:26:01,271 [INFO] [1.72s] ================================================================================
2026-05-04 00:26:01,271 [INFO] [1.72s] 
2026-05-04 00:26:01,272 [INFO] [1.72s] Logging features enabled:
2026-05-04 00:26:01,272 [INFO] [1.72s]   - Gradient statistics: [YES]
2026-05-04 00:26:01,272 [INFO] [1.72s]   - Parameter statistics: [YES]
2026-05-04 00:26:01,272 [INFO] [1.72s]   - Tensor statistics: [YES]
2026-05-04 00:26:01,272 [INFO] [1.72s]   - Prediction samples: [YES]
2026-05-04 00:26:01,272 [INFO] [1.72s] 
2026-05-04 00:26:01,273 [INFO] [1.72s] 
================================================================================
2026-05-04 00:26:01,273 [INFO] [1.72s] [EPOCH 1/1] START
2026-05-04 00:26:01,274 [INFO] [1.72s] ================================================================================
2026-05-04 00:26:01,274 [INFO] [1.72s]   Current learning rate: 1.00e-03
2026-05-04 00:26:01,274 [INFO] [1.72s]   Number of batches: 16
2026-05-04 00:26:01,274 [INFO] [1.72s]   Memory: CPU Memory: 201.56MB RSS
2026-05-04 00:26:01,274 [INFO] [1.72s] 
2026-05-04 00:26:01,278 [INFO] [1.72s] ------------------------------------------------------------
2026-05-04 00:26:01,278 [DEBUG] [1.72s] [Batch 1/16] INPUT DATA STATS
2026-05-04 00:26:01,278 [INFO] [1.72s]   Case: cavity/bc/case0000 (t=2)
2026-05-04 00:26:01,279 [DEBUG] [1.72s]   Tensor Stats - Input (first sample):
2026-05-04 00:26:01,279 [INFO] [1.72s]     shape: (64, 64, 2)
2026-05-04 00:26:01,279 [INFO] [1.72s]     dtype: torch.float32
2026-05-04 00:26:01,279 [INFO] [1.72s]     mean: -0.034034
2026-05-04 00:26:01,279 [INFO] [1.72s]     std: 0.165781
2026-05-04 00:26:01,280 [INFO] [1.72s]     min: -0.627796
2026-05-04 00:26:01,280 [INFO] [1.72s]     max: 0.576010
2026-05-04 00:26:01,280 [INFO] [1.72s]     median: -0.047600
2026-05-04 00:26:01,280 [DEBUG] [1.72s]   Tensor Stats - Target (first sample):
2026-05-04 00:26:01,280 [INFO] [1.72s]     shape: (64, 64, 2)
2026-05-04 00:26:01,280 [INFO] [1.72s]     dtype: torch.float32
2026-05-04 00:26:01,280 [INFO] [1.72s]     mean: -0.034034
2026-05-04 00:26:01,280 [INFO] [1.72s]     std: 0.172433
2026-05-04 00:26:01,280 [INFO] [1.72s]     min: -0.629479
2026-05-04 00:26:01,282 [INFO] [1.73s]     max: 0.576010
2026-05-04 00:26:01,282 [INFO] [1.73s]     median: -0.047318
2026-05-04 00:26:01,457 [DEBUG] [1.90s] 
  [Batch 1/16] GRADIENT STATISTICS
2026-05-04 00:26:01,457 [INFO] [1.90s]   Gradient Stats:
2026-05-04 00:26:01,457 [INFO] [1.90s]     grad_norm_mean: 0.345487
2026-05-04 00:26:01,458 [INFO] [1.90s]     grad_norm_max: 2.032813
2026-05-04 00:26:01,458 [INFO] [1.90s]     grad_norm_min: 0.000000
2026-05-04 00:26:01,458 [INFO] [1.90s]     grad_mean_mean: 0.003066
2026-05-04 00:26:01,458 [INFO] [1.90s]     grad_max_max: 0.611057
2026-05-04 00:26:01,458 [INFO] [1.90s]     grad_min_min: -0.496184
2026-05-04 00:26:01,458 [INFO] [1.90s]     valid_gradients: 30
2026-05-04 00:26:01,458 [INFO] [1.90s]     invalid_gradients: 0
2026-05-04 00:26:01,478 [DEBUG] [1.92s] 
  [Batch 1/16] PARAMETER STATISTICS
2026-05-04 00:26:01,478 [INFO] [1.92s]   Param Stats:
2026-05-04 00:26:01,478 [INFO] [1.92s]     param_norm_mean: 1.502853
2026-05-04 00:26:01,478 [INFO] [1.92s]     param_norm_max: 6.525142
2026-05-04 00:26:01,478 [INFO] [1.92s]     param_means_mean: 0.127430
2026-05-04 00:26:01,478 [INFO] [1.92s] 
  [Batch 1/16] TRAINING PROGRESS
2026-05-04 00:26:01,480 [INFO] [1.92s]     Batch Loss:      0.71548867
2026-05-04 00:26:01,480 [INFO] [1.92s]     Running Avg:     0.71548867
2026-05-04 00:26:01,480 [INFO] [1.92s]     Case:            cavity/bc/case0000 (t=2)
2026-05-04 00:26:01,482 [INFO] [1.93s] ------------------------------------------------------------
2026-05-04 00:26:01,482 [DEBUG] [1.93s] [Batch 2/16] INPUT DATA STATS
2026-05-04 00:26:01,482 [INFO] [1.93s]   Case: cavity/geo/case0002 (t=2)
2026-05-04 00:26:01,483 [DEBUG] [1.93s]   Tensor Stats - Input (first sample):
2026-05-04 00:26:01,483 [INFO] [1.93s]     shape: (64, 64, 2)
2026-05-04 00:26:01,483 [INFO] [1.93s]     dtype: torch.float32
2026-05-04 00:26:01,483 [INFO] [1.93s]     mean: 0.015945
2026-05-04 00:26:01,483 [INFO] [1.93s]     std: 0.998164
2026-05-04 00:26:01,484 [INFO] [1.93s]     min: -5.716193
2026-05-04 00:26:01,484 [INFO] [1.93s]     max: 6.462160
2026-05-04 00:26:01,484 [INFO] [1.93s]     median: -0.037682
2026-05-04 00:26:01,485 [DEBUG] [1.93s]   Tensor Stats - Target (first sample):
2026-05-04 00:26:01,486 [INFO] [1.93s]     shape: (64, 64, 2)
2026-05-04 00:26:01,486 [INFO] [1.93s]     dtype: torch.float32
2026-05-04 00:26:01,486 [INFO] [1.93s]     mean: 0.015632
2026-05-04 00:26:01,486 [INFO] [1.93s]     std: 1.024295
2026-05-04 00:26:01,486 [INFO] [1.93s]     min: -5.790040
2026-05-04 00:26:01,486 [INFO] [1.93s]     max: 6.462160
2026-05-04 00:26:01,486 [INFO] [1.93s]     median: -0.038506
2026-05-04 00:26:01,602 [DEBUG] [2.05s] 
  [Batch 2/16] GRADIENT STATISTICS
2026-05-04 00:26:01,602 [INFO] [2.05s]   Gradient Stats:
2026-05-04 00:26:01,602 [INFO] [2.05s]     grad_norm_mean: 0.337213
2026-05-04 00:26:01,602 [INFO] [2.05s]     grad_norm_max: 2.138975
2026-05-04 00:26:01,603 [INFO] [2.05s]     grad_norm_min: 0.000000
2026-05-04 00:26:01,603 [INFO] [2.05s]     grad_mean_mean: 0.000979
2026-05-04 00:26:01,603 [INFO] [2.05s]     grad_max_max: 0.619078
2026-05-04 00:26:01,603 [INFO] [2.05s]     grad_min_min: -0.398201
2026-05-04 00:26:01,603 [INFO] [2.05s]     valid_gradients: 30
2026-05-04 00:26:01,603 [INFO] [2.05s]     invalid_gradients: 0
2026-05-04 00:26:01,619 [DEBUG] [2.06s] 
  [Batch 2/16] PARAMETER STATISTICS
2026-05-04 00:26:01,619 [INFO] [2.06s]   Param Stats:
2026-05-04 00:26:01,619 [INFO] [2.06s]     param_norm_mean: 1.518966
2026-05-04 00:26:01,620 [INFO] [2.06s]     param_norm_max: 6.526393
2026-05-04 00:26:01,620 [INFO] [2.06s]     param_means_mean: 0.127472
2026-05-04 00:26:01,620 [INFO] [2.06s] 
  [Batch 2/16] TRAINING PROGRESS
2026-05-04 00:26:01,620 [INFO] [2.06s]     Batch Loss:      1.39204776
2026-05-04 00:26:01,620 [INFO] [2.06s]     Running Avg:     1.05376822
2026-05-04 00:26:01,621 [INFO] [2.07s]     Case:            cavity/geo/case0002 (t=2)
2026-05-04 00:26:01,621 [INFO] [2.07s] ------------------------------------------------------------
2026-05-04 00:26:01,623 [DEBUG] [2.07s] [Batch 3/16] INPUT DATA STATS
2026-05-04 00:26:01,623 [INFO] [2.07s]   Case: cavity/bc/case0000 (t=0)
2026-05-04 00:26:01,624 [DEBUG] [2.07s]   Tensor Stats - Input (first sample):
2026-05-04 00:26:01,624 [INFO] [2.07s]     shape: (64, 64, 2)
2026-05-04 00:26:01,624 [INFO] [2.07s]     dtype: torch.float32
2026-05-04 00:26:01,624 [INFO] [2.07s]     mean: -0.034012
2026-05-04 00:26:01,624 [INFO] [2.07s]     std: 0.125722
2026-05-04 00:26:01,624 [INFO] [2.07s]     min: -0.609961
2026-05-04 00:26:01,624 [INFO] [2.07s]     max: 0.576010
2026-05-04 00:26:01,624 [INFO] [2.07s]     median: -0.046741
2026-05-04 00:26:01,626 [DEBUG] [2.07s]   Tensor Stats - Target (first sample):
2026-05-04 00:26:01,626 [INFO] [2.07s]     shape: (64, 64, 2)
2026-05-04 00:26:01,626 [INFO] [2.07s]     dtype: torch.float32
2026-05-04 00:26:01,627 [INFO] [2.07s]     mean: -0.034038
2026-05-04 00:26:01,627 [INFO] [2.07s]     std: 0.152337
2026-05-04 00:26:01,627 [INFO] [2.07s]     min: -0.627141
2026-05-04 00:26:01,627 [INFO] [2.07s]     max: 0.576010
2026-05-04 00:26:01,627 [INFO] [2.07s]     median: -0.047250
2026-05-04 00:26:01,737 [DEBUG] [2.18s] 
  [Batch 3/16] GRADIENT STATISTICS
2026-05-04 00:26:01,738 [INFO] [2.18s]   Gradient Stats:
2026-05-04 00:26:01,738 [INFO] [2.18s]     grad_norm_mean: 0.219115
2026-05-04 00:26:01,738 [INFO] [2.18s]     grad_norm_max: 1.691296
2026-05-04 00:26:01,738 [INFO] [2.18s]     grad_norm_min: 0.000000
2026-05-04 00:26:01,739 [INFO] [2.18s]     grad_mean_mean: -0.000053
2026-05-04 00:26:01,740 [INFO] [2.18s]     grad_max_max: 0.457998
2026-05-04 00:26:01,740 [INFO] [2.18s]     grad_min_min: -0.358032
2026-05-04 00:26:01,741 [INFO] [2.19s]     valid_gradients: 30
2026-05-04 00:26:01,741 [INFO] [2.19s]     invalid_gradients: 0
2026-05-04 00:26:01,760 [DEBUG] [2.20s] 
  [Batch 3/16] PARAMETER STATISTICS
2026-05-04 00:26:01,760 [INFO] [2.20s]   Param Stats:
2026-05-04 00:26:01,760 [INFO] [2.20s]     param_norm_mean: 1.539970
2026-05-04 00:26:01,760 [INFO] [2.20s]     param_norm_max: 6.528182
2026-05-04 00:26:01,760 [INFO] [2.20s]     param_means_mean: 0.127562
2026-05-04 00:26:01,761 [INFO] [2.21s] 
  [Batch 3/16] TRAINING PROGRESS
2026-05-04 00:26:01,761 [INFO] [2.21s]     Batch Loss:      0.78784448
2026-05-04 00:26:01,761 [INFO] [2.21s]     Running Avg:     0.96512697
2026-05-04 00:26:01,761 [INFO] [2.21s]     Case:            cavity/bc/case0000 (t=0)
2026-05-04 00:26:01,763 [INFO] [2.21s] ------------------------------------------------------------
2026-05-04 00:26:01,763 [DEBUG] [2.21s] [Batch 4/16] INPUT DATA STATS
2026-05-04 00:26:01,763 [INFO] [2.21s]   Case: cavity/geo/case0002 (t=3)
2026-05-04 00:26:01,764 [DEBUG] [2.21s]   Tensor Stats - Input (first sample):
2026-05-04 00:26:01,764 [INFO] [2.21s]     shape: (64, 64, 2)
2026-05-04 00:26:01,764 [INFO] [2.21s]     dtype: torch.float32
2026-05-04 00:26:01,764 [INFO] [2.21s]     mean: 0.015632
2026-05-04 00:26:01,765 [INFO] [2.21s]     std: 1.024295
2026-05-04 00:26:01,765 [INFO] [2.21s]     min: -5.790040
2026-05-04 00:26:01,765 [INFO] [2.21s]     max: 6.462160
2026-05-04 00:26:01,765 [INFO] [2.21s]     median: -0.038506
2026-05-04 00:26:01,766 [DEBUG] [2.21s]   Tensor Stats - Target (first sample):
2026-05-04 00:26:01,766 [INFO] [2.21s]     shape: (64, 64, 2)
2026-05-04 00:26:01,766 [INFO] [2.21s]     dtype: torch.float32
2026-05-04 00:26:01,766 [INFO] [2.21s]     mean: 0.015335
2026-05-04 00:26:01,767 [INFO] [2.21s]     std: 1.047066
2026-05-04 00:26:01,767 [INFO] [2.21s]     min: -5.849434
2026-05-04 00:26:01,767 [INFO] [2.21s]     max: 6.462160
2026-05-04 00:26:01,767 [INFO] [2.21s]     median: -0.039449
2026-05-04 00:26:01,887 [DEBUG] [2.33s] 
  [Batch 4/16] GRADIENT STATISTICS
2026-05-04 00:26:01,887 [INFO] [2.33s]   Gradient Stats:
2026-05-04 00:26:01,887 [INFO] [2.33s]     grad_norm_mean: 0.191298
2026-05-04 00:26:01,887 [INFO] [2.33s]     grad_norm_max: 1.581896
2026-05-04 00:26:01,887 [INFO] [2.33s]     grad_norm_min: 0.000000
2026-05-04 00:26:01,889 [INFO] [2.33s]     grad_mean_mean: -0.000413
2026-05-04 00:26:01,889 [INFO] [2.33s]     grad_max_max: 0.384363
2026-05-04 00:26:01,889 [INFO] [2.33s]     grad_min_min: -0.394307
2026-05-04 00:26:01,889 [INFO] [2.33s]     valid_gradients: 30
2026-05-04 00:26:01,889 [INFO] [2.33s]     invalid_gradients: 0
2026-05-04 00:26:01,904 [DEBUG] [2.35s] 
  [Batch 4/16] PARAMETER STATISTICS
2026-05-04 00:26:01,904 [INFO] [2.35s]   Param Stats:
2026-05-04 00:26:01,904 [INFO] [2.35s]     param_norm_mean: 1.562937
2026-05-04 00:26:01,904 [INFO] [2.35s]     param_norm_max: 6.530467
2026-05-04 00:26:01,904 [INFO] [2.35s]     param_means_mean: 0.127683
2026-05-04 00:26:01,904 [INFO] [2.35s] 
  [Batch 4/16] TRAINING PROGRESS
2026-05-04 00:26:01,904 [INFO] [2.35s]     Batch Loss:      0.62785083
2026-05-04 00:26:01,905 [INFO] [2.35s]     Running Avg:     0.88080794
2026-05-04 00:26:01,905 [INFO] [2.35s]     Case:            cavity/geo/case0002 (t=3)
2026-05-04 00:26:01,906 [INFO] [2.35s] ------------------------------------------------------------
2026-05-04 00:26:01,906 [DEBUG] [2.35s] [Batch 5/16] INPUT DATA STATS
2026-05-04 00:26:01,906 [INFO] [2.35s]   Case: cavity/geo/case0002 (t=17)
2026-05-04 00:26:01,907 [DEBUG] [2.35s]   Tensor Stats - Input (first sample):
2026-05-04 00:26:01,907 [INFO] [2.35s]     shape: (64, 64, 2)
2026-05-04 00:26:01,907 [INFO] [2.35s]     dtype: torch.float32
2026-05-04 00:26:01,907 [INFO] [2.35s]     mean: 0.014877
2026-05-04 00:26:01,907 [INFO] [2.35s]     std: 1.163145
2026-05-04 00:26:01,907 [INFO] [2.35s]     min: -6.039853
2026-05-04 00:26:01,907 [INFO] [2.35s]     max: 6.462160
2026-05-04 00:26:01,909 [INFO] [2.35s]     median: -0.038311
2026-05-04 00:26:01,909 [DEBUG] [2.35s]   Tensor Stats - Target (first sample):
2026-05-04 00:26:01,909 [INFO] [2.35s]     shape: (64, 64, 2)
2026-05-04 00:26:01,909 [INFO] [2.35s]     dtype: torch.float32
2026-05-04 00:26:01,909 [INFO] [2.35s]     mean: 0.014877
2026-05-04 00:26:01,910 [INFO] [2.35s]     std: 1.165153
2026-05-04 00:26:01,910 [INFO] [2.35s]     min: -6.041656
2026-05-04 00:26:01,910 [INFO] [2.35s]     max: 6.462160
2026-05-04 00:26:01,910 [INFO] [2.35s]     median: -0.038349
2026-05-04 00:26:02,051 [DEBUG] [2.50s] 
  [Batch 5/16] GRADIENT STATISTICS
2026-05-04 00:26:02,052 [INFO] [2.50s]   Gradient Stats:
2026-05-04 00:26:02,052 [INFO] [2.50s]     grad_norm_mean: 0.178511
2026-05-04 00:26:02,052 [INFO] [2.50s]     grad_norm_max: 1.638701
2026-05-04 00:26:02,053 [INFO] [2.50s]     grad_norm_min: 0.000000
2026-05-04 00:26:02,053 [INFO] [2.50s]     grad_mean_mean: -0.000733
2026-05-04 00:26:02,053 [INFO] [2.50s]     grad_max_max: 0.359307
2026-05-04 00:26:02,053 [INFO] [2.50s]     grad_min_min: -0.416295
2026-05-04 00:26:02,053 [INFO] [2.50s]     valid_gradients: 30
2026-05-04 00:26:02,053 [INFO] [2.50s]     invalid_gradients: 0
2026-05-04 00:26:02,101 [DEBUG] [2.55s] 
  [Batch 5/16] PARAMETER STATISTICS
2026-05-04 00:26:02,101 [INFO] [2.55s]   Param Stats:
2026-05-04 00:26:02,101 [INFO] [2.55s]     param_norm_mean: 1.586149
2026-05-04 00:26:02,101 [INFO] [2.55s]     param_norm_max: 6.533194
2026-05-04 00:26:02,103 [INFO] [2.55s]     param_means_mean: 0.127820
2026-05-04 00:26:02,103 [INFO] [2.55s] 
  [Batch 5/16] TRAINING PROGRESS
2026-05-04 00:26:02,104 [INFO] [2.55s]     Batch Loss:      0.61688346
2026-05-04 00:26:02,104 [INFO] [2.55s]     Running Avg:     0.82802304
2026-05-04 00:26:02,105 [INFO] [2.55s]     Case:            cavity/geo/case0002 (t=17)
2026-05-04 00:26:02,105 [DEBUG] [2.55s] 
  [Batch 5/16] PREDICTION SAMPLE
2026-05-04 00:26:02,105 [INFO] [2.55s]     Sample: cavity/geo/case0002 (t=17)
2026-05-04 00:26:02,106 [INFO] [2.55s]     Predicted U stats:  mean=-0.024916, std=0.290163
2026-05-04 00:26:02,107 [INFO] [2.55s]     Target U stats:     mean=0.029572, std=1.185005
2026-05-04 00:26:02,107 [INFO] [2.55s]     Predicted V stats:  mean=-0.001141, std=0.265611
2026-05-04 00:26:02,107 [INFO] [2.55s]     Target V stats:     mean=0.000182, std=1.144624
2026-05-04 00:26:02,107 [INFO] [2.55s]     Sample MSE (U): 0.87721038
2026-05-04 00:26:02,107 [INFO] [2.55s]     Sample MSE (V): 0.84903896
2026-05-04 00:26:02,113 [INFO] [2.56s] ------------------------------------------------------------
2026-05-04 00:26:02,114 [DEBUG] [2.56s] [Batch 6/16] INPUT DATA STATS
2026-05-04 00:26:02,114 [INFO] [2.56s]   Case: cavity/bc/case0001 (t=7)
2026-05-04 00:26:02,115 [DEBUG] [2.56s]   Tensor Stats - Input (first sample):
2026-05-04 00:26:02,115 [INFO] [2.56s]     shape: (64, 64, 2)
2026-05-04 00:26:02,115 [INFO] [2.56s]     dtype: torch.float32
2026-05-04 00:26:02,115 [INFO] [2.56s]     mean: -0.029078
2026-05-04 00:26:02,116 [INFO] [2.56s]     std: 0.359056
2026-05-04 00:26:02,116 [INFO] [2.56s]     min: -1.284276
2026-05-04 00:26:02,116 [INFO] [2.56s]     max: 1.230027
2026-05-04 00:26:02,116 [INFO] [2.56s]     median: -0.043366
2026-05-04 00:26:02,117 [DEBUG] [2.56s]   Tensor Stats - Target (first sample):
2026-05-04 00:26:02,117 [INFO] [2.56s]     shape: (64, 64, 2)
2026-05-04 00:26:02,117 [INFO] [2.56s]     dtype: torch.float32
2026-05-04 00:26:02,117 [INFO] [2.56s]     mean: -0.029079
2026-05-04 00:26:02,117 [INFO] [2.56s]     std: 0.360445
2026-05-04 00:26:02,117 [INFO] [2.56s]     min: -1.283956
2026-05-04 00:26:02,119 [INFO] [2.56s]     max: 1.230027
2026-05-04 00:26:02,119 [INFO] [2.56s]     median: -0.043470
2026-05-04 00:26:02,234 [DEBUG] [2.68s] 
  [Batch 6/16] GRADIENT STATISTICS
2026-05-04 00:26:02,235 [INFO] [2.68s]   Gradient Stats:
2026-05-04 00:26:02,235 [INFO] [2.68s]     grad_norm_mean: 0.133306
2026-05-04 00:26:02,235 [INFO] [2.68s]     grad_norm_max: 1.154585
2026-05-04 00:26:02,235 [INFO] [2.68s]     grad_norm_min: 0.000000
2026-05-04 00:26:02,235 [INFO] [2.68s]     grad_mean_mean: -0.000400
2026-05-04 00:26:02,235 [INFO] [2.68s]     grad_max_max: 0.241041
2026-05-04 00:26:02,235 [INFO] [2.68s]     grad_min_min: -0.271783
2026-05-04 00:26:02,235 [INFO] [2.68s]     valid_gradients: 30
2026-05-04 00:26:02,235 [INFO] [2.68s]     invalid_gradients: 0
2026-05-04 00:26:02,247 [DEBUG] [2.69s] 
  [Batch 6/16] PARAMETER STATISTICS
2026-05-04 00:26:02,247 [INFO] [2.69s]   Param Stats:
2026-05-04 00:26:02,247 [INFO] [2.69s]     param_norm_mean: 1.608123
2026-05-04 00:26:02,247 [INFO] [2.69s]     param_norm_max: 6.536209
2026-05-04 00:26:02,249 [INFO] [2.69s]     param_means_mean: 0.127953
2026-05-04 00:26:02,249 [INFO] [2.69s] 
  [Batch 6/16] TRAINING PROGRESS
2026-05-04 00:26:02,249 [INFO] [2.69s]     Batch Loss:      0.33450782
2026-05-04 00:26:02,249 [INFO] [2.69s]     Running Avg:     0.74577050
2026-05-04 00:26:02,249 [INFO] [2.69s]     Case:            cavity/bc/case0001 (t=7)
2026-05-04 00:26:02,250 [INFO] [2.69s] ------------------------------------------------------------
2026-05-04 00:26:02,250 [DEBUG] [2.69s] [Batch 7/16] INPUT DATA STATS
2026-05-04 00:26:02,251 [INFO] [2.70s]   Case: cavity/geo/case0001 (t=0)
2026-05-04 00:26:02,251 [DEBUG] [2.70s]   Tensor Stats - Input (first sample):
2026-05-04 00:26:02,251 [INFO] [2.70s]     shape: (64, 64, 2)
2026-05-04 00:26:02,251 [INFO] [2.70s]     dtype: torch.float32
2026-05-04 00:26:02,251 [INFO] [2.70s]     mean: 0.015790
2026-05-04 00:26:02,251 [INFO] [2.70s]     std: 1.006671
2026-05-04 00:26:02,251 [INFO] [2.70s]     min: -5.547994
2026-05-04 00:26:02,252 [INFO] [2.70s]     max: 6.462160
2026-05-04 00:26:02,252 [INFO] [2.70s]     median: -0.025666
2026-05-04 00:26:02,252 [DEBUG] [2.70s]   Tensor Stats - Target (first sample):
2026-05-04 00:26:02,252 [INFO] [2.70s]     shape: (64, 64, 2)
2026-05-04 00:26:02,253 [INFO] [2.70s]     dtype: torch.float32
2026-05-04 00:26:02,253 [INFO] [2.70s]     mean: 0.015771
2026-05-04 00:26:02,253 [INFO] [2.70s]     std: 1.108773
2026-05-04 00:26:02,253 [INFO] [2.70s]     min: -5.616404
2026-05-04 00:26:02,253 [INFO] [2.70s]     max: 6.462160
2026-05-04 00:26:02,253 [INFO] [2.70s]     median: -0.018581
2026-05-04 00:26:02,485 [DEBUG] [2.93s] 
  [Batch 7/16] GRADIENT STATISTICS
2026-05-04 00:26:02,485 [INFO] [2.93s]   Gradient Stats:
2026-05-04 00:26:02,486 [INFO] [2.93s]     grad_norm_mean: 0.236521
2026-05-04 00:26:02,486 [INFO] [2.93s]     grad_norm_max: 2.207486
2026-05-04 00:26:02,486 [INFO] [2.93s]     grad_norm_min: 0.000000
2026-05-04 00:26:02,486 [INFO] [2.93s]     grad_mean_mean: -0.002278
2026-05-04 00:26:02,486 [INFO] [2.93s]     grad_max_max: 0.479858
2026-05-04 00:26:02,486 [INFO] [2.93s]     grad_min_min: -0.539464
2026-05-04 00:26:02,487 [INFO] [2.93s]     valid_gradients: 30
2026-05-04 00:26:02,487 [INFO] [2.93s]     invalid_gradients: 0
2026-05-04 00:26:02,510 [DEBUG] [2.95s] 
  [Batch 7/16] PARAMETER STATISTICS
2026-05-04 00:26:02,510 [INFO] [2.95s]   Param Stats:
2026-05-04 00:26:02,511 [INFO] [2.95s]     param_norm_mean: 1.627849
2026-05-04 00:26:02,511 [INFO] [2.95s]     param_norm_max: 6.539734
2026-05-04 00:26:02,511 [INFO] [2.95s]     param_means_mean: 0.128083
2026-05-04 00:26:02,511 [INFO] [2.95s] 
  [Batch 7/16] TRAINING PROGRESS
2026-05-04 00:26:02,511 [INFO] [2.95s]     Batch Loss:      0.91558021
2026-05-04 00:26:02,511 [INFO] [2.96s]     Running Avg:     0.77002903
2026-05-04 00:26:02,512 [INFO] [2.96s]     Case:            cavity/geo/case0001 (t=0)
2026-05-04 00:26:02,514 [INFO] [2.96s] ------------------------------------------------------------
2026-05-04 00:26:02,514 [DEBUG] [2.96s] [Batch 8/16] INPUT DATA STATS
2026-05-04 00:26:02,515 [INFO] [2.96s]   Case: cavity/bc/case0000 (t=6)
2026-05-04 00:26:02,516 [DEBUG] [2.96s]   Tensor Stats - Input (first sample):
2026-05-04 00:26:02,516 [INFO] [2.96s]     shape: (64, 64, 2)
2026-05-04 00:26:02,516 [INFO] [2.96s]     dtype: torch.float32
2026-05-04 00:26:02,516 [INFO] [2.96s]     mean: -0.034036
2026-05-04 00:26:02,517 [INFO] [2.96s]     std: 0.178841
2026-05-04 00:26:02,517 [INFO] [2.96s]     min: -0.631403
2026-05-04 00:26:02,517 [INFO] [2.96s]     max: 0.576010
2026-05-04 00:26:02,517 [INFO] [2.96s]     median: -0.047663
2026-05-04 00:26:02,518 [DEBUG] [2.96s]   Tensor Stats - Target (first sample):
2026-05-04 00:26:02,519 [INFO] [2.96s]     shape: (64, 64, 2)
2026-05-04 00:26:02,519 [INFO] [2.96s]     dtype: torch.float32
2026-05-04 00:26:02,519 [INFO] [2.96s]     mean: -0.034036
2026-05-04 00:26:02,519 [INFO] [2.96s]     std: 0.179510
2026-05-04 00:26:02,519 [INFO] [2.96s]     min: -0.631499
2026-05-04 00:26:02,520 [INFO] [2.96s]     max: 0.576010
2026-05-04 00:26:02,520 [INFO] [2.96s]     median: -0.047517
2026-05-04 00:26:02,712 [DEBUG] [3.16s] 
  [Batch 8/16] GRADIENT STATISTICS
2026-05-04 00:26:02,712 [INFO] [3.16s]   Gradient Stats:
2026-05-04 00:26:02,712 [INFO] [3.16s]     grad_norm_mean: 0.094531
2026-05-04 00:26:02,712 [INFO] [3.16s]     grad_norm_max: 0.818043
2026-05-04 00:26:02,712 [INFO] [3.16s]     grad_norm_min: 0.000000
2026-05-04 00:26:02,713 [INFO] [3.16s]     grad_mean_mean: -0.000733
2026-05-04 00:26:02,714 [INFO] [3.16s]     grad_max_max: 0.137279
2026-05-04 00:26:02,714 [INFO] [3.16s]     grad_min_min: -0.205629
2026-05-04 00:26:02,714 [INFO] [3.16s]     valid_gradients: 30
2026-05-04 00:26:02,714 [INFO] [3.16s]     invalid_gradients: 0
2026-05-04 00:26:02,730 [DEBUG] [3.17s] 
  [Batch 8/16] PARAMETER STATISTICS
2026-05-04 00:26:02,730 [INFO] [3.17s]   Param Stats:
2026-05-04 00:26:02,730 [INFO] [3.17s]     param_norm_mean: 1.646380
2026-05-04 00:26:02,730 [INFO] [3.17s]     param_norm_max: 6.543344
2026-05-04 00:26:02,730 [INFO] [3.17s]     param_means_mean: 0.128207
2026-05-04 00:26:02,730 [INFO] [3.17s] 
  [Batch 8/16] TRAINING PROGRESS
2026-05-04 00:26:02,730 [INFO] [3.17s]     Batch Loss:      0.16901653
2026-05-04 00:26:02,730 [INFO] [3.17s]     Running Avg:     0.69490247
2026-05-04 00:26:02,731 [INFO] [3.18s]     Case:            cavity/bc/case0000 (t=6)
2026-05-04 00:26:02,731 [INFO] [3.18s] ------------------------------------------------------------
2026-05-04 00:26:02,732 [DEBUG] [3.18s] [Batch 9/16] INPUT DATA STATS
2026-05-04 00:26:02,732 [INFO] [3.18s]   Case: cavity/geo/case0002 (t=11)
2026-05-04 00:26:02,732 [DEBUG] [3.18s]   Tensor Stats - Input (first sample):
2026-05-04 00:26:02,732 [INFO] [3.18s]     shape: (64, 64, 2)
2026-05-04 00:26:02,733 [INFO] [3.18s]     dtype: torch.float32
2026-05-04 00:26:02,733 [INFO] [3.18s]     mean: 0.014893
2026-05-04 00:26:02,733 [INFO] [3.18s]     std: 1.138756
2026-05-04 00:26:02,733 [INFO] [3.18s]     min: -6.015213
2026-05-04 00:26:02,733 [INFO] [3.18s]     max: 6.462160
2026-05-04 00:26:02,733 [INFO] [3.18s]     median: -0.037641
2026-05-04 00:26:02,734 [DEBUG] [3.18s]   Tensor Stats - Target (first sample):
2026-05-04 00:26:02,734 [INFO] [3.18s]     shape: (64, 64, 2)
2026-05-04 00:26:02,734 [INFO] [3.18s]     dtype: torch.float32
2026-05-04 00:26:02,734 [INFO] [3.18s]     mean: 0.014887
2026-05-04 00:26:02,734 [INFO] [3.18s]     std: 1.144966
2026-05-04 00:26:02,734 [INFO] [3.18s]     min: -6.022285
2026-05-04 00:26:02,734 [INFO] [3.18s]     max: 6.462160
2026-05-04 00:26:02,734 [INFO] [3.18s]     median: -0.037968
2026-05-04 00:26:02,835 [DEBUG] [3.28s] 
  [Batch 9/16] GRADIENT STATISTICS
2026-05-04 00:26:02,835 [INFO] [3.28s]   Gradient Stats:
2026-05-04 00:26:02,835 [INFO] [3.28s]     grad_norm_mean: 0.092773
2026-05-04 00:26:02,837 [INFO] [3.28s]     grad_norm_max: 0.820095
2026-05-04 00:26:02,838 [INFO] [3.28s]     grad_norm_min: 0.000000
2026-05-04 00:26:02,838 [INFO] [3.28s]     grad_mean_mean: -0.000915
2026-05-04 00:26:02,838 [INFO] [3.28s]     grad_max_max: 0.135977
2026-05-04 00:26:02,838 [INFO] [3.28s]     grad_min_min: -0.201064
2026-05-04 00:26:02,838 [INFO] [3.28s]     valid_gradients: 30
2026-05-04 00:26:02,839 [INFO] [3.28s]     invalid_gradients: 0
2026-05-04 00:26:02,856 [DEBUG] [3.30s] 
  [Batch 9/16] PARAMETER STATISTICS
2026-05-04 00:26:02,856 [INFO] [3.30s]   Param Stats:
2026-05-04 00:26:02,857 [INFO] [3.30s]     param_norm_mean: 1.664059
2026-05-04 00:26:02,857 [INFO] [3.30s]     param_norm_max: 6.547072
2026-05-04 00:26:02,857 [INFO] [3.30s]     param_means_mean: 0.128328
2026-05-04 00:26:02,857 [INFO] [3.30s] 
  [Batch 9/16] TRAINING PROGRESS
2026-05-04 00:26:02,857 [INFO] [3.30s]     Batch Loss:      0.15482228
2026-05-04 00:26:02,857 [INFO] [3.30s]     Running Avg:     0.63489356
2026-05-04 00:26:02,857 [INFO] [3.30s]     Case:            cavity/geo/case0002 (t=11)
2026-05-04 00:26:02,860 [INFO] [3.30s] ------------------------------------------------------------
2026-05-04 00:26:02,860 [DEBUG] [3.30s] [Batch 10/16] INPUT DATA STATS
2026-05-04 00:26:02,860 [INFO] [3.30s]   Case: cavity/bc/case0001 (t=6)
2026-05-04 00:26:02,860 [DEBUG] [3.30s]   Tensor Stats - Input (first sample):
2026-05-04 00:26:02,860 [INFO] [3.30s]     shape: (64, 64, 2)
2026-05-04 00:26:02,860 [INFO] [3.30s]     dtype: torch.float32
2026-05-04 00:26:02,861 [INFO] [3.31s]     mean: -0.029077
2026-05-04 00:26:02,861 [INFO] [3.31s]     std: 0.357040
2026-05-04 00:26:02,861 [INFO] [3.31s]     min: -1.284735
2026-05-04 00:26:02,861 [INFO] [3.31s]     max: 1.230027
2026-05-04 00:26:02,861 [INFO] [3.31s]     median: -0.043447
2026-05-04 00:26:02,861 [DEBUG] [3.31s]   Tensor Stats - Target (first sample):
2026-05-04 00:26:02,861 [INFO] [3.31s]     shape: (64, 64, 2)
2026-05-04 00:26:02,861 [INFO] [3.31s]     dtype: torch.float32
2026-05-04 00:26:02,863 [INFO] [3.31s]     mean: -0.029078
2026-05-04 00:26:02,863 [INFO] [3.31s]     std: 0.359056
2026-05-04 00:26:02,863 [INFO] [3.31s]     min: -1.284276
2026-05-04 00:26:02,863 [INFO] [3.31s]     max: 1.230027
2026-05-04 00:26:02,863 [INFO] [3.31s]     median: -0.043366
2026-05-04 00:26:03,160 [DEBUG] [3.60s] 
  [Batch 10/16] GRADIENT STATISTICS
2026-05-04 00:26:03,160 [INFO] [3.60s]   Gradient Stats:
2026-05-04 00:26:03,161 [INFO] [3.60s]     grad_norm_mean: 0.140999
2026-05-04 00:26:03,161 [INFO] [3.60s]     grad_norm_max: 1.574167
2026-05-04 00:26:03,161 [INFO] [3.60s]     grad_norm_min: 0.000000
2026-05-04 00:26:03,161 [INFO] [3.60s]     grad_mean_mean: -0.002068
2026-05-04 00:26:03,161 [INFO] [3.60s]     grad_max_max: 0.290001
2026-05-04 00:26:03,162 [INFO] [3.61s]     grad_min_min: -0.343219
2026-05-04 00:26:03,162 [INFO] [3.61s]     valid_gradients: 30
2026-05-04 00:26:03,162 [INFO] [3.61s]     invalid_gradients: 0
2026-05-04 00:26:03,185 [DEBUG] [3.63s] 
  [Batch 10/16] PARAMETER STATISTICS
2026-05-04 00:26:03,185 [INFO] [3.63s]   Param Stats:
2026-05-04 00:26:03,186 [INFO] [3.63s]     param_norm_mean: 1.680955
2026-05-04 00:26:03,186 [INFO] [3.63s]     param_norm_max: 6.551333
2026-05-04 00:26:03,186 [INFO] [3.63s]     param_means_mean: 0.128450
2026-05-04 00:26:03,186 [INFO] [3.63s] 
  [Batch 10/16] TRAINING PROGRESS
2026-05-04 00:26:03,187 [INFO] [3.63s]     Batch Loss:      0.39862618
2026-05-04 00:26:03,187 [INFO] [3.63s]     Running Avg:     0.61126682
2026-05-04 00:26:03,188 [INFO] [3.63s]     Case:            cavity/bc/case0001 (t=6)
2026-05-04 00:26:03,188 [DEBUG] [3.63s] 
  [Batch 10/16] PREDICTION SAMPLE
2026-05-04 00:26:03,189 [INFO] [3.63s]     Sample: cavity/bc/case0001 (t=6)
2026-05-04 00:26:03,189 [INFO] [3.63s]     Predicted U stats:  mean=-0.029856, std=0.050043
2026-05-04 00:26:03,190 [INFO] [3.63s]     Target U stats:     mean=-0.057781, std=0.319111
2026-05-04 00:26:03,190 [INFO] [3.63s]     Predicted V stats:  mean=-0.002766, std=0.158417
2026-05-04 00:26:03,190 [INFO] [3.63s]     Target V stats:     mean=-0.000375, std=0.392851
2026-05-04 00:26:03,191 [INFO] [3.64s]     Sample MSE (U): 0.07650413
2026-05-04 00:26:03,191 [INFO] [3.64s]     Sample MSE (V): 0.05815218
2026-05-04 00:26:03,194 [INFO] [3.64s] ------------------------------------------------------------
2026-05-04 00:26:03,194 [DEBUG] [3.64s] [Batch 11/16] INPUT DATA STATS
2026-05-04 00:26:03,195 [INFO] [3.64s]   Case: cavity/geo/case0002 (t=13)
2026-05-04 00:26:03,196 [DEBUG] [3.64s]   Tensor Stats - Input (first sample):
2026-05-04 00:26:03,197 [INFO] [3.64s]     shape: (64, 64, 2)
2026-05-04 00:26:03,197 [INFO] [3.64s]     dtype: torch.float32
2026-05-04 00:26:03,197 [INFO] [3.64s]     mean: 0.014883
2026-05-04 00:26:03,197 [INFO] [3.64s]     std: 1.150095
2026-05-04 00:26:03,197 [INFO] [3.64s]     min: -6.027620
2026-05-04 00:26:03,198 [INFO] [3.64s]     max: 6.462160
2026-05-04 00:26:03,198 [INFO] [3.64s]     median: -0.038035
2026-05-04 00:26:03,198 [DEBUG] [3.64s]   Tensor Stats - Target (first sample):
2026-05-04 00:26:03,198 [INFO] [3.64s]     shape: (64, 64, 2)
2026-05-04 00:26:03,198 [INFO] [3.64s]     dtype: torch.float32
2026-05-04 00:26:03,199 [INFO] [3.64s]     mean: 0.014881
2026-05-04 00:26:03,199 [INFO] [3.64s]     std: 1.154323
2026-05-04 00:26:03,199 [INFO] [3.64s]     min: -6.031734
2026-05-04 00:26:03,200 [INFO] [3.64s]     max: 6.462160
2026-05-04 00:26:03,200 [INFO] [3.64s]     median: -0.038432
2026-05-04 00:26:03,371 [DEBUG] [3.81s] 
  [Batch 11/16] GRADIENT STATISTICS
2026-05-04 00:26:03,371 [INFO] [3.81s]   Gradient Stats:
2026-05-04 00:26:03,371 [INFO] [3.81s]     grad_norm_mean: 0.157997
2026-05-04 00:26:03,371 [INFO] [3.81s]     grad_norm_max: 1.904436
2026-05-04 00:26:03,371 [INFO] [3.82s]     grad_norm_min: 0.000000
2026-05-04 00:26:03,372 [INFO] [3.82s]     grad_mean_mean: -0.002904
2026-05-04 00:26:03,372 [INFO] [3.82s]     grad_max_max: 0.338517
2026-05-04 00:26:03,372 [INFO] [3.82s]     grad_min_min: -0.426610
2026-05-04 00:26:03,372 [INFO] [3.82s]     valid_gradients: 30
2026-05-04 00:26:03,373 [INFO] [3.82s]     invalid_gradients: 0
2026-05-04 00:26:03,398 [DEBUG] [3.84s] 
  [Batch 11/16] PARAMETER STATISTICS
2026-05-04 00:26:03,398 [INFO] [3.84s]   Param Stats:
2026-05-04 00:26:03,398 [INFO] [3.84s]     param_norm_mean: 1.697081
2026-05-04 00:26:03,399 [INFO] [3.84s]     param_norm_max: 6.556111
2026-05-04 00:26:03,399 [INFO] [3.84s]     param_means_mean: 0.128571
2026-05-04 00:26:03,399 [INFO] [3.84s] 
  [Batch 11/16] TRAINING PROGRESS
2026-05-04 00:26:03,399 [INFO] [3.84s]     Batch Loss:      0.51667744
2026-05-04 00:26:03,399 [INFO] [3.84s]     Running Avg:     0.60266779
2026-05-04 00:26:03,399 [INFO] [3.84s]     Case:            cavity/geo/case0002 (t=13)
2026-05-04 00:26:03,401 [INFO] [3.85s] ------------------------------------------------------------
2026-05-04 00:26:03,401 [DEBUG] [3.85s] [Batch 12/16] INPUT DATA STATS
2026-05-04 00:26:03,401 [INFO] [3.85s]   Case: cavity/geo/case0002 (t=16)
2026-05-04 00:26:03,403 [DEBUG] [3.85s]   Tensor Stats - Input (first sample):
2026-05-04 00:26:03,403 [INFO] [3.85s]     shape: (64, 64, 2)
2026-05-04 00:26:03,403 [INFO] [3.85s]     dtype: torch.float32
2026-05-04 00:26:03,403 [INFO] [3.85s]     mean: 0.014878
2026-05-04 00:26:03,403 [INFO] [3.85s]     std: 1.160731
2026-05-04 00:26:03,404 [INFO] [3.85s]     min: -6.037682
2026-05-04 00:26:03,404 [INFO] [3.85s]     max: 6.462160
2026-05-04 00:26:03,404 [INFO] [3.85s]     median: -0.038272
2026-05-04 00:26:03,405 [DEBUG] [3.85s]   Tensor Stats - Target (first sample):
2026-05-04 00:26:03,406 [INFO] [3.85s]     shape: (64, 64, 2)
2026-05-04 00:26:03,406 [INFO] [3.85s]     dtype: torch.float32
2026-05-04 00:26:03,406 [INFO] [3.85s]     mean: 0.014877
2026-05-04 00:26:03,406 [INFO] [3.85s]     std: 1.163145
2026-05-04 00:26:03,406 [INFO] [3.85s]     min: -6.039853
2026-05-04 00:26:03,407 [INFO] [3.85s]     max: 6.462160
2026-05-04 00:26:03,407 [INFO] [3.85s]     median: -0.038311
2026-05-04 00:26:03,531 [DEBUG] [3.98s] 
  [Batch 12/16] GRADIENT STATISTICS
2026-05-04 00:26:03,531 [INFO] [3.98s]   Gradient Stats:
2026-05-04 00:26:03,531 [INFO] [3.98s]     grad_norm_mean: 0.150296
2026-05-04 00:26:03,531 [INFO] [3.98s]     grad_norm_max: 1.871794
2026-05-04 00:26:03,531 [INFO] [3.98s]     grad_norm_min: 0.000000
2026-05-04 00:26:03,531 [INFO] [3.98s]     grad_mean_mean: -0.002953
2026-05-04 00:26:03,531 [INFO] [3.98s]     grad_max_max: 0.324761
2026-05-04 00:26:03,531 [INFO] [3.98s]     grad_min_min: -0.407038
2026-05-04 00:26:03,531 [INFO] [3.98s]     valid_gradients: 30
2026-05-04 00:26:03,533 [INFO] [3.98s]     invalid_gradients: 0
2026-05-04 00:26:03,553 [DEBUG] [4.00s] 
  [Batch 12/16] PARAMETER STATISTICS
2026-05-04 00:26:03,553 [INFO] [4.00s]   Param Stats:
2026-05-04 00:26:03,554 [INFO] [4.00s]     param_norm_mean: 1.712983
2026-05-04 00:26:03,554 [INFO] [4.00s]     param_norm_max: 6.561341
2026-05-04 00:26:03,554 [INFO] [4.00s]     param_means_mean: 0.128696
2026-05-04 00:26:03,554 [INFO] [4.00s] 
  [Batch 12/16] TRAINING PROGRESS
2026-05-04 00:26:03,554 [INFO] [4.00s]     Batch Loss:      0.46781436
2026-05-04 00:26:03,554 [INFO] [4.00s]     Running Avg:     0.59143000
2026-05-04 00:26:03,555 [INFO] [4.00s]     Case:            cavity/geo/case0002 (t=16)
2026-05-04 00:26:03,557 [INFO] [4.00s] ------------------------------------------------------------
2026-05-04 00:26:03,557 [DEBUG] [4.00s] [Batch 13/16] INPUT DATA STATS
2026-05-04 00:26:03,557 [INFO] [4.00s]   Case: cavity/geo/case0001 (t=12)
2026-05-04 00:26:03,558 [DEBUG] [4.00s]   Tensor Stats - Input (first sample):
2026-05-04 00:26:03,559 [INFO] [4.00s]     shape: (64, 64, 2)
2026-05-04 00:26:03,559 [INFO] [4.00s]     dtype: torch.float32
2026-05-04 00:26:03,559 [INFO] [4.00s]     mean: 0.015448
2026-05-04 00:26:03,559 [INFO] [4.00s]     std: 1.329951
2026-05-04 00:26:03,559 [INFO] [4.00s]     min: -5.994059
2026-05-04 00:26:03,559 [INFO] [4.00s]     max: 6.462160
2026-05-04 00:26:03,560 [INFO] [4.00s]     median: -0.019528
2026-05-04 00:26:03,561 [DEBUG] [4.01s]   Tensor Stats - Target (first sample):
2026-05-04 00:26:03,561 [INFO] [4.01s]     shape: (64, 64, 2)
2026-05-04 00:26:03,561 [INFO] [4.01s]     dtype: torch.float32
2026-05-04 00:26:03,561 [INFO] [4.01s]     mean: 0.015439
2026-05-04 00:26:03,561 [INFO] [4.01s]     std: 1.335793
2026-05-04 00:26:03,561 [INFO] [4.01s]     min: -6.002517
2026-05-04 00:26:03,562 [INFO] [4.01s]     max: 6.462160
2026-05-04 00:26:03,562 [INFO] [4.01s]     median: -0.018838
2026-05-04 00:26:03,726 [DEBUG] [4.17s] 
  [Batch 13/16] GRADIENT STATISTICS
2026-05-04 00:26:03,726 [INFO] [4.17s]   Gradient Stats:
2026-05-04 00:26:03,726 [INFO] [4.17s]     grad_norm_mean: 0.129769
2026-05-04 00:26:03,726 [INFO] [4.17s]     grad_norm_max: 1.573796
2026-05-04 00:26:03,726 [INFO] [4.17s]     grad_norm_min: 0.000000
2026-05-04 00:26:03,727 [INFO] [4.17s]     grad_mean_mean: -0.002278
2026-05-04 00:26:03,727 [INFO] [4.17s]     grad_max_max: 0.287363
2026-05-04 00:26:03,727 [INFO] [4.17s]     grad_min_min: -0.301300
2026-05-04 00:26:03,727 [INFO] [4.17s]     valid_gradients: 30
2026-05-04 00:26:03,727 [INFO] [4.17s]     invalid_gradients: 0
2026-05-04 00:26:03,751 [DEBUG] [4.19s] 
  [Batch 13/16] PARAMETER STATISTICS
2026-05-04 00:26:03,751 [INFO] [4.19s]   Param Stats:
2026-05-04 00:26:03,751 [INFO] [4.19s]     param_norm_mean: 1.728221
2026-05-04 00:26:03,751 [INFO] [4.19s]     param_norm_max: 6.566963
2026-05-04 00:26:03,752 [INFO] [4.20s]     param_means_mean: 0.128821
2026-05-04 00:26:03,752 [INFO] [4.20s] 
  [Batch 13/16] TRAINING PROGRESS
2026-05-04 00:26:03,752 [INFO] [4.20s]     Batch Loss:      0.32662794
2026-05-04 00:26:03,752 [INFO] [4.20s]     Running Avg:     0.57106061
2026-05-04 00:26:03,752 [INFO] [4.20s]     Case:            cavity/geo/case0001 (t=12)
2026-05-04 00:26:03,754 [INFO] [4.20s] ------------------------------------------------------------
2026-05-04 00:26:03,754 [DEBUG] [4.20s] [Batch 14/16] INPUT DATA STATS
2026-05-04 00:26:03,754 [INFO] [4.20s]   Case: cavity/geo/case0001 (t=1)
2026-05-04 00:26:03,756 [DEBUG] [4.20s]   Tensor Stats - Input (first sample):
2026-05-04 00:26:03,756 [INFO] [4.20s]     shape: (64, 64, 2)
2026-05-04 00:26:03,757 [INFO] [4.20s]     dtype: torch.float32
2026-05-04 00:26:03,757 [INFO] [4.20s]     mean: 0.015771
2026-05-04 00:26:03,757 [INFO] [4.20s]     std: 1.108773
2026-05-04 00:26:03,757 [INFO] [4.20s]     min: -5.616404
2026-05-04 00:26:03,757 [INFO] [4.20s]     max: 6.462160
2026-05-04 00:26:03,757 [INFO] [4.20s]     median: -0.018581
2026-05-04 00:26:03,759 [DEBUG] [4.20s]   Tensor Stats - Target (first sample):
2026-05-04 00:26:03,759 [INFO] [4.20s]     shape: (64, 64, 2)
2026-05-04 00:26:03,760 [INFO] [4.20s]     dtype: torch.float32
2026-05-04 00:26:03,760 [INFO] [4.20s]     mean: 0.015924
2026-05-04 00:26:03,760 [INFO] [4.20s]     std: 1.152719
2026-05-04 00:26:03,760 [INFO] [4.20s]     min: -5.703903
2026-05-04 00:26:03,760 [INFO] [4.20s]     max: 6.462160
2026-05-04 00:26:03,760 [INFO] [4.21s]     median: -0.019905
2026-05-04 00:26:03,916 [DEBUG] [4.36s] 
  [Batch 14/16] GRADIENT STATISTICS
2026-05-04 00:26:03,916 [INFO] [4.36s]   Gradient Stats:
2026-05-04 00:26:03,916 [INFO] [4.36s]     grad_norm_mean: 0.086052
2026-05-04 00:26:03,916 [INFO] [4.36s]     grad_norm_max: 1.041631
2026-05-04 00:26:03,918 [INFO] [4.36s]     grad_norm_min: 0.000000
2026-05-04 00:26:03,918 [INFO] [4.36s]     grad_mean_mean: -0.001840
2026-05-04 00:26:03,918 [INFO] [4.36s]     grad_max_max: 0.148170
2026-05-04 00:26:03,918 [INFO] [4.36s]     grad_min_min: -0.250383
2026-05-04 00:26:03,918 [INFO] [4.36s]     valid_gradients: 30
2026-05-04 00:26:03,918 [INFO] [4.36s]     invalid_gradients: 0
2026-05-04 00:26:03,937 [DEBUG] [4.38s] 
  [Batch 14/16] PARAMETER STATISTICS
2026-05-04 00:26:03,937 [INFO] [4.38s]   Param Stats:
2026-05-04 00:26:03,937 [INFO] [4.38s]     param_norm_mean: 1.743083
2026-05-04 00:26:03,937 [INFO] [4.38s]     param_norm_max: 6.572718
2026-05-04 00:26:03,938 [INFO] [4.38s]     param_means_mean: 0.128946
2026-05-04 00:26:03,938 [INFO] [4.38s] 
  [Batch 14/16] TRAINING PROGRESS
2026-05-04 00:26:03,938 [INFO] [4.38s]     Batch Loss:      0.14860804
2026-05-04 00:26:03,938 [INFO] [4.38s]     Running Avg:     0.54088543
2026-05-04 00:26:03,938 [INFO] [4.38s]     Case:            cavity/geo/case0001 (t=1)
2026-05-04 00:26:03,940 [INFO] [4.38s] ------------------------------------------------------------
2026-05-04 00:26:03,941 [DEBUG] [4.38s] [Batch 15/16] INPUT DATA STATS
2026-05-04 00:26:03,941 [INFO] [4.38s]   Case: cavity/bc/case0001 (t=2)
2026-05-04 00:26:03,941 [DEBUG] [4.39s]   Tensor Stats - Input (first sample):
2026-05-04 00:26:03,942 [INFO] [4.39s]     shape: (64, 64, 2)
2026-05-04 00:26:03,942 [INFO] [4.39s]     dtype: torch.float32
2026-05-04 00:26:03,943 [INFO] [4.39s]     mean: -0.029065
2026-05-04 00:26:03,943 [INFO] [4.39s]     std: 0.331639
2026-05-04 00:26:03,943 [INFO] [4.39s]     min: -1.288107
2026-05-04 00:26:03,943 [INFO] [4.39s]     max: 1.230027
2026-05-04 00:26:03,943 [INFO] [4.39s]     median: -0.043882
2026-05-04 00:26:03,944 [DEBUG] [4.39s]   Tensor Stats - Target (first sample):
2026-05-04 00:26:03,944 [INFO] [4.39s]     shape: (64, 64, 2)
2026-05-04 00:26:03,944 [INFO] [4.39s]     dtype: torch.float32
2026-05-04 00:26:03,944 [INFO] [4.39s]     mean: -0.029070
2026-05-04 00:26:03,945 [INFO] [4.39s]     std: 0.342959
2026-05-04 00:26:03,945 [INFO] [4.39s]     min: -1.287399
2026-05-04 00:26:03,945 [INFO] [4.39s]     max: 1.230027
2026-05-04 00:26:03,945 [INFO] [4.39s]     median: -0.044151
2026-05-04 00:26:04,046 [DEBUG] [4.49s] 
  [Batch 15/16] GRADIENT STATISTICS
2026-05-04 00:26:04,046 [INFO] [4.49s]   Gradient Stats:
2026-05-04 00:26:04,046 [INFO] [4.49s]     grad_norm_mean: 0.114689
2026-05-04 00:26:04,046 [INFO] [4.49s]     grad_norm_max: 1.466427
2026-05-04 00:26:04,047 [INFO] [4.49s]     grad_norm_min: 0.000000
2026-05-04 00:26:04,047 [INFO] [4.49s]     grad_mean_mean: -0.002191
2026-05-04 00:26:04,047 [INFO] [4.49s]     grad_max_max: 0.260121
2026-05-04 00:26:04,047 [INFO] [4.49s]     grad_min_min: -0.307498
2026-05-04 00:26:04,047 [INFO] [4.49s]     valid_gradients: 30
2026-05-04 00:26:04,047 [INFO] [4.49s]     invalid_gradients: 0
2026-05-04 00:26:04,064 [DEBUG] [4.51s] 
  [Batch 15/16] PARAMETER STATISTICS
2026-05-04 00:26:04,064 [INFO] [4.51s]   Param Stats:
2026-05-04 00:26:04,064 [INFO] [4.51s]     param_norm_mean: 1.757264
2026-05-04 00:26:04,064 [INFO] [4.51s]     param_norm_max: 6.578850
2026-05-04 00:26:04,064 [INFO] [4.51s]     param_means_mean: 0.129072
2026-05-04 00:26:04,064 [INFO] [4.51s] 
  [Batch 15/16] TRAINING PROGRESS
2026-05-04 00:26:04,065 [INFO] [4.51s]     Batch Loss:      0.25945267
2026-05-04 00:26:04,065 [INFO] [4.51s]     Running Avg:     0.52212324
2026-05-04 00:26:04,065 [INFO] [4.51s]     Case:            cavity/bc/case0001 (t=2)
2026-05-04 00:26:04,065 [DEBUG] [4.51s] 
  [Batch 15/16] PREDICTION SAMPLE
2026-05-04 00:26:04,066 [INFO] [4.51s]     Sample: cavity/bc/case0001 (t=2)
2026-05-04 00:26:04,066 [INFO] [4.51s]     Predicted U stats:  mean=-0.042984, std=0.079116
2026-05-04 00:26:04,066 [INFO] [4.51s]     Target U stats:     mean=-0.057775, std=0.307719
2026-05-04 00:26:04,067 [INFO] [4.51s]     Predicted V stats:  mean=-0.033953, std=0.175905
2026-05-04 00:26:04,067 [INFO] [4.51s]     Target V stats:     mean=-0.000366, std=0.372658
2026-05-04 00:26:04,067 [INFO] [4.51s]     Sample MSE (U): 0.05585188
2026-05-04 00:26:04,067 [INFO] [4.51s]     Sample MSE (V): 0.04277860
2026-05-04 00:26:04,069 [INFO] [4.51s] ------------------------------------------------------------
2026-05-04 00:26:04,069 [DEBUG] [4.51s] [Batch 16/16] INPUT DATA STATS
2026-05-04 00:26:04,069 [INFO] [4.51s]   Case: cavity/geo/case0002 (t=10)
2026-05-04 00:26:04,070 [DEBUG] [4.51s]   Tensor Stats - Input (first sample):
2026-05-04 00:26:04,070 [INFO] [4.51s]     shape: (64, 64, 2)
2026-05-04 00:26:04,070 [INFO] [4.51s]     dtype: torch.float32
2026-05-04 00:26:04,071 [INFO] [4.52s]     mean: 0.014903
2026-05-04 00:26:04,071 [INFO] [4.52s]     std: 1.131254
2026-05-04 00:26:04,071 [INFO] [4.52s]     min: -6.005840
2026-05-04 00:26:04,071 [INFO] [4.52s]     max: 6.462160
2026-05-04 00:26:04,071 [INFO] [4.52s]     median: -0.037786
2026-05-04 00:26:04,073 [DEBUG] [4.52s]   Tensor Stats - Target (first sample):
2026-05-04 00:26:04,073 [INFO] [4.52s]     shape: (64, 64, 2)
2026-05-04 00:26:04,073 [INFO] [4.52s]     dtype: torch.float32
2026-05-04 00:26:04,074 [INFO] [4.52s]     mean: 0.014893
2026-05-04 00:26:04,074 [INFO] [4.52s]     std: 1.138756
2026-05-04 00:26:04,074 [INFO] [4.52s]     min: -6.015213
2026-05-04 00:26:04,074 [INFO] [4.52s]     max: 6.462160
2026-05-04 00:26:04,074 [INFO] [4.52s]     median: -0.037641
2026-05-04 00:26:04,191 [DEBUG] [4.64s] 
  [Batch 16/16] GRADIENT STATISTICS
2026-05-04 00:26:04,192 [INFO] [4.64s]   Gradient Stats:
2026-05-04 00:26:04,192 [INFO] [4.64s]     grad_norm_mean: 0.086275
2026-05-04 00:26:04,192 [INFO] [4.64s]     grad_norm_max: 1.112852
2026-05-04 00:26:04,192 [INFO] [4.64s]     grad_norm_min: 0.000000
2026-05-04 00:26:04,192 [INFO] [4.64s]     grad_mean_mean: -0.001720
2026-05-04 00:26:04,192 [INFO] [4.64s]     grad_max_max: 0.170305
2026-05-04 00:26:04,192 [INFO] [4.64s]     grad_min_min: -0.267012
2026-05-04 00:26:04,193 [INFO] [4.64s]     valid_gradients: 30
2026-05-04 00:26:04,193 [INFO] [4.64s]     invalid_gradients: 0
2026-05-04 00:26:04,210 [DEBUG] [4.65s] 
  [Batch 16/16] PARAMETER STATISTICS
2026-05-04 00:26:04,210 [INFO] [4.66s]   Param Stats:
2026-05-04 00:26:04,211 [INFO] [4.66s]     param_norm_mean: 1.770860
2026-05-04 00:26:04,211 [INFO] [4.66s]     param_norm_max: 6.585187
2026-05-04 00:26:04,211 [INFO] [4.66s]     param_means_mean: 0.129197
2026-05-04 00:26:04,211 [INFO] [4.66s] 
  [Batch 16/16] TRAINING PROGRESS
2026-05-04 00:26:04,211 [INFO] [4.66s]     Batch Loss:      0.14780824
2026-05-04 00:26:04,211 [INFO] [4.66s]     Running Avg:     0.49872856
2026-05-04 00:26:04,212 [INFO] [4.66s]     Case:            cavity/geo/case0002 (t=10)
2026-05-04 00:26:04,212 [INFO] [4.66s] 
------------------------------------------------------------
2026-05-04 00:26:04,213 [INFO] [4.66s] [EPOCH 1/1] TRAIN COMPLETE
2026-05-04 00:26:04,213 [INFO] [4.66s] ------------------------------------------------------------
2026-05-04 00:26:04,213 [INFO] [4.66s]   Average Train Loss: 0.49872856
2026-05-04 00:26:04,213 [INFO] [4.66s]   Epoch time: 2.94s
2026-05-04 00:26:04,213 [INFO] [4.66s] 
[EPOCH 1/1] EVALUATION ON TEST SET
2026-05-04 00:26:04,320 [INFO] [4.76s] 
  Test Loss: 0.90882906 *** BEST ***
2026-05-04 00:26:04,320 [INFO] [4.76s]   Test Metrics:
2026-05-04 00:26:04,320 [INFO] [4.76s]     MSE:  0.90882897
2026-05-04 00:26:04,321 [INFO] [4.76s]     RMSE: 0.953325
2026-05-04 00:26:04,321 [INFO] [4.76s]     MAE:  0.467448
2026-05-04 00:26:04,321 [INFO] [4.76s]     R2 (Overall): 0.123428
2026-05-04 00:26:04,321 [INFO] [4.76s]     R2 (U component): 0.119915
2026-05-04 00:26:04,321 [INFO] [4.76s]     R2 (V component): 0.127067
2026-05-04 00:26:04,321 [INFO] [4.76s] 
[EPOCH 1/1] END - Time: 2.94s
2026-05-04 00:26:04,321 [INFO] [4.76s] Memory: CPU Memory: 263.11MB RSS
2026-05-04 00:26:04,321 [INFO] [4.77s] === COMPLETED: Training (took 3.05s) ===
2026-05-04 00:26:04,322 [INFO] [4.77s]     Details: Total time: 3.05s (0.05 min)
2026-05-04 00:26:04,324 [INFO] [4.77s] === STARTING: Model Saving ===
2026-05-04 00:26:04,324 [INFO] [4.77s] Saving model to: C:\traework\a\wilmer-deeplearn\portable_env\python-portable\workspace\fno2-model.pth
2026-05-04 00:26:04,341 [INFO] [4.79s] Model saved successfully: C:\traework\a\wilmer-deeplearn\portable_env\python-portable\workspace\fno2-model.pth
2026-05-04 00:26:04,342 [INFO] [4.79s] File size: 6.83 MB
2026-05-04 00:26:04,342 [INFO] [4.79s] === COMPLETED: Model Saving (took 0.02s) ===
2026-05-04 00:26:04,342 [INFO] [4.79s] 
================================================================================
2026-05-04 00:26:04,343 [INFO] [4.79s] TRAINING COMPLETE - FINAL SUMMARY
2026-05-04 00:26:04,343 [INFO] [4.79s] ================================================================================
2026-05-04 00:26:04,343 [INFO] [4.79s] Total training time: 3.05 seconds (0.05 minutes)
2026-05-04 00:26:04,343 [INFO] [4.79s] Average time per epoch: 3.05 seconds
2026-05-04 00:26:04,343 [INFO] [4.79s] 
2026-05-04 00:26:04,344 [INFO] [4.79s] Final Train Loss: 0.49872856
2026-05-04 00:26:04,344 [INFO] [4.79s] Final Test Loss:  0.90882906
2026-05-04 00:26:04,344 [INFO] [4.79s] Best Test Loss:   0.90882906 (Epoch 1)
2026-05-04 00:26:04,344 [INFO] [4.79s] 
2026-05-04 00:26:04,344 [INFO] [4.79s] Final Test Metrics:
2026-05-04 00:26:04,345 [INFO] [4.79s]   MSE:  0.90882897
2026-05-04 00:26:04,345 [INFO] [4.79s]   RMSE: 0.953325
2026-05-04 00:26:04,345 [INFO] [4.79s]   MAE:  0.467448
2026-05-04 00:26:04,345 [INFO] [4.79s]   R2:   0.123428
2026-05-04 00:26:04,346 [INFO] [4.79s] 
2026-05-04 00:26:04,346 [INFO] [4.79s] Gradient Statistics Summary:
2026-05-04 00:26:04,346 [INFO] [4.79s]   Average gradient norm: 0.168427
2026-05-04 00:26:04,346 [INFO] [4.79s]   Max gradient norm:     0.345487
2026-05-04 00:26:04,347 [INFO] [4.79s]   Min gradient norm:     0.086052
2026-05-04 00:26:04,347 [INFO] [4.79s] Model saved at: C:\traework\a\wilmer-deeplearn\portable_env\python-portable\workspace\fno2-model.pth
2026-05-04 00:26:04,347 [INFO] [4.79s] Log saved at: C:\traework\a\wilmer-deeplearn\portable_env\python-portable\workspace\training_full.log
2026-05-04 00:26:04,348 [INFO] [4.79s] End time: 2026-05-04 00:26:04
2026-05-04 00:26:04,348 [INFO] [4.79s] ================================================================================
2026-05-04 00:30:19,658 [INFO] [0.00s] 
================================================================================
2026-05-04 00:30:19,658 [INFO] [0.00s] FNO2 ENHANCED TRAINING CONFIGURATION (Python Standard Logging)
2026-05-04 00:30:19,658 [INFO] [0.00s] ================================================================================
2026-05-04 00:30:19,658 [INFO] [0.00s] classNum: 2
2026-05-04 00:30:19,658 [INFO] [0.00s]   -> Using: bc + geo categories
2026-05-04 00:30:19,658 [INFO] [0.00s] Max cases per category: 2
2026-05-04 00:30:19,658 [INFO] [0.00s] Epochs: 1
2026-05-04 00:30:19,658 [INFO] [0.00s] Batch size: 3
2026-05-04 00:30:19,658 [INFO] [0.00s] Learning rate: 0.001
2026-05-04 00:30:19,658 [INFO] [0.00s] Log level: DEBUG
2026-05-04 00:30:19,658 [INFO] [0.00s] Log to console: True
2026-05-04 00:30:19,658 [INFO] [0.00s] Log to file: True
2026-05-04 00:30:19,658 [INFO] [0.00s] ================================================================================
2026-05-04 00:30:19,658 [INFO] [0.00s] 
2026-05-04 00:30:19,660 [INFO] [0.00s] 
================================================================================
2026-05-04 00:30:19,660 [INFO] [0.00s] ENHANCED FNO2 TRAINING FOR NAVIER-STOKES (CFDBENCH)
2026-05-04 00:30:19,661 [INFO] [0.00s] ================================================================================
2026-05-04 00:30:19,661 [INFO] [0.00s] Start time: 2026-05-04 00:30:19
2026-05-04 00:30:19,661 [INFO] [0.00s] Device: cpu
2026-05-04 00:30:19,661 [INFO] [0.00s] Log file: training_full.log
2026-05-04 00:30:19,662 [INFO] [0.00s] Log level: DEBUG
2026-05-04 00:30:19,662 [INFO] [0.00s] Log to console: True
2026-05-04 00:30:19,662 [INFO] [0.00s] Log to file: True
2026-05-04 00:30:19,662 [INFO] [0.00s] 
2026-05-04 00:30:19,662 [INFO] [0.00s] TRAINING CONFIGURATION:
2026-05-04 00:30:19,662 [INFO] [0.00s]   data_root: C:\ftpService\CFDBench
2026-05-04 00:30:19,662 [INFO] [0.00s]   problems: ['cavity']
2026-05-04 00:30:19,662 [INFO] [0.00s]   categories: None
2026-05-04 00:30:19,663 [INFO] [0.00s]   classNum: 2
2026-05-04 00:30:19,663 [INFO] [0.00s]   modes: 12
2026-05-04 00:30:19,663 [INFO] [0.00s]   width: 16
2026-05-04 00:30:19,663 [INFO] [0.00s]   epochs: 1
2026-05-04 00:30:19,663 [INFO] [0.00s]   batch_size: 3
2026-05-04 00:30:19,663 [INFO] [0.00s]   learning_rate: 0.001
2026-05-04 00:30:19,663 [INFO] [0.00s]   weight_decay: 0.0001
2026-05-04 00:30:19,663 [INFO] [0.00s]   train_ratio: 0.8
2026-05-04 00:30:19,664 [INFO] [0.00s]   normalize: True
2026-05-04 00:30:19,664 [INFO] [0.00s]   max_cases_per_category: 2
2026-05-04 00:30:19,664 [INFO] [0.00s]   in_channels: 4
2026-05-04 00:30:19,664 [INFO] [0.00s]   out_channels: 2
2026-05-04 00:30:19,664 [INFO] [0.00s]   show_gradient_stats: True
2026-05-04 00:30:19,664 [INFO] [0.00s]   show_param_stats: True
2026-05-04 00:30:19,664 [INFO] [0.00s]   show_tensor_stats: True
2026-05-04 00:30:19,664 [INFO] [0.00s]   show_prediction_samples: True
2026-05-04 00:30:19,664 [INFO] [0.00s] 
2026-05-04 00:30:19,665 [INFO] [0.01s] === STARTING: Data Loading ===
2026-05-04 00:30:19,665 [INFO] [0.01s] ============================================================
2026-05-04 00:30:19,665 [INFO] [0.01s] DATA LOADING PROCESS
2026-05-04 00:30:19,665 [INFO] [0.01s] ============================================================
2026-05-04 00:30:19,665 [INFO] [0.01s] Data root: C:\ftpService\CFDBench
2026-05-04 00:30:19,665 [INFO] [0.01s] Problems: ['cavity']
2026-05-04 00:30:19,665 [INFO] [0.01s] classNum: 2
2026-05-04 00:30:19,665 [INFO] [0.01s] Categories to use: ['bc', 'geo']
2026-05-04 00:30:19,666 [INFO] [0.01s] Max cases per category: 2
2026-05-04 00:30:19,666 [INFO] [0.01s] Normalize: True
2026-05-04 00:30:19,666 [INFO] [0.01s] 
2026-05-04 00:30:19,667 [INFO] [0.01s] Processing problem: cavity
2026-05-04 00:30:19,668 [INFO] [0.01s]   Category: bc - Found 50 cases, using 2
2026-05-04 00:30:19,672 [INFO] [0.01s]     [LOAD] case0000: 10 time steps, 9 samples, shape=(64, 64)
2026-05-04 00:30:19,677 [INFO] [0.02s]     [LOAD] case0001: 11 time steps, 10 samples, shape=(64, 64)
2026-05-04 00:30:19,677 [INFO] [0.02s]   Category: geo - Found 24 cases, using 2
2026-05-04 00:30:19,684 [INFO] [0.02s]     [LOAD] case0001: 23 time steps, 22 samples, shape=(64, 64)
2026-05-04 00:30:19,694 [INFO] [0.04s]     [LOAD] case0002: 20 time steps, 19 samples, shape=(64, 64)
2026-05-04 00:30:19,694 [INFO] [0.04s] 
2026-05-04 00:30:19,694 [INFO] [0.04s] ------------------------------------------------------------
2026-05-04 00:30:19,694 [INFO] [0.04s] DATA LOADING SUMMARY
2026-05-04 00:30:19,696 [INFO] [0.04s] ------------------------------------------------------------
2026-05-04 00:30:19,696 [INFO] [0.04s]   Total cases loaded: 4
2026-05-04 00:30:19,696 [INFO] [0.04s]   Total cases skipped: 0
2026-05-04 00:30:19,696 [INFO] [0.04s]   Total time-step pairs: 60
2026-05-04 00:30:19,696 [INFO] [0.04s] 
2026-05-04 00:30:19,696 [INFO] [0.04s] Computing normalization statistics...
2026-05-04 00:30:19,704 [INFO] [0.04s]   U Component:
2026-05-04 00:30:19,704 [INFO] [0.04s]     mean = 0.119273
2026-05-04 00:30:19,704 [INFO] [0.04s]     std  = 1.529013
2026-05-04 00:30:19,704 [INFO] [0.04s]     min  = -4.595441
2026-05-04 00:30:19,704 [INFO] [0.04s]     max  = 10.000000
2026-05-04 00:30:19,704 [INFO] [0.04s]   V Component:
2026-05-04 00:30:19,704 [INFO] [0.05s]     mean = 0.000130
2026-05-04 00:30:19,705 [INFO] [0.05s]     std  = 1.041195
2026-05-04 00:30:19,705 [INFO] [0.05s]     min  = -6.291953
2026-05-04 00:30:19,705 [INFO] [0.05s]     max  = 4.532698
2026-05-04 00:30:19,705 [INFO] [0.05s] 
2026-05-04 00:30:19,705 [INFO] [0.05s] Normalizing data...
2026-05-04 00:30:19,708 [INFO] [0.05s]   Normalized 50/60 samples
2026-05-04 00:30:19,708 [INFO] [0.05s]   Normalization complete: 60 samples
2026-05-04 00:30:19,708 [INFO] [0.05s] 
2026-05-04 00:30:19,709 [INFO] [0.05s] ============================================================
2026-05-04 00:30:19,709 [INFO] [0.05s] DATA LOADING COMPLETE
2026-05-04 00:30:19,709 [INFO] [0.05s] ============================================================
2026-05-04 00:30:19,711 [INFO] [0.05s] === COMPLETED: Data Loading (took 0.05s) ===
2026-05-04 00:30:19,712 [INFO] [0.05s]     Details: 48 train, 12 test, 16 batches per epoch
2026-05-04 00:30:19,745 [INFO] [0.09s] Memory: CPU Memory: 158.70MB RSS
2026-05-04 00:30:19,745 [INFO] [0.09s] === STARTING: Model Creation ===
2026-05-04 00:30:19,762 [INFO] [0.10s] Model Architecture:
2026-05-04 00:30:19,762 [INFO] [0.10s]   FNO2d with modes=12, width=16
2026-05-04 00:30:19,763 [INFO] [0.10s]   Input channels: 4 (2 data + 2 coords auto-added)
2026-05-04 00:30:19,763 [INFO] [0.10s]   Output channels: 2 (u, v velocity)
2026-05-04 00:30:19,763 [INFO] [0.10s]   Total parameters: 298,642
2026-05-04 00:30:19,763 [INFO] [0.10s]   Trainable parameters: 298,642
2026-05-04 00:30:19,763 [INFO] [0.10s] 
  Layer-wise parameter count:
2026-05-04 00:30:19,763 [INFO] [0.10s]     fc0.weight: 64 params
2026-05-04 00:30:19,763 [INFO] [0.10s]     fc0.bias: 16 params
2026-05-04 00:30:19,763 [INFO] [0.10s]     conv0.weights1: 36,864 params
2026-05-04 00:30:19,763 [INFO] [0.10s]     conv0.weights2: 36,864 params
2026-05-04 00:30:19,763 [INFO] [0.10s]     conv1.weights1: 36,864 params
2026-05-04 00:30:19,763 [INFO] [0.10s]     conv1.weights2: 36,864 params
2026-05-04 00:30:19,763 [INFO] [0.10s]     conv2.weights1: 36,864 params
2026-05-04 00:30:19,764 [INFO] [0.11s]     conv2.weights2: 36,864 params
2026-05-04 00:30:19,765 [INFO] [0.11s]     conv3.weights1: 36,864 params
2026-05-04 00:30:19,765 [INFO] [0.11s]     conv3.weights2: 36,864 params
2026-05-04 00:30:19,765 [INFO] [0.11s]     w0.weight: 256 params
2026-05-04 00:30:19,765 [INFO] [0.11s]     w0.bias: 16 params
2026-05-04 00:30:19,765 [INFO] [0.11s]     w1.weight: 256 params
2026-05-04 00:30:19,766 [INFO] [0.11s]     w1.bias: 16 params
2026-05-04 00:30:19,766 [INFO] [0.11s]     w2.weight: 256 params
2026-05-04 00:30:19,767 [INFO] [0.11s]     w2.bias: 16 params
2026-05-04 00:30:19,767 [INFO] [0.11s]     w3.weight: 256 params
2026-05-04 00:30:19,767 [INFO] [0.11s]     w3.bias: 16 params
2026-05-04 00:30:19,767 [INFO] [0.11s]     bn0.weight: 16 params
2026-05-04 00:30:19,767 [INFO] [0.11s]     bn0.bias: 16 params
2026-05-04 00:30:19,767 [INFO] [0.11s]     bn1.weight: 16 params
2026-05-04 00:30:19,768 [INFO] [0.11s]     bn1.bias: 16 params
2026-05-04 00:30:19,768 [INFO] [0.11s]     bn2.weight: 16 params
2026-05-04 00:30:19,768 [INFO] [0.11s]     bn2.bias: 16 params
2026-05-04 00:30:19,768 [INFO] [0.11s]     bn3.weight: 16 params
2026-05-04 00:30:19,768 [INFO] [0.11s]     bn3.bias: 16 params
2026-05-04 00:30:19,768 [INFO] [0.11s]     fc1.weight: 2,048 params
2026-05-04 00:30:19,769 [INFO] [0.11s]     fc1.bias: 128 params
2026-05-04 00:30:19,769 [INFO] [0.11s]     fc2.weight: 256 params
2026-05-04 00:30:19,769 [INFO] [0.11s]     fc2.bias: 2 params
2026-05-04 00:30:19,769 [INFO] [0.11s] === COMPLETED: Model Creation (took 0.02s) ===
2026-05-04 00:30:19,769 [INFO] [0.11s]     Details: 298,642 parameters
2026-05-04 00:30:19,769 [INFO] [0.11s] Memory: CPU Memory: 162.60MB RSS
2026-05-04 00:30:19,769 [INFO] [0.11s] === STARTING: Optimizer Setup ===
2026-05-04 00:30:21,405 [INFO] [1.75s] Optimizer: Adam
2026-05-04 00:30:21,406 [INFO] [1.75s]   Learning rate: 0.001
2026-05-04 00:30:21,407 [INFO] [1.75s]   Weight decay: 0.0001
2026-05-04 00:30:21,407 [INFO] [1.75s] Scheduler: StepLR (step=15, gamma=0.5)
2026-05-04 00:30:21,407 [INFO] [1.75s] Loss function: MSELoss
2026-05-04 00:30:21,407 [INFO] [1.75s] === COMPLETED: Optimizer Setup (took 1.64s) ===
2026-05-04 00:30:21,407 [INFO] [1.75s] === STARTING: Training ===
2026-05-04 00:30:21,408 [INFO] [1.75s] ================================================================================
2026-05-04 00:30:21,408 [INFO] [1.75s] TRAINING PROCESS - DETAILED LOGGING
2026-05-04 00:30:21,408 [INFO] [1.75s] ================================================================================
2026-05-04 00:30:21,408 [INFO] [1.75s] 
2026-05-04 00:30:21,408 [INFO] [1.75s] Logging features enabled:
2026-05-04 00:30:21,408 [INFO] [1.75s]   - Gradient statistics: [YES]
2026-05-04 00:30:21,408 [INFO] [1.75s]   - Parameter statistics: [YES]
2026-05-04 00:30:21,408 [INFO] [1.75s]   - Tensor statistics: [YES]
2026-05-04 00:30:21,408 [INFO] [1.75s]   - Prediction samples: [YES]
2026-05-04 00:30:21,408 [INFO] [1.75s] 
2026-05-04 00:30:21,409 [INFO] [1.75s] 
================================================================================
2026-05-04 00:30:21,409 [INFO] [1.75s] [EPOCH 1/1] START
2026-05-04 00:30:21,409 [INFO] [1.75s] ================================================================================
2026-05-04 00:30:21,409 [INFO] [1.75s]   Current learning rate: 1.00e-03
2026-05-04 00:30:21,409 [INFO] [1.75s]   Number of batches: 16
2026-05-04 00:30:21,409 [INFO] [1.75s]   Memory: CPU Memory: 201.93MB RSS
2026-05-04 00:30:21,409 [INFO] [1.75s] 
2026-05-04 00:30:21,410 [INFO] [1.75s] ------------------------------------------------------------
2026-05-04 00:30:21,410 [DEBUG] [1.75s] [Batch 1/16] INPUT DATA STATS
2026-05-04 00:30:21,410 [INFO] [1.75s]   Case: cavity/geo/case0002 (t=10)
2026-05-04 00:30:21,412 [DEBUG] [1.75s]   Tensor Stats - Input (first sample):
2026-05-04 00:30:21,412 [INFO] [1.75s]     shape: (64, 64, 2)
2026-05-04 00:30:21,412 [INFO] [1.75s]     dtype: torch.float32
2026-05-04 00:30:21,412 [INFO] [1.75s]     mean: 0.014903
2026-05-04 00:30:21,412 [INFO] [1.75s]     std: 1.131254
2026-05-04 00:30:21,412 [INFO] [1.75s]     min: -6.005840
2026-05-04 00:30:21,412 [INFO] [1.75s]     max: 6.462160
2026-05-04 00:30:21,412 [INFO] [1.75s]     median: -0.037786
2026-05-04 00:30:21,412 [DEBUG] [1.75s]   Tensor Stats - Target (first sample):
2026-05-04 00:30:21,412 [INFO] [1.75s]     shape: (64, 64, 2)
2026-05-04 00:30:21,412 [INFO] [1.75s]     dtype: torch.float32
2026-05-04 00:30:21,412 [INFO] [1.75s]     mean: 0.014893
2026-05-04 00:30:21,414 [INFO] [1.75s]     std: 1.138756
2026-05-04 00:30:21,414 [INFO] [1.75s]     min: -6.015213
2026-05-04 00:30:21,414 [INFO] [1.75s]     max: 6.462160
2026-05-04 00:30:21,414 [INFO] [1.75s]     median: -0.037641
2026-05-04 00:30:21,541 [DEBUG] [1.88s] 
  [Batch 1/16] GRADIENT STATISTICS
2026-05-04 00:30:21,541 [INFO] [1.88s]   Gradient Stats:
2026-05-04 00:30:21,541 [INFO] [1.88s]     grad_norm_mean: 0.457795
2026-05-04 00:30:21,542 [INFO] [1.88s]     grad_norm_max: 3.041681
2026-05-04 00:30:21,542 [INFO] [1.88s]     grad_norm_min: 0.000000
2026-05-04 00:30:21,542 [INFO] [1.88s]     grad_mean_mean: -0.002556
2026-05-04 00:30:21,542 [INFO] [1.88s]     grad_max_max: 0.990992
2026-05-04 00:30:21,542 [INFO] [1.88s]     grad_min_min: -0.847975
2026-05-04 00:30:21,542 [INFO] [1.88s]     valid_gradients: 30
2026-05-04 00:30:21,542 [INFO] [1.88s]     invalid_gradients: 0
2026-05-04 00:30:21,563 [DEBUG] [1.90s] 
  [Batch 1/16] PARAMETER STATISTICS
2026-05-04 00:30:21,563 [INFO] [1.90s]   Param Stats:
2026-05-04 00:30:21,563 [INFO] [1.90s]     param_norm_mean: 1.511875
2026-05-04 00:30:21,563 [INFO] [1.90s]     param_norm_max: 6.486476
2026-05-04 00:30:21,563 [INFO] [1.90s]     param_means_mean: 0.135195
2026-05-04 00:30:21,563 [INFO] [1.90s] 
  [Batch 1/16] TRAINING PROGRESS
2026-05-04 00:30:21,563 [INFO] [1.90s]     Batch Loss:      0.95688361
2026-05-04 00:30:21,563 [INFO] [1.90s]     Running Avg:     0.95688361
2026-05-04 00:30:21,564 [INFO] [1.90s]     Case:            cavity/geo/case0002 (t=10)
2026-05-04 00:30:21,564 [INFO] [1.91s] ------------------------------------------------------------
2026-05-04 00:30:21,565 [DEBUG] [1.91s] [Batch 2/16] INPUT DATA STATS
2026-05-04 00:30:21,565 [INFO] [1.91s]   Case: cavity/geo/case0001 (t=7)
2026-05-04 00:30:21,565 [DEBUG] [1.91s]   Tensor Stats - Input (first sample):
2026-05-04 00:30:21,566 [INFO] [1.91s]     shape: (64, 64, 2)
2026-05-04 00:30:21,566 [INFO] [1.91s]     dtype: torch.float32
2026-05-04 00:30:21,566 [INFO] [1.91s]     mean: 0.015470
2026-05-04 00:30:21,566 [INFO] [1.91s]     std: 1.279861
2026-05-04 00:30:21,567 [INFO] [1.91s]     min: -5.927436
2026-05-04 00:30:21,567 [INFO] [1.91s]     max: 6.462160
2026-05-04 00:30:21,567 [INFO] [1.91s]     median: -0.019720
2026-05-04 00:30:21,567 [DEBUG] [1.91s]   Tensor Stats - Target (first sample):
2026-05-04 00:30:21,567 [INFO] [1.91s]     shape: (64, 64, 2)
2026-05-04 00:30:21,567 [INFO] [1.91s]     dtype: torch.float32
2026-05-04 00:30:21,567 [INFO] [1.91s]     mean: 0.015424
2026-05-04 00:30:21,567 [INFO] [1.91s]     std: 1.294529
2026-05-04 00:30:21,567 [INFO] [1.91s]     min: -5.945363
2026-05-04 00:30:21,567 [INFO] [1.91s]     max: 6.462160
2026-05-04 00:30:21,567 [INFO] [1.91s]     median: -0.020141
2026-05-04 00:30:21,672 [DEBUG] [2.01s] 
  [Batch 2/16] GRADIENT STATISTICS
2026-05-04 00:30:21,673 [INFO] [2.01s]   Gradient Stats:
2026-05-04 00:30:21,673 [INFO] [2.01s]     grad_norm_mean: 0.373797
2026-05-04 00:30:21,673 [INFO] [2.01s]     grad_norm_max: 2.116672
2026-05-04 00:30:21,673 [INFO] [2.01s]     grad_norm_min: 0.000000
2026-05-04 00:30:21,674 [INFO] [2.01s]     grad_mean_mean: -0.003074
2026-05-04 00:30:21,674 [INFO] [2.01s]     grad_max_max: 0.575936
2026-05-04 00:30:21,674 [INFO] [2.01s]     grad_min_min: -0.555418
2026-05-04 00:30:21,674 [INFO] [2.02s]     valid_gradients: 30
2026-05-04 00:30:21,674 [INFO] [2.02s]     invalid_gradients: 0
2026-05-04 00:30:21,693 [DEBUG] [2.03s] 
  [Batch 2/16] PARAMETER STATISTICS
2026-05-04 00:30:21,694 [INFO] [2.03s]   Param Stats:
2026-05-04 00:30:21,694 [INFO] [2.03s]     param_norm_mean: 1.529307
2026-05-04 00:30:21,694 [INFO] [2.03s]     param_norm_max: 6.486622
2026-05-04 00:30:21,694 [INFO] [2.03s]     param_means_mean: 0.135287
2026-05-04 00:30:21,694 [INFO] [2.03s] 
  [Batch 2/16] TRAINING PROGRESS
2026-05-04 00:30:21,694 [INFO] [2.03s]     Batch Loss:      0.93641996
2026-05-04 00:30:21,695 [INFO] [2.04s]     Running Avg:     0.94665179
2026-05-04 00:30:21,695 [INFO] [2.04s]     Case:            cavity/geo/case0001 (t=7)
2026-05-04 00:30:21,696 [INFO] [2.04s] ------------------------------------------------------------
2026-05-04 00:30:21,696 [DEBUG] [2.04s] [Batch 3/16] INPUT DATA STATS
2026-05-04 00:30:21,696 [INFO] [2.04s]   Case: cavity/geo/case0002 (t=16)
2026-05-04 00:30:21,697 [DEBUG] [2.04s]   Tensor Stats - Input (first sample):
2026-05-04 00:30:21,697 [INFO] [2.04s]     shape: (64, 64, 2)
2026-05-04 00:30:21,697 [INFO] [2.04s]     dtype: torch.float32
2026-05-04 00:30:21,698 [INFO] [2.04s]     mean: 0.014878
2026-05-04 00:30:21,698 [INFO] [2.04s]     std: 1.160731
2026-05-04 00:30:21,698 [INFO] [2.04s]     min: -6.037682
2026-05-04 00:30:21,698 [INFO] [2.04s]     max: 6.462160
2026-05-04 00:30:21,698 [INFO] [2.04s]     median: -0.038272
2026-05-04 00:30:21,700 [DEBUG] [2.04s]   Tensor Stats - Target (first sample):
2026-05-04 00:30:21,700 [INFO] [2.04s]     shape: (64, 64, 2)
2026-05-04 00:30:21,700 [INFO] [2.04s]     dtype: torch.float32
2026-05-04 00:30:21,701 [INFO] [2.04s]     mean: 0.014877
2026-05-04 00:30:21,701 [INFO] [2.04s]     std: 1.163145
2026-05-04 00:30:21,701 [INFO] [2.04s]     min: -6.039853
2026-05-04 00:30:21,701 [INFO] [2.04s]     max: 6.462160
2026-05-04 00:30:21,701 [INFO] [2.04s]     median: -0.038311
2026-05-04 00:30:21,805 [DEBUG] [2.15s] 
  [Batch 3/16] GRADIENT STATISTICS
2026-05-04 00:30:21,805 [INFO] [2.15s]   Gradient Stats:
2026-05-04 00:30:21,805 [INFO] [2.15s]     grad_norm_mean: 0.308002
2026-05-04 00:30:21,805 [INFO] [2.15s]     grad_norm_max: 2.490328
2026-05-04 00:30:21,805 [INFO] [2.15s]     grad_norm_min: 0.000000
2026-05-04 00:30:21,806 [INFO] [2.15s]     grad_mean_mean: -0.003646
2026-05-04 00:30:21,806 [INFO] [2.15s]     grad_max_max: 0.308984
2026-05-04 00:30:21,806 [INFO] [2.15s]     grad_min_min: -0.660067
2026-05-04 00:30:21,806 [INFO] [2.15s]     valid_gradients: 30
2026-05-04 00:30:21,806 [INFO] [2.15s]     invalid_gradients: 0
2026-05-04 00:30:21,819 [DEBUG] [2.16s] 
  [Batch 3/16] PARAMETER STATISTICS
2026-05-04 00:30:21,819 [INFO] [2.16s]   Param Stats:
2026-05-04 00:30:21,819 [INFO] [2.16s]     param_norm_mean: 1.549047
2026-05-04 00:30:21,819 [INFO] [2.16s]     param_norm_max: 6.487365
2026-05-04 00:30:21,819 [INFO] [2.16s]     param_means_mean: 0.135414
2026-05-04 00:30:21,819 [INFO] [2.16s] 
  [Batch 3/16] TRAINING PROGRESS
2026-05-04 00:30:21,821 [INFO] [2.16s]     Batch Loss:      1.19470346
2026-05-04 00:30:21,821 [INFO] [2.16s]     Running Avg:     1.02933568
2026-05-04 00:30:21,821 [INFO] [2.16s]     Case:            cavity/geo/case0002 (t=16)
2026-05-04 00:30:21,821 [INFO] [2.16s] ------------------------------------------------------------
2026-05-04 00:30:21,821 [DEBUG] [2.16s] [Batch 4/16] INPUT DATA STATS
2026-05-04 00:30:21,822 [INFO] [2.16s]   Case: cavity/geo/case0001 (t=12)
2026-05-04 00:30:21,822 [DEBUG] [2.16s]   Tensor Stats - Input (first sample):
2026-05-04 00:30:21,822 [INFO] [2.16s]     shape: (64, 64, 2)
2026-05-04 00:30:21,822 [INFO] [2.16s]     dtype: torch.float32
2026-05-04 00:30:21,822 [INFO] [2.16s]     mean: 0.015448
2026-05-04 00:30:21,822 [INFO] [2.16s]     std: 1.329951
2026-05-04 00:30:21,823 [INFO] [2.16s]     min: -5.994059
2026-05-04 00:30:21,823 [INFO] [2.16s]     max: 6.462160
2026-05-04 00:30:21,823 [INFO] [2.16s]     median: -0.019528
2026-05-04 00:30:21,824 [DEBUG] [2.17s]   Tensor Stats - Target (first sample):
2026-05-04 00:30:21,824 [INFO] [2.17s]     shape: (64, 64, 2)
2026-05-04 00:30:21,824 [INFO] [2.17s]     dtype: torch.float32
2026-05-04 00:30:21,824 [INFO] [2.17s]     mean: 0.015439
2026-05-04 00:30:21,824 [INFO] [2.17s]     std: 1.335793
2026-05-04 00:30:21,824 [INFO] [2.17s]     min: -6.002517
2026-05-04 00:30:21,824 [INFO] [2.17s]     max: 6.462160
2026-05-04 00:30:21,824 [INFO] [2.17s]     median: -0.018838
2026-05-04 00:30:21,919 [DEBUG] [2.26s] 
  [Batch 4/16] GRADIENT STATISTICS
2026-05-04 00:30:21,919 [INFO] [2.26s]   Gradient Stats:
2026-05-04 00:30:21,919 [INFO] [2.26s]     grad_norm_mean: 0.210859
2026-05-04 00:30:21,919 [INFO] [2.26s]     grad_norm_max: 1.799183
2026-05-04 00:30:21,919 [INFO] [2.26s]     grad_norm_min: 0.000000
2026-05-04 00:30:21,919 [INFO] [2.26s]     grad_mean_mean: -0.002543
2026-05-04 00:30:21,920 [INFO] [2.26s]     grad_max_max: 0.265616
2026-05-04 00:30:21,921 [INFO] [2.26s]     grad_min_min: -0.444928
2026-05-04 00:30:21,921 [INFO] [2.26s]     valid_gradients: 30
2026-05-04 00:30:21,921 [INFO] [2.26s]     invalid_gradients: 0
2026-05-04 00:30:21,939 [DEBUG] [2.28s] 
  [Batch 4/16] PARAMETER STATISTICS
2026-05-04 00:30:21,940 [INFO] [2.28s]   Param Stats:
2026-05-04 00:30:21,940 [INFO] [2.28s]     param_norm_mean: 1.570550
2026-05-04 00:30:21,940 [INFO] [2.28s]     param_norm_max: 6.488581
2026-05-04 00:30:21,940 [INFO] [2.28s]     param_means_mean: 0.135559
2026-05-04 00:30:21,940 [INFO] [2.28s] 
  [Batch 4/16] TRAINING PROGRESS
2026-05-04 00:30:21,940 [INFO] [2.28s]     Batch Loss:      0.63951546
2026-05-04 00:30:21,940 [INFO] [2.28s]     Running Avg:     0.93188062
2026-05-04 00:30:21,941 [INFO] [2.28s]     Case:            cavity/geo/case0001 (t=12)
2026-05-04 00:30:21,941 [INFO] [2.28s] ------------------------------------------------------------
2026-05-04 00:30:21,943 [DEBUG] [2.28s] [Batch 5/16] INPUT DATA STATS
2026-05-04 00:30:21,943 [INFO] [2.28s]   Case: cavity/bc/case0000 (t=1)
2026-05-04 00:30:21,943 [DEBUG] [2.28s]   Tensor Stats - Input (first sample):
2026-05-04 00:30:21,943 [INFO] [2.28s]     shape: (64, 64, 2)
2026-05-04 00:30:21,943 [INFO] [2.28s]     dtype: torch.float32
2026-05-04 00:30:21,943 [INFO] [2.28s]     mean: -0.034038
2026-05-04 00:30:21,943 [INFO] [2.28s]     std: 0.152337
2026-05-04 00:30:21,944 [INFO] [2.28s]     min: -0.627141
2026-05-04 00:30:21,944 [INFO] [2.28s]     max: 0.576010
2026-05-04 00:30:21,944 [INFO] [2.28s]     median: -0.047250
2026-05-04 00:30:21,945 [DEBUG] [2.29s]   Tensor Stats - Target (first sample):
2026-05-04 00:30:21,945 [INFO] [2.29s]     shape: (64, 64, 2)
2026-05-04 00:30:21,945 [INFO] [2.29s]     dtype: torch.float32
2026-05-04 00:30:21,945 [INFO] [2.29s]     mean: -0.034034
2026-05-04 00:30:21,945 [INFO] [2.29s]     std: 0.165781
2026-05-04 00:30:21,945 [INFO] [2.29s]     min: -0.627796
2026-05-04 00:30:21,945 [INFO] [2.29s]     max: 0.576010
2026-05-04 00:30:21,946 [INFO] [2.29s]     median: -0.047600
2026-05-04 00:30:22,048 [DEBUG] [2.39s] 
  [Batch 5/16] GRADIENT STATISTICS
2026-05-04 00:30:22,048 [INFO] [2.39s]   Gradient Stats:
2026-05-04 00:30:22,049 [INFO] [2.39s]     grad_norm_mean: 0.109625
2026-05-04 00:30:22,049 [INFO] [2.39s]     grad_norm_max: 0.835890
2026-05-04 00:30:22,049 [INFO] [2.39s]     grad_norm_min: 0.000000
2026-05-04 00:30:22,050 [INFO] [2.39s]     grad_mean_mean: -0.001021
2026-05-04 00:30:22,050 [INFO] [2.39s]     grad_max_max: 0.107495
2026-05-04 00:30:22,050 [INFO] [2.39s]     grad_min_min: -0.194973
2026-05-04 00:30:22,050 [INFO] [2.39s]     valid_gradients: 30
2026-05-04 00:30:22,051 [INFO] [2.39s]     invalid_gradients: 0
2026-05-04 00:30:22,068 [DEBUG] [2.41s] 
  [Batch 5/16] PARAMETER STATISTICS
2026-05-04 00:30:22,070 [INFO] [2.41s]   Param Stats:
2026-05-04 00:30:22,070 [INFO] [2.41s]     param_norm_mean: 1.591665
2026-05-04 00:30:22,070 [INFO] [2.41s]     param_norm_max: 6.489973
2026-05-04 00:30:22,070 [INFO] [2.41s]     param_means_mean: 0.135701
2026-05-04 00:30:22,070 [INFO] [2.41s] 
  [Batch 5/16] TRAINING PROGRESS
2026-05-04 00:30:22,070 [INFO] [2.41s]     Batch Loss:      0.17067765
2026-05-04 00:30:22,070 [INFO] [2.41s]     Running Avg:     0.77964003
2026-05-04 00:30:22,071 [INFO] [2.41s]     Case:            cavity/bc/case0000 (t=1)
2026-05-04 00:30:22,071 [DEBUG] [2.41s] 
  [Batch 5/16] PREDICTION SAMPLE
2026-05-04 00:30:22,071 [INFO] [2.41s]     Sample: cavity/bc/case0000 (t=1)
2026-05-04 00:30:22,071 [INFO] [2.41s]     Predicted U stats:  mean=-0.087897, std=0.090019
2026-05-04 00:30:22,071 [INFO] [2.41s]     Target U stats:     mean=-0.067873, std=0.150420
2026-05-04 00:30:22,072 [INFO] [2.41s]     Predicted V stats:  mean=0.014947, std=0.046199
2026-05-04 00:30:22,072 [INFO] [2.41s]     Target V stats:     mean=-0.000196, std=0.173332
2026-05-04 00:30:22,072 [INFO] [2.41s]     Sample MSE (U): 0.01196088
2026-05-04 00:30:22,072 [INFO] [2.41s]     Sample MSE (V): 0.02880808
2026-05-04 00:30:22,074 [INFO] [2.42s] ------------------------------------------------------------
2026-05-04 00:30:22,074 [DEBUG] [2.42s] [Batch 6/16] INPUT DATA STATS
2026-05-04 00:30:22,074 [INFO] [2.42s]   Case: cavity/bc/case0000 (t=2)
2026-05-04 00:30:22,074 [DEBUG] [2.42s]   Tensor Stats - Input (first sample):
2026-05-04 00:30:22,074 [INFO] [2.42s]     shape: (64, 64, 2)
2026-05-04 00:30:22,074 [INFO] [2.42s]     dtype: torch.float32
2026-05-04 00:30:22,076 [INFO] [2.42s]     mean: -0.034034
2026-05-04 00:30:22,076 [INFO] [2.42s]     std: 0.165781
2026-05-04 00:30:22,077 [INFO] [2.42s]     min: -0.627796
2026-05-04 00:30:22,077 [INFO] [2.42s]     max: 0.576010
2026-05-04 00:30:22,077 [INFO] [2.42s]     median: -0.047600
2026-05-04 00:30:22,078 [DEBUG] [2.42s]   Tensor Stats - Target (first sample):
2026-05-04 00:30:22,078 [INFO] [2.42s]     shape: (64, 64, 2)
2026-05-04 00:30:22,078 [INFO] [2.42s]     dtype: torch.float32
2026-05-04 00:30:22,078 [INFO] [2.42s]     mean: -0.034034
2026-05-04 00:30:22,078 [INFO] [2.42s]     std: 0.172433
2026-05-04 00:30:22,079 [INFO] [2.42s]     min: -0.629479
2026-05-04 00:30:22,079 [INFO] [2.42s]     max: 0.576010
2026-05-04 00:30:22,079 [INFO] [2.42s]     median: -0.047318
2026-05-04 00:30:22,201 [DEBUG] [2.54s] 
  [Batch 6/16] GRADIENT STATISTICS
2026-05-04 00:30:22,201 [INFO] [2.54s]   Gradient Stats:
2026-05-04 00:30:22,201 [INFO] [2.54s]     grad_norm_mean: 0.182395
2026-05-04 00:30:22,201 [INFO] [2.54s]     grad_norm_max: 1.582581
2026-05-04 00:30:22,202 [INFO] [2.54s]     grad_norm_min: 0.000000
2026-05-04 00:30:22,202 [INFO] [2.54s]     grad_mean_mean: -0.002351
2026-05-04 00:30:22,202 [INFO] [2.54s]     grad_max_max: 0.264090
2026-05-04 00:30:22,202 [INFO] [2.54s]     grad_min_min: -0.368621
2026-05-04 00:30:22,202 [INFO] [2.54s]     valid_gradients: 30
2026-05-04 00:30:22,203 [INFO] [2.54s]     invalid_gradients: 0
2026-05-04 00:30:22,218 [DEBUG] [2.56s] 
  [Batch 6/16] PARAMETER STATISTICS
2026-05-04 00:30:22,218 [INFO] [2.56s]   Param Stats:
2026-05-04 00:30:22,218 [INFO] [2.56s]     param_norm_mean: 1.612044
2026-05-04 00:30:22,218 [INFO] [2.56s]     param_norm_max: 6.491798
2026-05-04 00:30:22,219 [INFO] [2.56s]     param_means_mean: 0.135843
2026-05-04 00:30:22,219 [INFO] [2.56s] 
  [Batch 6/16] TRAINING PROGRESS
2026-05-04 00:30:22,219 [INFO] [2.56s]     Batch Loss:      0.45061120
2026-05-04 00:30:22,219 [INFO] [2.56s]     Running Avg:     0.72480189
2026-05-04 00:30:22,219 [INFO] [2.56s]     Case:            cavity/bc/case0000 (t=2)
2026-05-04 00:30:22,221 [INFO] [2.56s] ------------------------------------------------------------
2026-05-04 00:30:22,221 [DEBUG] [2.56s] [Batch 7/16] INPUT DATA STATS
2026-05-04 00:30:22,221 [INFO] [2.56s]   Case: cavity/geo/case0002 (t=8)
2026-05-04 00:30:22,222 [DEBUG] [2.56s]   Tensor Stats - Input (first sample):
2026-05-04 00:30:22,223 [INFO] [2.56s]     shape: (64, 64, 2)
2026-05-04 00:30:22,223 [INFO] [2.56s]     dtype: torch.float32
2026-05-04 00:30:22,223 [INFO] [2.56s]     mean: 0.014942
2026-05-04 00:30:22,223 [INFO] [2.56s]     std: 1.111483
2026-05-04 00:30:22,223 [INFO] [2.56s]     min: -5.978053
2026-05-04 00:30:22,223 [INFO] [2.56s]     max: 6.462160
2026-05-04 00:30:22,224 [INFO] [2.56s]     median: -0.038948
2026-05-04 00:30:22,224 [DEBUG] [2.56s]   Tensor Stats - Target (first sample):
2026-05-04 00:30:22,225 [INFO] [2.57s]     shape: (64, 64, 2)
2026-05-04 00:30:22,225 [INFO] [2.57s]     dtype: torch.float32
2026-05-04 00:30:22,225 [INFO] [2.57s]     mean: 0.014918
2026-05-04 00:30:22,225 [INFO] [2.57s]     std: 1.122254
2026-05-04 00:30:22,225 [INFO] [2.57s]     min: -5.993785
2026-05-04 00:30:22,225 [INFO] [2.57s]     max: 6.462160
2026-05-04 00:30:22,225 [INFO] [2.57s]     median: -0.038445
2026-05-04 00:30:22,342 [DEBUG] [2.68s] 
  [Batch 7/16] GRADIENT STATISTICS
2026-05-04 00:30:22,342 [INFO] [2.68s]   Gradient Stats:
2026-05-04 00:30:22,342 [INFO] [2.68s]     grad_norm_mean: 0.162459
2026-05-04 00:30:22,342 [INFO] [2.68s]     grad_norm_max: 1.504769
2026-05-04 00:30:22,342 [INFO] [2.68s]     grad_norm_min: 0.000000
2026-05-04 00:30:22,342 [INFO] [2.68s]     grad_mean_mean: -0.002283
2026-05-04 00:30:22,343 [INFO] [2.68s]     grad_max_max: 0.236989
2026-05-04 00:30:22,343 [INFO] [2.68s]     grad_min_min: -0.354308
2026-05-04 00:30:22,343 [INFO] [2.68s]     valid_gradients: 30
2026-05-04 00:30:22,343 [INFO] [2.68s]     invalid_gradients: 0
2026-05-04 00:30:22,368 [DEBUG] [2.71s] 
  [Batch 7/16] PARAMETER STATISTICS
2026-05-04 00:30:22,368 [INFO] [2.71s]   Param Stats:
2026-05-04 00:30:22,368 [INFO] [2.71s]     param_norm_mean: 1.631747
2026-05-04 00:30:22,368 [INFO] [2.71s]     param_norm_max: 6.494055
2026-05-04 00:30:22,369 [INFO] [2.71s]     param_means_mean: 0.135981
2026-05-04 00:30:22,369 [INFO] [2.71s] 
  [Batch 7/16] TRAINING PROGRESS
2026-05-04 00:30:22,369 [INFO] [2.71s]     Batch Loss:      0.39252353
2026-05-04 00:30:22,369 [INFO] [2.71s]     Running Avg:     0.67733355
2026-05-04 00:30:22,369 [INFO] [2.71s]     Case:            cavity/geo/case0002 (t=8)
2026-05-04 00:30:22,371 [INFO] [2.71s] ------------------------------------------------------------
2026-05-04 00:30:22,371 [DEBUG] [2.71s] [Batch 8/16] INPUT DATA STATS
2026-05-04 00:30:22,371 [INFO] [2.71s]   Case: cavity/geo/case0002 (t=6)
2026-05-04 00:30:22,373 [DEBUG] [2.71s]   Tensor Stats - Input (first sample):
2026-05-04 00:30:22,373 [INFO] [2.71s]     shape: (64, 64, 2)
2026-05-04 00:30:22,373 [INFO] [2.71s]     dtype: torch.float32
2026-05-04 00:30:22,373 [INFO] [2.71s]     mean: 0.015027
2026-05-04 00:30:22,373 [INFO] [2.71s]     std: 1.084077
2026-05-04 00:30:22,374 [INFO] [2.71s]     min: -5.930768
2026-05-04 00:30:22,374 [INFO] [2.71s]     max: 6.462160
2026-05-04 00:30:22,374 [INFO] [2.71s]     median: -0.039080
2026-05-04 00:30:22,375 [DEBUG] [2.72s]   Tensor Stats - Target (first sample):
2026-05-04 00:30:22,376 [INFO] [2.72s]     shape: (64, 64, 2)
2026-05-04 00:30:22,376 [INFO] [2.72s]     dtype: torch.float32
2026-05-04 00:30:22,377 [INFO] [2.72s]     mean: 0.014968
2026-05-04 00:30:22,377 [INFO] [2.72s]     std: 1.098803
2026-05-04 00:30:22,377 [INFO] [2.72s]     min: -5.957450
2026-05-04 00:30:22,377 [INFO] [2.72s]     max: 6.462160
2026-05-04 00:30:22,377 [INFO] [2.72s]     median: -0.039480
2026-05-04 00:30:22,509 [DEBUG] [2.85s] 
  [Batch 8/16] GRADIENT STATISTICS
2026-05-04 00:30:22,509 [INFO] [2.85s]   Gradient Stats:
2026-05-04 00:30:22,509 [INFO] [2.85s]     grad_norm_mean: 0.162528
2026-05-04 00:30:22,509 [INFO] [2.85s]     grad_norm_max: 1.569869
2026-05-04 00:30:22,509 [INFO] [2.85s]     grad_norm_min: 0.000000
2026-05-04 00:30:22,510 [INFO] [2.85s]     grad_mean_mean: -0.002358
2026-05-04 00:30:22,510 [INFO] [2.85s]     grad_max_max: 0.267874
2026-05-04 00:30:22,510 [INFO] [2.85s]     grad_min_min: -0.350659
2026-05-04 00:30:22,510 [INFO] [2.85s]     valid_gradients: 30
2026-05-04 00:30:22,510 [INFO] [2.85s]     invalid_gradients: 0
2026-05-04 00:30:22,528 [DEBUG] [2.87s] 
  [Batch 8/16] PARAMETER STATISTICS
2026-05-04 00:30:22,528 [INFO] [2.87s]   Param Stats:
2026-05-04 00:30:22,528 [INFO] [2.87s]     param_norm_mean: 1.650950
2026-05-04 00:30:22,528 [INFO] [2.87s]     param_norm_max: 6.496766
2026-05-04 00:30:22,528 [INFO] [2.87s]     param_means_mean: 0.136117
2026-05-04 00:30:22,529 [INFO] [2.87s] 
  [Batch 8/16] TRAINING PROGRESS
2026-05-04 00:30:22,529 [INFO] [2.87s]     Batch Loss:      0.40803412
2026-05-04 00:30:22,529 [INFO] [2.87s]     Running Avg:     0.64367112
2026-05-04 00:30:22,529 [INFO] [2.87s]     Case:            cavity/geo/case0002 (t=6)
2026-05-04 00:30:22,531 [INFO] [2.87s] ------------------------------------------------------------
2026-05-04 00:30:22,531 [DEBUG] [2.87s] [Batch 9/16] INPUT DATA STATS
2026-05-04 00:30:22,531 [INFO] [2.87s]   Case: cavity/geo/case0002 (t=14)
2026-05-04 00:30:22,532 [DEBUG] [2.87s]   Tensor Stats - Input (first sample):
2026-05-04 00:30:22,532 [INFO] [2.87s]     shape: (64, 64, 2)
2026-05-04 00:30:22,532 [INFO] [2.87s]     dtype: torch.float32
2026-05-04 00:30:22,532 [INFO] [2.87s]     mean: 0.014881
2026-05-04 00:30:22,532 [INFO] [2.87s]     std: 1.154323
2026-05-04 00:30:22,532 [INFO] [2.87s]     min: -6.031734
2026-05-04 00:30:22,532 [INFO] [2.87s]     max: 6.462160
2026-05-04 00:30:22,533 [INFO] [2.87s]     median: -0.038432
2026-05-04 00:30:22,533 [DEBUG] [2.87s]   Tensor Stats - Target (first sample):
2026-05-04 00:30:22,533 [INFO] [2.88s]     shape: (64, 64, 2)
2026-05-04 00:30:22,534 [INFO] [2.88s]     dtype: torch.float32
2026-05-04 00:30:22,534 [INFO] [2.88s]     mean: 0.014879
2026-05-04 00:30:22,534 [INFO] [2.88s]     std: 1.157825
2026-05-04 00:30:22,535 [INFO] [2.88s]     min: -6.035017
2026-05-04 00:30:22,535 [INFO] [2.88s]     max: 6.462160
2026-05-04 00:30:22,535 [INFO] [2.88s]     median: -0.038180
2026-05-04 00:30:22,639 [DEBUG] [2.98s] 
  [Batch 9/16] GRADIENT STATISTICS
2026-05-04 00:30:22,639 [INFO] [2.98s]   Gradient Stats:
2026-05-04 00:30:22,639 [INFO] [2.98s]     grad_norm_mean: 0.212055
2026-05-04 00:30:22,640 [INFO] [2.98s]     grad_norm_max: 2.161803
2026-05-04 00:30:22,640 [INFO] [2.98s]     grad_norm_min: 0.000000
2026-05-04 00:30:22,640 [INFO] [2.98s]     grad_mean_mean: -0.003541
2026-05-04 00:30:22,640 [INFO] [2.98s]     grad_max_max: 0.369815
2026-05-04 00:30:22,640 [INFO] [2.98s]     grad_min_min: -0.493139
2026-05-04 00:30:22,640 [INFO] [2.98s]     valid_gradients: 30
2026-05-04 00:30:22,640 [INFO] [2.98s]     invalid_gradients: 0
2026-05-04 00:30:22,657 [DEBUG] [3.00s] 
  [Batch 9/16] PARAMETER STATISTICS
2026-05-04 00:30:22,657 [INFO] [3.00s]   Param Stats:
2026-05-04 00:30:22,658 [INFO] [3.00s]     param_norm_mean: 1.669846
2026-05-04 00:30:22,658 [INFO] [3.00s]     param_norm_max: 6.500113
2026-05-04 00:30:22,658 [INFO] [3.00s]     param_means_mean: 0.136253
2026-05-04 00:30:22,659 [INFO] [3.00s] 
  [Batch 9/16] TRAINING PROGRESS
2026-05-04 00:30:22,659 [INFO] [3.00s]     Batch Loss:      0.65547055
2026-05-04 00:30:22,659 [INFO] [3.00s]     Running Avg:     0.64498217
2026-05-04 00:30:22,659 [INFO] [3.00s]     Case:            cavity/geo/case0002 (t=14)
2026-05-04 00:30:22,660 [INFO] [3.00s] ------------------------------------------------------------
2026-05-04 00:30:22,660 [DEBUG] [3.00s] [Batch 10/16] INPUT DATA STATS
2026-05-04 00:30:22,661 [INFO] [3.00s]   Case: cavity/geo/case0002 (t=18)
2026-05-04 00:30:22,661 [DEBUG] [3.00s]   Tensor Stats - Input (first sample):
2026-05-04 00:30:22,661 [INFO] [3.00s]     shape: (64, 64, 2)
2026-05-04 00:30:22,661 [INFO] [3.00s]     dtype: torch.float32
2026-05-04 00:30:22,661 [INFO] [3.00s]     mean: 0.014877
2026-05-04 00:30:22,661 [INFO] [3.00s]     std: 1.165153
2026-05-04 00:30:22,661 [INFO] [3.00s]     min: -6.041656
2026-05-04 00:30:22,662 [INFO] [3.00s]     max: 6.462160
2026-05-04 00:30:22,662 [INFO] [3.00s]     median: -0.038349
2026-05-04 00:30:22,662 [DEBUG] [3.00s]   Tensor Stats - Target (first sample):
2026-05-04 00:30:22,663 [INFO] [3.00s]     shape: (64, 64, 2)
2026-05-04 00:30:22,663 [INFO] [3.00s]     dtype: torch.float32
2026-05-04 00:30:22,663 [INFO] [3.00s]     mean: 0.014876
2026-05-04 00:30:22,663 [INFO] [3.00s]     std: 1.166822
2026-05-04 00:30:22,663 [INFO] [3.00s]     min: -6.043136
2026-05-04 00:30:22,663 [INFO] [3.00s]     max: 6.462160
2026-05-04 00:30:22,663 [INFO] [3.00s]     median: -0.038069
2026-05-04 00:30:22,768 [DEBUG] [3.11s] 
  [Batch 10/16] GRADIENT STATISTICS
2026-05-04 00:30:22,769 [INFO] [3.11s]   Gradient Stats:
2026-05-04 00:30:22,769 [INFO] [3.11s]     grad_norm_mean: 0.120181
2026-05-04 00:30:22,769 [INFO] [3.11s]     grad_norm_max: 1.227933
2026-05-04 00:30:22,769 [INFO] [3.11s]     grad_norm_min: 0.000000
2026-05-04 00:30:22,769 [INFO] [3.11s]     grad_mean_mean: -0.002029
2026-05-04 00:30:22,769 [INFO] [3.11s]     grad_max_max: 0.202863
2026-05-04 00:30:22,769 [INFO] [3.11s]     grad_min_min: -0.277216
2026-05-04 00:30:22,769 [INFO] [3.11s]     valid_gradients: 30
2026-05-04 00:30:22,769 [INFO] [3.11s]     invalid_gradients: 0
2026-05-04 00:30:22,787 [DEBUG] [3.13s] 
  [Batch 10/16] PARAMETER STATISTICS
2026-05-04 00:30:22,787 [INFO] [3.13s]   Param Stats:
2026-05-04 00:30:22,787 [INFO] [3.13s]     param_norm_mean: 1.688054
2026-05-04 00:30:22,787 [INFO] [3.13s]     param_norm_max: 6.503752
2026-05-04 00:30:22,787 [INFO] [3.13s]     param_means_mean: 0.136383
2026-05-04 00:30:22,787 [INFO] [3.13s] 
  [Batch 10/16] TRAINING PROGRESS
2026-05-04 00:30:22,787 [INFO] [3.13s]     Batch Loss:      0.26614967
2026-05-04 00:30:22,787 [INFO] [3.13s]     Running Avg:     0.60709892
2026-05-04 00:30:22,789 [INFO] [3.13s]     Case:            cavity/geo/case0002 (t=18)
2026-05-04 00:30:22,789 [DEBUG] [3.13s] 
  [Batch 10/16] PREDICTION SAMPLE
2026-05-04 00:30:22,789 [INFO] [3.13s]     Sample: cavity/geo/case0002 (t=18)
2026-05-04 00:30:22,789 [INFO] [3.13s]     Predicted U stats:  mean=-0.008046, std=0.733379
2026-05-04 00:30:22,790 [INFO] [3.13s]     Target U stats:     mean=0.029569, std=1.186222
2026-05-04 00:30:22,790 [INFO] [3.13s]     Predicted V stats:  mean=-0.003989, std=0.589854
2026-05-04 00:30:22,790 [INFO] [3.13s]     Target V stats:     mean=0.000183, std=1.146761
2026-05-04 00:30:22,790 [INFO] [3.13s]     Sample MSE (U): 0.27194285
2026-05-04 00:30:22,790 [INFO] [3.13s]     Sample MSE (V): 0.36614466
2026-05-04 00:30:22,792 [INFO] [3.13s] ------------------------------------------------------------
2026-05-04 00:30:22,793 [DEBUG] [3.13s] [Batch 11/16] INPUT DATA STATS
2026-05-04 00:30:22,793 [INFO] [3.13s]   Case: cavity/bc/case0000 (t=5)
2026-05-04 00:30:22,793 [DEBUG] [3.13s]   Tensor Stats - Input (first sample):
2026-05-04 00:30:22,794 [INFO] [3.13s]     shape: (64, 64, 2)
2026-05-04 00:30:22,794 [INFO] [3.13s]     dtype: torch.float32
2026-05-04 00:30:22,794 [INFO] [3.13s]     mean: -0.034035
2026-05-04 00:30:22,794 [INFO] [3.13s]     std: 0.177740
2026-05-04 00:30:22,794 [INFO] [3.13s]     min: -0.631192
2026-05-04 00:30:22,794 [INFO] [3.13s]     max: 0.576010
2026-05-04 00:30:22,794 [INFO] [3.13s]     median: -0.047504
2026-05-04 00:30:22,795 [DEBUG] [3.14s]   Tensor Stats - Target (first sample):
2026-05-04 00:30:22,795 [INFO] [3.14s]     shape: (64, 64, 2)
2026-05-04 00:30:22,795 [INFO] [3.14s]     dtype: torch.float32
2026-05-04 00:30:22,795 [INFO] [3.14s]     mean: -0.034036
2026-05-04 00:30:22,795 [INFO] [3.14s]     std: 0.178841
2026-05-04 00:30:22,796 [INFO] [3.14s]     min: -0.631403
2026-05-04 00:30:22,796 [INFO] [3.14s]     max: 0.576010
2026-05-04 00:30:22,796 [INFO] [3.14s]     median: -0.047663
2026-05-04 00:30:22,920 [DEBUG] [3.26s] 
  [Batch 11/16] GRADIENT STATISTICS
2026-05-04 00:30:22,921 [INFO] [3.26s]   Gradient Stats:
2026-05-04 00:30:22,922 [INFO] [3.26s]     grad_norm_mean: 0.136440
2026-05-04 00:30:22,922 [INFO] [3.26s]     grad_norm_max: 1.331172
2026-05-04 00:30:22,922 [INFO] [3.26s]     grad_norm_min: 0.000000
2026-05-04 00:30:22,922 [INFO] [3.26s]     grad_mean_mean: -0.002104
2026-05-04 00:30:22,922 [INFO] [3.26s]     grad_max_max: 0.235733
2026-05-04 00:30:22,922 [INFO] [3.26s]     grad_min_min: -0.281197
2026-05-04 00:30:22,923 [INFO] [3.26s]     valid_gradients: 30
2026-05-04 00:30:22,923 [INFO] [3.26s]     invalid_gradients: 0
2026-05-04 00:30:22,939 [DEBUG] [3.28s] 
  [Batch 11/16] PARAMETER STATISTICS
2026-05-04 00:30:22,939 [INFO] [3.28s]   Param Stats:
2026-05-04 00:30:22,939 [INFO] [3.28s]     param_norm_mean: 1.705209
2026-05-04 00:30:22,939 [INFO] [3.28s]     param_norm_max: 6.507751
2026-05-04 00:30:22,939 [INFO] [3.28s]     param_means_mean: 0.136508
2026-05-04 00:30:22,939 [INFO] [3.28s] 
  [Batch 11/16] TRAINING PROGRESS
2026-05-04 00:30:22,940 [INFO] [3.28s]     Batch Loss:      0.29260859
2026-05-04 00:30:22,940 [INFO] [3.28s]     Running Avg:     0.57850889
2026-05-04 00:30:22,940 [INFO] [3.28s]     Case:            cavity/bc/case0000 (t=5)
2026-05-04 00:30:22,941 [INFO] [3.28s] ------------------------------------------------------------
2026-05-04 00:30:22,941 [DEBUG] [3.28s] [Batch 12/16] INPUT DATA STATS
2026-05-04 00:30:22,941 [INFO] [3.28s]   Case: cavity/geo/case0002 (t=3)
2026-05-04 00:30:22,941 [DEBUG] [3.28s]   Tensor Stats - Input (first sample):
2026-05-04 00:30:22,941 [INFO] [3.28s]     shape: (64, 64, 2)
2026-05-04 00:30:22,941 [INFO] [3.28s]     dtype: torch.float32
2026-05-04 00:30:22,941 [INFO] [3.28s]     mean: 0.015632
2026-05-04 00:30:22,941 [INFO] [3.28s]     std: 1.024295
2026-05-04 00:30:22,941 [INFO] [3.28s]     min: -5.790040
2026-05-04 00:30:22,941 [INFO] [3.28s]     max: 6.462160
2026-05-04 00:30:22,941 [INFO] [3.28s]     median: -0.038506
2026-05-04 00:30:22,942 [DEBUG] [3.28s]   Tensor Stats - Target (first sample):
2026-05-04 00:30:22,942 [INFO] [3.28s]     shape: (64, 64, 2)
2026-05-04 00:30:22,943 [INFO] [3.28s]     dtype: torch.float32
2026-05-04 00:30:22,943 [INFO] [3.28s]     mean: 0.015335
2026-05-04 00:30:22,943 [INFO] [3.28s]     std: 1.047066
2026-05-04 00:30:22,943 [INFO] [3.28s]     min: -5.849434
2026-05-04 00:30:22,943 [INFO] [3.28s]     max: 6.462160
2026-05-04 00:30:22,943 [INFO] [3.28s]     median: -0.039449
2026-05-04 00:30:23,056 [DEBUG] [3.40s] 
  [Batch 12/16] GRADIENT STATISTICS
2026-05-04 00:30:23,057 [INFO] [3.40s]   Gradient Stats:
2026-05-04 00:30:23,057 [INFO] [3.40s]     grad_norm_mean: 0.046485
2026-05-04 00:30:23,057 [INFO] [3.40s]     grad_norm_max: 0.308291
2026-05-04 00:30:23,057 [INFO] [3.40s]     grad_norm_min: 0.000000
2026-05-04 00:30:23,057 [INFO] [3.40s]     grad_mean_mean: -0.000348
2026-05-04 00:30:23,057 [INFO] [3.40s]     grad_max_max: 0.032589
2026-05-04 00:30:23,057 [INFO] [3.40s]     grad_min_min: -0.067960
2026-05-04 00:30:23,058 [INFO] [3.40s]     valid_gradients: 30
2026-05-04 00:30:23,058 [INFO] [3.40s]     invalid_gradients: 0
2026-05-04 00:30:23,076 [DEBUG] [3.42s] 
  [Batch 12/16] PARAMETER STATISTICS
2026-05-04 00:30:23,077 [INFO] [3.42s]   Param Stats:
2026-05-04 00:30:23,077 [INFO] [3.42s]     param_norm_mean: 1.721145
2026-05-04 00:30:23,077 [INFO] [3.42s]     param_norm_max: 6.511557
2026-05-04 00:30:23,077 [INFO] [3.42s]     param_means_mean: 0.136623
2026-05-04 00:30:23,077 [INFO] [3.42s] 
  [Batch 12/16] TRAINING PROGRESS
2026-05-04 00:30:23,077 [INFO] [3.42s]     Batch Loss:      0.05810608
2026-05-04 00:30:23,077 [INFO] [3.42s]     Running Avg:     0.53514199
2026-05-04 00:30:23,078 [INFO] [3.42s]     Case:            cavity/geo/case0002 (t=3)
2026-05-04 00:30:23,082 [INFO] [3.42s] ------------------------------------------------------------
2026-05-04 00:30:23,082 [DEBUG] [3.42s] [Batch 13/16] INPUT DATA STATS
2026-05-04 00:30:23,082 [INFO] [3.42s]   Case: cavity/geo/case0001 (t=11)
2026-05-04 00:30:23,083 [DEBUG] [3.42s]   Tensor Stats - Input (first sample):
2026-05-04 00:30:23,083 [INFO] [3.42s]     shape: (64, 64, 2)
2026-05-04 00:30:23,083 [INFO] [3.42s]     dtype: torch.float32
2026-05-04 00:30:23,083 [INFO] [3.42s]     mean: 0.015432
2026-05-04 00:30:23,083 [INFO] [3.42s]     std: 1.324155
2026-05-04 00:30:23,083 [INFO] [3.42s]     min: -5.985439
2026-05-04 00:30:23,083 [INFO] [3.42s]     max: 6.462160
2026-05-04 00:30:23,083 [INFO] [3.42s]     median: -0.020040
2026-05-04 00:30:23,084 [DEBUG] [3.42s]   Tensor Stats - Target (first sample):
2026-05-04 00:30:23,084 [INFO] [3.42s]     shape: (64, 64, 2)
2026-05-04 00:30:23,084 [INFO] [3.42s]     dtype: torch.float32
2026-05-04 00:30:23,084 [INFO] [3.42s]     mean: 0.015448
2026-05-04 00:30:23,084 [INFO] [3.42s]     std: 1.329951
2026-05-04 00:30:23,084 [INFO] [3.42s]     min: -5.994059
2026-05-04 00:30:23,085 [INFO] [3.43s]     max: 6.462160
2026-05-04 00:30:23,085 [INFO] [3.43s]     median: -0.019528
2026-05-04 00:30:23,196 [DEBUG] [3.54s] 
  [Batch 13/16] GRADIENT STATISTICS
2026-05-04 00:30:23,196 [INFO] [3.54s]   Gradient Stats:
2026-05-04 00:30:23,196 [INFO] [3.54s]     grad_norm_mean: 0.175963
2026-05-04 00:30:23,196 [INFO] [3.54s]     grad_norm_max: 1.967624
2026-05-04 00:30:23,196 [INFO] [3.54s]     grad_norm_min: 0.000000
2026-05-04 00:30:23,196 [INFO] [3.54s]     grad_mean_mean: -0.003243
2026-05-04 00:30:23,196 [INFO] [3.54s]     grad_max_max: 0.340360
2026-05-04 00:30:23,196 [INFO] [3.54s]     grad_min_min: -0.442813
2026-05-04 00:30:23,196 [INFO] [3.54s]     valid_gradients: 30
2026-05-04 00:30:23,197 [INFO] [3.54s]     invalid_gradients: 0
2026-05-04 00:30:23,213 [DEBUG] [3.55s] 
  [Batch 13/16] PARAMETER STATISTICS
2026-05-04 00:30:23,213 [INFO] [3.55s]   Param Stats:
2026-05-04 00:30:23,213 [INFO] [3.55s]     param_norm_mean: 1.736058
2026-05-04 00:30:23,213 [INFO] [3.55s]     param_norm_max: 6.515985
2026-05-04 00:30:23,213 [INFO] [3.55s]     param_means_mean: 0.136736
2026-05-04 00:30:23,214 [INFO] [3.55s] 
  [Batch 13/16] TRAINING PROGRESS
2026-05-04 00:30:23,214 [INFO] [3.55s]     Batch Loss:      0.48047757
2026-05-04 00:30:23,214 [INFO] [3.55s]     Running Avg:     0.53093703
2026-05-04 00:30:23,214 [INFO] [3.55s]     Case:            cavity/geo/case0001 (t=11)
2026-05-04 00:30:23,215 [INFO] [3.56s] ------------------------------------------------------------
2026-05-04 00:30:23,215 [DEBUG] [3.56s] [Batch 14/16] INPUT DATA STATS
2026-05-04 00:30:23,215 [INFO] [3.56s]   Case: cavity/geo/case0002 (t=0)
2026-05-04 00:30:23,216 [DEBUG] [3.56s]   Tensor Stats - Input (first sample):
2026-05-04 00:30:23,216 [INFO] [3.56s]     shape: (64, 64, 2)
2026-05-04 00:30:23,216 [INFO] [3.56s]     dtype: torch.float32
2026-05-04 00:30:23,216 [INFO] [3.56s]     mean: 0.016316
2026-05-04 00:30:23,216 [INFO] [3.56s]     std: 0.883274
2026-05-04 00:30:23,216 [INFO] [3.56s]     min: -5.300910
2026-05-04 00:30:23,216 [INFO] [3.56s]     max: 6.462160
2026-05-04 00:30:23,216 [INFO] [3.56s]     median: -0.034677
2026-05-04 00:30:23,217 [DEBUG] [3.56s]   Tensor Stats - Target (first sample):
2026-05-04 00:30:23,218 [INFO] [3.56s]     shape: (64, 64, 2)
2026-05-04 00:30:23,218 [INFO] [3.56s]     dtype: torch.float32
2026-05-04 00:30:23,218 [INFO] [3.56s]     mean: 0.016099
2026-05-04 00:30:23,218 [INFO] [3.56s]     std: 0.965100
2026-05-04 00:30:23,218 [INFO] [3.56s]     min: -5.617545
2026-05-04 00:30:23,218 [INFO] [3.56s]     max: 6.462160
2026-05-04 00:30:23,218 [INFO] [3.56s]     median: -0.035124
2026-05-04 00:30:23,341 [DEBUG] [3.68s] 
  [Batch 14/16] GRADIENT STATISTICS
2026-05-04 00:30:23,341 [INFO] [3.68s]   Gradient Stats:
2026-05-04 00:30:23,341 [INFO] [3.68s]     grad_norm_mean: 0.056431
2026-05-04 00:30:23,341 [INFO] [3.68s]     grad_norm_max: 0.425203
2026-05-04 00:30:23,341 [INFO] [3.68s]     grad_norm_min: 0.000000
2026-05-04 00:30:23,341 [INFO] [3.68s]     grad_mean_mean: 0.000048
2026-05-04 00:30:23,343 [INFO] [3.68s]     grad_max_max: 0.090962
2026-05-04 00:30:23,343 [INFO] [3.68s]     grad_min_min: -0.073185
2026-05-04 00:30:23,343 [INFO] [3.68s]     valid_gradients: 30
2026-05-04 00:30:23,343 [INFO] [3.68s]     invalid_gradients: 0
2026-05-04 00:30:23,366 [DEBUG] [3.71s] 
  [Batch 14/16] PARAMETER STATISTICS
2026-05-04 00:30:23,366 [INFO] [3.71s]   Param Stats:
2026-05-04 00:30:23,366 [INFO] [3.71s]     param_norm_mean: 1.749698
2026-05-04 00:30:23,366 [INFO] [3.71s]     param_norm_max: 6.519968
2026-05-04 00:30:23,366 [INFO] [3.71s]     param_means_mean: 0.136838
2026-05-04 00:30:23,366 [INFO] [3.71s] 
  [Batch 14/16] TRAINING PROGRESS
2026-05-04 00:30:23,366 [INFO] [3.71s]     Batch Loss:      0.05237871
2026-05-04 00:30:23,366 [INFO] [3.71s]     Running Avg:     0.49675430
2026-05-04 00:30:23,368 [INFO] [3.71s]     Case:            cavity/geo/case0002 (t=0)
2026-05-04 00:30:23,371 [INFO] [3.71s] ------------------------------------------------------------
2026-05-04 00:30:23,371 [DEBUG] [3.71s] [Batch 15/16] INPUT DATA STATS
2026-05-04 00:30:23,371 [INFO] [3.71s]   Case: cavity/geo/case0001 (t=20)
2026-05-04 00:30:23,374 [DEBUG] [3.71s]   Tensor Stats - Input (first sample):
2026-05-04 00:30:23,374 [INFO] [3.71s]     shape: (64, 64, 2)
2026-05-04 00:30:23,374 [INFO] [3.72s]     dtype: torch.float32
2026-05-04 00:30:23,375 [INFO] [3.72s]     mean: 0.015372
2026-05-04 00:30:23,375 [INFO] [3.72s]     std: 1.364150
2026-05-04 00:30:23,375 [INFO] [3.72s]     min: -6.033597
2026-05-04 00:30:23,375 [INFO] [3.72s]     max: 6.462160
2026-05-04 00:30:23,375 [INFO] [3.72s]     median: -0.017636
2026-05-04 00:30:23,376 [DEBUG] [3.72s]   Tensor Stats - Target (first sample):
2026-05-04 00:30:23,378 [INFO] [3.72s]     shape: (64, 64, 2)
2026-05-04 00:30:23,378 [INFO] [3.72s]     dtype: torch.float32
2026-05-04 00:30:23,378 [INFO] [3.72s]     mean: 0.015368
2026-05-04 00:30:23,378 [INFO] [3.72s]     std: 1.366188
2026-05-04 00:30:23,379 [INFO] [3.72s]     min: -6.035484
2026-05-04 00:30:23,379 [INFO] [3.72s]     max: 6.462160
2026-05-04 00:30:23,379 [INFO] [3.72s]     median: -0.017463
2026-05-04 00:30:23,490 [DEBUG] [3.83s] 
  [Batch 15/16] GRADIENT STATISTICS
2026-05-04 00:30:23,490 [INFO] [3.83s]   Gradient Stats:
2026-05-04 00:30:23,490 [INFO] [3.83s]     grad_norm_mean: 0.111200
2026-05-04 00:30:23,491 [INFO] [3.83s]     grad_norm_max: 1.226459
2026-05-04 00:30:23,491 [INFO] [3.83s]     grad_norm_min: 0.000000
2026-05-04 00:30:23,491 [INFO] [3.83s]     grad_mean_mean: -0.001826
2026-05-04 00:30:23,491 [INFO] [3.83s]     grad_max_max: 0.208633
2026-05-04 00:30:23,491 [INFO] [3.83s]     grad_min_min: -0.244160
2026-05-04 00:30:23,491 [INFO] [3.83s]     valid_gradients: 30
2026-05-04 00:30:23,491 [INFO] [3.83s]     invalid_gradients: 0
2026-05-04 00:30:23,509 [DEBUG] [3.85s] 
  [Batch 15/16] PARAMETER STATISTICS
2026-05-04 00:30:23,509 [INFO] [3.85s]   Param Stats:
2026-05-04 00:30:23,509 [INFO] [3.85s]     param_norm_mean: 1.762428
2026-05-04 00:30:23,509 [INFO] [3.85s]     param_norm_max: 6.524342
2026-05-04 00:30:23,509 [INFO] [3.85s]     param_means_mean: 0.136936
2026-05-04 00:30:23,509 [INFO] [3.85s] 
  [Batch 15/16] TRAINING PROGRESS
2026-05-04 00:30:23,509 [INFO] [3.85s]     Batch Loss:      0.22323935
2026-05-04 00:30:23,509 [INFO] [3.85s]     Running Avg:     0.47851997
2026-05-04 00:30:23,510 [INFO] [3.85s]     Case:            cavity/geo/case0001 (t=20)
2026-05-04 00:30:23,510 [DEBUG] [3.85s] 
  [Batch 15/16] PREDICTION SAMPLE
2026-05-04 00:30:23,510 [INFO] [3.85s]     Sample: cavity/geo/case0001 (t=20)
2026-05-04 00:30:23,510 [INFO] [3.85s]     Predicted U stats:  mean=0.015934, std=0.908456
2026-05-04 00:30:23,511 [INFO] [3.85s]     Target U stats:     mean=0.030434, std=1.330134
2026-05-04 00:30:23,511 [INFO] [3.85s]     Predicted V stats:  mean=-0.001192, std=0.867182
2026-05-04 00:30:23,511 [INFO] [3.85s]     Target V stats:     mean=0.000301, std=1.400991
2026-05-04 00:30:23,511 [INFO] [3.85s]     Sample MSE (U): 0.25788599
2026-05-04 00:30:23,512 [INFO] [3.85s]     Sample MSE (V): 0.36499232
2026-05-04 00:30:23,513 [INFO] [3.85s] ------------------------------------------------------------
2026-05-04 00:30:23,513 [DEBUG] [3.85s] [Batch 16/16] INPUT DATA STATS
2026-05-04 00:30:23,514 [INFO] [3.85s]   Case: cavity/geo/case0001 (t=2)
2026-05-04 00:30:23,514 [DEBUG] [3.85s]   Tensor Stats - Input (first sample):
2026-05-04 00:30:23,514 [INFO] [3.85s]     shape: (64, 64, 2)
2026-05-04 00:30:23,515 [INFO] [3.86s]     dtype: torch.float32
2026-05-04 00:30:23,515 [INFO] [3.86s]     mean: 0.015924
2026-05-04 00:30:23,515 [INFO] [3.86s]     std: 1.152719
2026-05-04 00:30:23,515 [INFO] [3.86s]     min: -5.703903
2026-05-04 00:30:23,515 [INFO] [3.86s]     max: 6.462160
2026-05-04 00:30:23,515 [INFO] [3.86s]     median: -0.019905
2026-05-04 00:30:23,516 [DEBUG] [3.86s]   Tensor Stats - Target (first sample):
2026-05-04 00:30:23,516 [INFO] [3.86s]     shape: (64, 64, 2)
2026-05-04 00:30:23,517 [INFO] [3.86s]     dtype: torch.float32
2026-05-04 00:30:23,517 [INFO] [3.86s]     mean: 0.015929
2026-05-04 00:30:23,517 [INFO] [3.86s]     std: 1.187213
2026-05-04 00:30:23,517 [INFO] [3.86s]     min: -5.774273
2026-05-04 00:30:23,517 [INFO] [3.86s]     max: 6.462160
2026-05-04 00:30:23,517 [INFO] [3.86s]     median: -0.019493
2026-05-04 00:30:23,651 [DEBUG] [3.99s] 
  [Batch 16/16] GRADIENT STATISTICS
2026-05-04 00:30:23,652 [INFO] [3.99s]   Gradient Stats:
2026-05-04 00:30:23,652 [INFO] [3.99s]     grad_norm_mean: 0.069713
2026-05-04 00:30:23,652 [INFO] [3.99s]     grad_norm_max: 0.731229
2026-05-04 00:30:23,652 [INFO] [3.99s]     grad_norm_min: 0.000000
2026-05-04 00:30:23,652 [INFO] [3.99s]     grad_mean_mean: -0.001123
2026-05-04 00:30:23,652 [INFO] [3.99s]     grad_max_max: 0.104629
2026-05-04 00:30:23,652 [INFO] [3.99s]     grad_min_min: -0.159153
2026-05-04 00:30:23,652 [INFO] [3.99s]     valid_gradients: 30
2026-05-04 00:30:23,653 [INFO] [3.99s]     invalid_gradients: 0
2026-05-04 00:30:23,677 [DEBUG] [4.02s] 
  [Batch 16/16] PARAMETER STATISTICS
2026-05-04 00:30:23,677 [INFO] [4.02s]   Param Stats:
2026-05-04 00:30:23,677 [INFO] [4.02s]     param_norm_mean: 1.774321
2026-05-04 00:30:23,677 [INFO] [4.02s]     param_norm_max: 6.528815
2026-05-04 00:30:23,678 [INFO] [4.02s]     param_means_mean: 0.137028
2026-05-04 00:30:23,678 [INFO] [4.02s] 
  [Batch 16/16] TRAINING PROGRESS
2026-05-04 00:30:23,678 [INFO] [4.02s]     Batch Loss:      0.10661581
2026-05-04 00:30:23,678 [INFO] [4.02s]     Running Avg:     0.45527596
2026-05-04 00:30:23,679 [INFO] [4.02s]     Case:            cavity/geo/case0001 (t=2)
2026-05-04 00:30:23,679 [INFO] [4.02s] 
------------------------------------------------------------
2026-05-04 00:30:23,679 [INFO] [4.02s] [EPOCH 1/1] TRAIN COMPLETE
2026-05-04 00:30:23,679 [INFO] [4.02s] ------------------------------------------------------------
2026-05-04 00:30:23,679 [INFO] [4.02s]   Average Train Loss: 0.45527596
2026-05-04 00:30:23,680 [INFO] [4.02s]   Epoch time: 2.27s
2026-05-04 00:30:23,680 [INFO] [4.02s] 
[EPOCH 1/1] EVALUATION ON TEST SET
2026-05-04 00:30:23,906 [INFO] [4.25s] 
  Test Loss: 0.96408980 *** BEST ***
2026-05-04 00:30:23,906 [INFO] [4.25s]   Test Metrics:
2026-05-04 00:30:23,906 [INFO] [4.25s]     MSE:  0.96408987
2026-05-04 00:30:23,907 [INFO] [4.25s]     RMSE: 0.981881
2026-05-04 00:30:23,907 [INFO] [4.25s]     MAE:  0.515398
2026-05-04 00:30:23,907 [INFO] [4.25s]     R2 (Overall): 0.188096
2026-05-04 00:30:23,907 [INFO] [4.25s]     R2 (U component): 0.256693
2026-05-04 00:30:23,908 [INFO] [4.25s]     R2 (V component): 0.121760
2026-05-04 00:30:23,908 [INFO] [4.25s] 
[EPOCH 1/1] END - Time: 2.27s
2026-05-04 00:30:23,908 [INFO] [4.25s] Memory: CPU Memory: 249.32MB RSS
2026-05-04 00:30:23,908 [INFO] [4.25s] === COMPLETED: Training (took 2.50s) ===
2026-05-04 00:30:23,908 [INFO] [4.25s]     Details: Total time: 2.50s (0.04 min)
2026-05-04 00:30:23,911 [INFO] [4.25s] === STARTING: Model Saving ===
2026-05-04 00:30:23,912 [INFO] [4.25s] Saving model to: C:\traework\a\wilmer-deeplearn\portable_env\python-portable\workspace\fno2-model.pth
2026-05-04 00:30:23,942 [INFO] [4.28s] Model saved successfully: C:\traework\a\wilmer-deeplearn\portable_env\python-portable\workspace\fno2-model.pth
2026-05-04 00:30:23,943 [INFO] [4.28s] File size: 6.83 MB
2026-05-04 00:30:23,943 [INFO] [4.28s] === COMPLETED: Model Saving (took 0.03s) ===
2026-05-04 00:30:23,943 [INFO] [4.28s] 
================================================================================
2026-05-04 00:30:23,943 [INFO] [4.29s] TRAINING COMPLETE - FINAL SUMMARY
2026-05-04 00:30:23,945 [INFO] [4.29s] ================================================================================
2026-05-04 00:30:23,945 [INFO] [4.29s] Total training time: 2.50 seconds (0.04 minutes)
2026-05-04 00:30:23,945 [INFO] [4.29s] Average time per epoch: 2.50 seconds
2026-05-04 00:30:23,945 [INFO] [4.29s] 
2026-05-04 00:30:23,945 [INFO] [4.29s] Final Train Loss: 0.45527596
2026-05-04 00:30:23,946 [INFO] [4.29s] Final Test Loss:  0.96408980
2026-05-04 00:30:23,946 [INFO] [4.29s] Best Test Loss:   0.96408980 (Epoch 1)
2026-05-04 00:30:23,946 [INFO] [4.29s] 
2026-05-04 00:30:23,946 [INFO] [4.29s] Final Test Metrics:
2026-05-04 00:30:23,947 [INFO] [4.29s]   MSE:  0.96408987
2026-05-04 00:30:23,947 [INFO] [4.29s]   RMSE: 0.981881
2026-05-04 00:30:23,947 [INFO] [4.29s]   MAE:  0.515398
2026-05-04 00:30:23,947 [INFO] [4.29s]   R2:   0.188096
2026-05-04 00:30:23,948 [INFO] [4.29s] 
2026-05-04 00:30:23,948 [INFO] [4.29s] Gradient Statistics Summary:
2026-05-04 00:30:23,948 [INFO] [4.29s]   Average gradient norm: 0.180996
2026-05-04 00:30:23,948 [INFO] [4.29s]   Max gradient norm:     0.457795
2026-05-04 00:30:23,949 [INFO] [4.29s]   Min gradient norm:     0.046485
2026-05-04 00:30:23,949 [INFO] [4.29s] Model saved at: C:\traework\a\wilmer-deeplearn\portable_env\python-portable\workspace\fno2-model.pth
2026-05-04 00:30:23,949 [INFO] [4.29s] Log saved at: C:\traework\a\wilmer-deeplearn\portable_env\python-portable\workspace\training_full.log
2026-05-04 00:30:23,949 [INFO] [4.29s] End time: 2026-05-04 00:30:23
2026-05-04 00:30:23,950 [INFO] [4.29s] ================================================================================
2026-05-04 00:32:18,836 [INFO] [0.00s] 
================================================================================
2026-05-04 00:32:18,836 [INFO] [0.00s] FNO2 ENHANCED TRAINING CONFIGURATION (Python Standard Logging)
2026-05-04 00:32:18,836 [INFO] [0.00s] ================================================================================
2026-05-04 00:32:18,836 [INFO] [0.00s] classNum: 2
2026-05-04 00:32:18,836 [INFO] [0.00s]   -> Using: bc + geo categories
2026-05-04 00:32:18,836 [INFO] [0.00s] Max cases per category: 2
2026-05-04 00:32:18,836 [INFO] [0.00s] Epochs: 1
2026-05-04 00:32:18,836 [INFO] [0.00s] Batch size: 3
2026-05-04 00:32:18,836 [INFO] [0.00s] Learning rate: 0.001
2026-05-04 00:32:18,836 [INFO] [0.00s] Log level: DEBUG
2026-05-04 00:32:18,836 [INFO] [0.00s] Log to console: True
2026-05-04 00:32:18,836 [INFO] [0.00s] Log to file: True
2026-05-04 00:32:18,836 [INFO] [0.00s] ================================================================================
2026-05-04 00:32:18,836 [INFO] [0.00s] 
2026-05-04 00:32:18,838 [INFO] [0.00s] 
================================================================================
2026-05-04 00:32:18,838 [INFO] [0.00s] ENHANCED FNO2 TRAINING FOR NAVIER-STOKES (CFDBENCH)
2026-05-04 00:32:18,838 [INFO] [0.00s] ================================================================================
2026-05-04 00:32:18,839 [INFO] [0.00s] Start time: 2026-05-04 00:32:18
2026-05-04 00:32:18,839 [INFO] [0.00s] Device: cpu
2026-05-04 00:32:18,839 [INFO] [0.00s] Log file: training_full.log
2026-05-04 00:32:18,839 [INFO] [0.00s] Log level: DEBUG
2026-05-04 00:32:18,839 [INFO] [0.00s] Log to console: True
2026-05-04 00:32:18,840 [INFO] [0.00s] Log to file: True
2026-05-04 00:32:18,840 [INFO] [0.00s] 
2026-05-04 00:32:18,840 [INFO] [0.00s] TRAINING CONFIGURATION:
2026-05-04 00:32:18,840 [INFO] [0.00s]   data_root: C:\ftpService\CFDBench
2026-05-04 00:32:18,840 [INFO] [0.00s]   problems: ['cavity']
2026-05-04 00:32:18,840 [INFO] [0.00s]   categories: None
2026-05-04 00:32:18,840 [INFO] [0.00s]   classNum: 2
2026-05-04 00:32:18,840 [INFO] [0.01s]   modes: 12
2026-05-04 00:32:18,842 [INFO] [0.01s]   width: 16
2026-05-04 00:32:18,842 [INFO] [0.01s]   epochs: 1
2026-05-04 00:32:18,842 [INFO] [0.01s]   batch_size: 3
2026-05-04 00:32:18,842 [INFO] [0.01s]   learning_rate: 0.001
2026-05-04 00:32:18,843 [INFO] [0.01s]   weight_decay: 0.0001
2026-05-04 00:32:18,843 [INFO] [0.01s]   train_ratio: 0.8
2026-05-04 00:32:18,843 [INFO] [0.01s]   normalize: True
2026-05-04 00:32:18,843 [INFO] [0.01s]   max_cases_per_category: 2
2026-05-04 00:32:18,844 [INFO] [0.01s]   in_channels: 4
2026-05-04 00:32:18,844 [INFO] [0.01s]   out_channels: 2
2026-05-04 00:32:18,845 [INFO] [0.01s]   show_gradient_stats: True
2026-05-04 00:32:18,845 [INFO] [0.01s]   show_param_stats: True
2026-05-04 00:32:18,845 [INFO] [0.01s]   show_tensor_stats: True
2026-05-04 00:32:18,845 [INFO] [0.01s]   show_prediction_samples: True
2026-05-04 00:32:18,845 [INFO] [0.01s] 
2026-05-04 00:32:18,845 [INFO] [0.01s] === STARTING: Data Loading ===
2026-05-04 00:32:18,846 [INFO] [0.01s] ============================================================
2026-05-04 00:32:18,846 [INFO] [0.01s] DATA LOADING PROCESS
2026-05-04 00:32:18,846 [INFO] [0.01s] ============================================================
2026-05-04 00:32:18,846 [INFO] [0.01s] Data root: C:\ftpService\CFDBench
2026-05-04 00:32:18,846 [INFO] [0.01s] Problems: ['cavity']
2026-05-04 00:32:18,847 [INFO] [0.01s] classNum: 2
2026-05-04 00:32:18,847 [INFO] [0.01s] Categories to use: ['bc', 'geo']
2026-05-04 00:32:18,847 [INFO] [0.01s] Max cases per category: 2
2026-05-04 00:32:18,847 [INFO] [0.01s] Normalize: True
2026-05-04 00:32:18,847 [INFO] [0.01s] 
2026-05-04 00:32:18,848 [INFO] [0.01s] Processing problem: cavity
2026-05-04 00:32:18,850 [INFO] [0.01s]   Category: bc - Found 50 cases, using 2
2026-05-04 00:32:18,854 [INFO] [0.02s]     [LOAD] case0000: 10 time steps, 9 samples, shape=(64, 64)
2026-05-04 00:32:18,856 [INFO] [0.02s]     [LOAD] case0001: 11 time steps, 10 samples, shape=(64, 64)
2026-05-04 00:32:18,857 [INFO] [0.02s]   Category: geo - Found 24 cases, using 2
2026-05-04 00:32:18,861 [INFO] [0.02s]     [LOAD] case0001: 23 time steps, 22 samples, shape=(64, 64)
2026-05-04 00:32:18,865 [INFO] [0.03s]     [LOAD] case0002: 20 time steps, 19 samples, shape=(64, 64)
2026-05-04 00:32:18,865 [INFO] [0.03s] 
2026-05-04 00:32:18,865 [INFO] [0.03s] ------------------------------------------------------------
2026-05-04 00:32:18,865 [INFO] [0.03s] DATA LOADING SUMMARY
2026-05-04 00:32:18,865 [INFO] [0.03s] ------------------------------------------------------------
2026-05-04 00:32:18,865 [INFO] [0.03s]   Total cases loaded: 4
2026-05-04 00:32:18,865 [INFO] [0.03s]   Total cases skipped: 0
2026-05-04 00:32:18,865 [INFO] [0.03s]   Total time-step pairs: 60
2026-05-04 00:32:18,865 [INFO] [0.03s] 
2026-05-04 00:32:18,865 [INFO] [0.03s] Computing normalization statistics...
2026-05-04 00:32:18,870 [INFO] [0.03s]   U Component:
2026-05-04 00:32:18,870 [INFO] [0.03s]     mean = 0.119273
2026-05-04 00:32:18,870 [INFO] [0.03s]     std  = 1.529013
2026-05-04 00:32:18,870 [INFO] [0.03s]     min  = -4.595441
2026-05-04 00:32:18,870 [INFO] [0.03s]     max  = 10.000000
2026-05-04 00:32:18,870 [INFO] [0.03s]   V Component:
2026-05-04 00:32:18,870 [INFO] [0.03s]     mean = 0.000130
2026-05-04 00:32:18,870 [INFO] [0.03s]     std  = 1.041195
2026-05-04 00:32:18,870 [INFO] [0.03s]     min  = -6.291953
2026-05-04 00:32:18,870 [INFO] [0.03s]     max  = 4.532698
2026-05-04 00:32:18,870 [INFO] [0.04s] 
2026-05-04 00:32:18,872 [INFO] [0.04s] Normalizing data...
2026-05-04 00:32:18,874 [INFO] [0.04s]   Normalized 50/60 samples
2026-05-04 00:32:18,876 [INFO] [0.04s]   Normalization complete: 60 samples
2026-05-04 00:32:18,876 [INFO] [0.04s] 
2026-05-04 00:32:18,876 [INFO] [0.04s] ============================================================
2026-05-04 00:32:18,876 [INFO] [0.04s] DATA LOADING COMPLETE
2026-05-04 00:32:18,876 [INFO] [0.04s] ============================================================
2026-05-04 00:32:18,877 [INFO] [0.04s] === COMPLETED: Data Loading (took 0.03s) ===
2026-05-04 00:32:18,877 [INFO] [0.04s]     Details: 48 train, 12 test, 16 batches per epoch
2026-05-04 00:32:18,898 [INFO] [0.06s] Memory: CPU Memory: 159.02MB RSS
2026-05-04 00:32:18,899 [INFO] [0.06s] === STARTING: Model Creation ===
2026-05-04 00:32:18,911 [INFO] [0.07s] Model Architecture:
2026-05-04 00:32:18,911 [INFO] [0.07s]   FNO2d with modes=12, width=16
2026-05-04 00:32:18,911 [INFO] [0.07s]   Input channels: 4 (2 data + 2 coords auto-added)
2026-05-04 00:32:18,911 [INFO] [0.08s]   Output channels: 2 (u, v velocity)
2026-05-04 00:32:18,912 [INFO] [0.08s]   Total parameters: 298,642
2026-05-04 00:32:18,912 [INFO] [0.08s]   Trainable parameters: 298,642
2026-05-04 00:32:18,912 [INFO] [0.08s] 
  Layer-wise parameter count:
2026-05-04 00:32:18,912 [INFO] [0.08s]     fc0.weight: 64 params
2026-05-04 00:32:18,912 [INFO] [0.08s]     fc0.bias: 16 params
2026-05-04 00:32:18,912 [INFO] [0.08s]     conv0.weights1: 36,864 params
2026-05-04 00:32:18,912 [INFO] [0.08s]     conv0.weights2: 36,864 params
2026-05-04 00:32:18,913 [INFO] [0.08s]     conv1.weights1: 36,864 params
2026-05-04 00:32:18,913 [INFO] [0.08s]     conv1.weights2: 36,864 params
2026-05-04 00:32:18,913 [INFO] [0.08s]     conv2.weights1: 36,864 params
2026-05-04 00:32:18,913 [INFO] [0.08s]     conv2.weights2: 36,864 params
2026-05-04 00:32:18,913 [INFO] [0.08s]     conv3.weights1: 36,864 params
2026-05-04 00:32:18,913 [INFO] [0.08s]     conv3.weights2: 36,864 params
2026-05-04 00:32:18,914 [INFO] [0.08s]     w0.weight: 256 params
2026-05-04 00:32:18,914 [INFO] [0.08s]     w0.bias: 16 params
2026-05-04 00:32:18,914 [INFO] [0.08s]     w1.weight: 256 params
2026-05-04 00:32:18,914 [INFO] [0.08s]     w1.bias: 16 params
2026-05-04 00:32:18,914 [INFO] [0.08s]     w2.weight: 256 params
2026-05-04 00:32:18,914 [INFO] [0.08s]     w2.bias: 16 params
2026-05-04 00:32:18,914 [INFO] [0.08s]     w3.weight: 256 params
2026-05-04 00:32:18,916 [INFO] [0.08s]     w3.bias: 16 params
2026-05-04 00:32:18,917 [INFO] [0.08s]     bn0.weight: 16 params
2026-05-04 00:32:18,917 [INFO] [0.08s]     bn0.bias: 16 params
2026-05-04 00:32:18,917 [INFO] [0.08s]     bn1.weight: 16 params
2026-05-04 00:32:18,917 [INFO] [0.08s]     bn1.bias: 16 params
2026-05-04 00:32:18,917 [INFO] [0.08s]     bn2.weight: 16 params
2026-05-04 00:32:18,917 [INFO] [0.08s]     bn2.bias: 16 params
2026-05-04 00:32:18,918 [INFO] [0.08s]     bn3.weight: 16 params
2026-05-04 00:32:18,918 [INFO] [0.08s]     bn3.bias: 16 params
2026-05-04 00:32:18,918 [INFO] [0.08s]     fc1.weight: 2,048 params
2026-05-04 00:32:18,918 [INFO] [0.08s]     fc1.bias: 128 params
2026-05-04 00:32:18,918 [INFO] [0.08s]     fc2.weight: 256 params
2026-05-04 00:32:18,918 [INFO] [0.08s]     fc2.bias: 2 params
2026-05-04 00:32:18,918 [INFO] [0.08s] === COMPLETED: Model Creation (took 0.02s) ===
2026-05-04 00:32:18,919 [INFO] [0.08s]     Details: 298,642 parameters
2026-05-04 00:32:18,919 [INFO] [0.08s] Memory: CPU Memory: 162.95MB RSS
2026-05-04 00:32:18,919 [INFO] [0.08s] === STARTING: Optimizer Setup ===
2026-05-04 00:32:20,558 [INFO] [1.72s] Optimizer: Adam
2026-05-04 00:32:20,558 [INFO] [1.72s]   Learning rate: 0.001
2026-05-04 00:32:20,558 [INFO] [1.72s]   Weight decay: 0.0001
2026-05-04 00:32:20,558 [INFO] [1.72s] Scheduler: StepLR (step=15, gamma=0.5)
2026-05-04 00:32:20,558 [INFO] [1.72s] Loss function: MSELoss
2026-05-04 00:32:20,558 [INFO] [1.72s] === COMPLETED: Optimizer Setup (took 1.64s) ===
2026-05-04 00:32:20,558 [INFO] [1.72s] === STARTING: Training ===
2026-05-04 00:32:20,558 [INFO] [1.72s] ================================================================================
2026-05-04 00:32:20,558 [INFO] [1.72s] TRAINING PROCESS - DETAILED LOGGING
2026-05-04 00:32:20,558 [INFO] [1.72s] ================================================================================
2026-05-04 00:32:20,559 [INFO] [1.72s] 
2026-05-04 00:32:20,559 [INFO] [1.72s] Logging features enabled:
2026-05-04 00:32:20,559 [INFO] [1.72s]   - Gradient statistics: [YES]
2026-05-04 00:32:20,559 [INFO] [1.72s]   - Parameter statistics: [YES]
2026-05-04 00:32:20,559 [INFO] [1.72s]   - Tensor statistics: [YES]
2026-05-04 00:32:20,559 [INFO] [1.72s]   - Prediction samples: [YES]
2026-05-04 00:32:20,559 [INFO] [1.72s] 
2026-05-04 00:32:20,560 [INFO] [1.72s] 
================================================================================
2026-05-04 00:32:20,560 [INFO] [1.72s] [EPOCH 1/1] START
2026-05-04 00:32:20,560 [INFO] [1.72s] ================================================================================
2026-05-04 00:32:20,560 [INFO] [1.72s]   Current learning rate: 1.00e-03
2026-05-04 00:32:20,560 [INFO] [1.72s]   Number of batches: 16
2026-05-04 00:32:20,560 [INFO] [1.72s]   Memory: CPU Memory: 201.73MB RSS
2026-05-04 00:32:20,560 [INFO] [1.72s] 
2026-05-04 00:32:20,563 [INFO] [1.73s] ------------------------------------------------------------
2026-05-04 00:32:20,563 [DEBUG] [1.73s] [Batch 1/16] INPUT DATA STATS
2026-05-04 00:32:20,563 [INFO] [1.73s]   Case: cavity/geo/case0002 (t=16)
2026-05-04 00:32:20,564 [DEBUG] [1.73s]   Tensor Stats - Input (first sample):
2026-05-04 00:32:20,564 [INFO] [1.73s]     shape: (64, 64, 2)
2026-05-04 00:32:20,564 [INFO] [1.73s]     dtype: torch.float32
2026-05-04 00:32:20,564 [INFO] [1.73s]     mean: 0.014878
2026-05-04 00:32:20,564 [INFO] [1.73s]     std: 1.160731
2026-05-04 00:32:20,564 [INFO] [1.73s]     min: -6.037682
2026-05-04 00:32:20,564 [INFO] [1.73s]     max: 6.462160
2026-05-04 00:32:20,564 [INFO] [1.73s]     median: -0.038272
2026-05-04 00:32:20,566 [DEBUG] [1.73s]   Tensor Stats - Target (first sample):
2026-05-04 00:32:20,566 [INFO] [1.73s]     shape: (64, 64, 2)
2026-05-04 00:32:20,566 [INFO] [1.73s]     dtype: torch.float32
2026-05-04 00:32:20,566 [INFO] [1.73s]     mean: 0.014877
2026-05-04 00:32:20,566 [INFO] [1.73s]     std: 1.163145
2026-05-04 00:32:20,566 [INFO] [1.73s]     min: -6.039853
2026-05-04 00:32:20,566 [INFO] [1.73s]     max: 6.462160
2026-05-04 00:32:20,566 [INFO] [1.73s]     median: -0.038311
2026-05-04 00:32:20,740 [DEBUG] [1.90s] 
  [Batch 1/16] GRADIENT STATISTICS
2026-05-04 00:32:20,740 [INFO] [1.90s]   Gradient Stats:
2026-05-04 00:32:20,740 [INFO] [1.90s]     grad_norm_mean: 0.380849
2026-05-04 00:32:20,740 [INFO] [1.90s]     grad_norm_max: 2.949766
2026-05-04 00:32:20,740 [INFO] [1.90s]     grad_norm_min: 0.000000
2026-05-04 00:32:20,740 [INFO] [1.90s]     grad_mean_mean: -0.001462
2026-05-04 00:32:20,740 [INFO] [1.90s]     grad_max_max: 0.324035
2026-05-04 00:32:20,740 [INFO] [1.90s]     grad_min_min: -0.882817
2026-05-04 00:32:20,741 [INFO] [1.90s]     valid_gradients: 30
2026-05-04 00:32:20,741 [INFO] [1.90s]     invalid_gradients: 0
2026-05-04 00:32:20,767 [DEBUG] [1.93s] 
  [Batch 1/16] PARAMETER STATISTICS
2026-05-04 00:32:20,767 [INFO] [1.93s]   Param Stats:
2026-05-04 00:32:20,767 [INFO] [1.93s]     param_norm_mean: 1.530768
2026-05-04 00:32:20,768 [INFO] [1.93s]     param_norm_max: 6.682228
2026-05-04 00:32:20,768 [INFO] [1.93s]     param_means_mean: 0.125774
2026-05-04 00:32:20,768 [INFO] [1.93s] 
  [Batch 1/16] TRAINING PROGRESS
2026-05-04 00:32:20,768 [INFO] [1.93s]     Batch Loss:      1.31347096
2026-05-04 00:32:20,768 [INFO] [1.93s]     Running Avg:     1.31347096
2026-05-04 00:32:20,768 [INFO] [1.93s]     Case:            cavity/geo/case0002 (t=16)
2026-05-04 00:32:20,770 [INFO] [1.93s] ------------------------------------------------------------
2026-05-04 00:32:20,771 [DEBUG] [1.93s] [Batch 2/16] INPUT DATA STATS
2026-05-04 00:32:20,771 [INFO] [1.93s]   Case: cavity/geo/case0002 (t=10)
2026-05-04 00:32:20,772 [DEBUG] [1.94s]   Tensor Stats - Input (first sample):
2026-05-04 00:32:20,772 [INFO] [1.94s]     shape: (64, 64, 2)
2026-05-04 00:32:20,772 [INFO] [1.94s]     dtype: torch.float32
2026-05-04 00:32:20,772 [INFO] [1.94s]     mean: 0.014903
2026-05-04 00:32:20,773 [INFO] [1.94s]     std: 1.131254
2026-05-04 00:32:20,773 [INFO] [1.94s]     min: -6.005840
2026-05-04 00:32:20,773 [INFO] [1.94s]     max: 6.462160
2026-05-04 00:32:20,773 [INFO] [1.94s]     median: -0.037786
2026-05-04 00:32:20,774 [DEBUG] [1.94s]   Tensor Stats - Target (first sample):
2026-05-04 00:32:20,774 [INFO] [1.94s]     shape: (64, 64, 2)
2026-05-04 00:32:20,775 [INFO] [1.94s]     dtype: torch.float32
2026-05-04 00:32:20,775 [INFO] [1.94s]     mean: 0.014893
2026-05-04 00:32:20,775 [INFO] [1.94s]     std: 1.138756
2026-05-04 00:32:20,776 [INFO] [1.94s]     min: -6.015213
2026-05-04 00:32:20,776 [INFO] [1.94s]     max: 6.462160
2026-05-04 00:32:20,776 [INFO] [1.94s]     median: -0.037641
2026-05-04 00:32:20,941 [DEBUG] [2.10s] 
  [Batch 2/16] GRADIENT STATISTICS
2026-05-04 00:32:20,941 [INFO] [2.11s]   Gradient Stats:
2026-05-04 00:32:20,942 [INFO] [2.11s]     grad_norm_mean: 0.301521
2026-05-04 00:32:20,942 [INFO] [2.11s]     grad_norm_max: 2.540854
2026-05-04 00:32:20,942 [INFO] [2.11s]     grad_norm_min: 0.000000
2026-05-04 00:32:20,942 [INFO] [2.11s]     grad_mean_mean: -0.001288
2026-05-04 00:32:20,942 [INFO] [2.11s]     grad_max_max: 0.238568
2026-05-04 00:32:20,942 [INFO] [2.11s]     grad_min_min: -0.764560
2026-05-04 00:32:20,942 [INFO] [2.11s]     valid_gradients: 30
2026-05-04 00:32:20,942 [INFO] [2.11s]     invalid_gradients: 0
2026-05-04 00:32:20,967 [DEBUG] [2.13s] 
  [Batch 2/16] PARAMETER STATISTICS
2026-05-04 00:32:20,968 [INFO] [2.13s]   Param Stats:
2026-05-04 00:32:20,968 [INFO] [2.13s]     param_norm_mean: 1.553400
2026-05-04 00:32:20,969 [INFO] [2.13s]     param_norm_max: 6.682090
2026-05-04 00:32:20,969 [INFO] [2.13s]     param_means_mean: 0.125901
2026-05-04 00:32:20,969 [INFO] [2.13s] 
  [Batch 2/16] TRAINING PROGRESS
2026-05-04 00:32:20,969 [INFO] [2.13s]     Batch Loss:      1.02855182
2026-05-04 00:32:20,970 [INFO] [2.13s]     Running Avg:     1.17101139
2026-05-04 00:32:20,970 [INFO] [2.13s]     Case:            cavity/geo/case0002 (t=10)
2026-05-04 00:32:20,974 [INFO] [2.14s] ------------------------------------------------------------
2026-05-04 00:32:20,974 [DEBUG] [2.14s] [Batch 3/16] INPUT DATA STATS
2026-05-04 00:32:20,976 [INFO] [2.14s]   Case: cavity/geo/case0001 (t=10)
2026-05-04 00:32:20,976 [DEBUG] [2.14s]   Tensor Stats - Input (first sample):
2026-05-04 00:32:20,976 [INFO] [2.14s]     shape: (64, 64, 2)
2026-05-04 00:32:20,976 [INFO] [2.14s]     dtype: torch.float32
2026-05-04 00:32:20,976 [INFO] [2.14s]     mean: 0.015405
2026-05-04 00:32:20,976 [INFO] [2.14s]     std: 1.316656
2026-05-04 00:32:20,976 [INFO] [2.14s]     min: -5.975142
2026-05-04 00:32:20,978 [INFO] [2.14s]     max: 6.462160
2026-05-04 00:32:20,978 [INFO] [2.14s]     median: -0.021359
2026-05-04 00:32:20,979 [DEBUG] [2.14s]   Tensor Stats - Target (first sample):
2026-05-04 00:32:20,979 [INFO] [2.14s]     shape: (64, 64, 2)
2026-05-04 00:32:20,979 [INFO] [2.14s]     dtype: torch.float32
2026-05-04 00:32:20,979 [INFO] [2.14s]     mean: 0.015432
2026-05-04 00:32:20,979 [INFO] [2.14s]     std: 1.324155
2026-05-04 00:32:20,979 [INFO] [2.14s]     min: -5.985439
2026-05-04 00:32:20,980 [INFO] [2.14s]     max: 6.462160
2026-05-04 00:32:20,981 [INFO] [2.14s]     median: -0.020040
2026-05-04 00:32:21,140 [DEBUG] [2.30s] 
  [Batch 3/16] GRADIENT STATISTICS
2026-05-04 00:32:21,140 [INFO] [2.30s]   Gradient Stats:
2026-05-04 00:32:21,140 [INFO] [2.30s]     grad_norm_mean: 0.380279
2026-05-04 00:32:21,140 [INFO] [2.30s]     grad_norm_max: 2.869874
2026-05-04 00:32:21,140 [INFO] [2.30s]     grad_norm_min: 0.000000
2026-05-04 00:32:21,141 [INFO] [2.30s]     grad_mean_mean: -0.001762
2026-05-04 00:32:21,141 [INFO] [2.30s]     grad_max_max: 0.324928
2026-05-04 00:32:21,141 [INFO] [2.30s]     grad_min_min: -0.853610
2026-05-04 00:32:21,143 [INFO] [2.31s]     valid_gradients: 30
2026-05-04 00:32:21,143 [INFO] [2.31s]     invalid_gradients: 0
2026-05-04 00:32:21,169 [DEBUG] [2.33s] 
  [Batch 3/16] PARAMETER STATISTICS
2026-05-04 00:32:21,169 [INFO] [2.33s]   Param Stats:
2026-05-04 00:32:21,170 [INFO] [2.33s]     param_norm_mean: 1.578797
2026-05-04 00:32:21,170 [INFO] [2.33s]     param_norm_max: 6.682325
2026-05-04 00:32:21,170 [INFO] [2.33s]     param_means_mean: 0.126053
2026-05-04 00:32:21,170 [INFO] [2.33s] 
  [Batch 3/16] TRAINING PROGRESS
2026-05-04 00:32:21,170 [INFO] [2.33s]     Batch Loss:      1.57962000
2026-05-04 00:32:21,171 [INFO] [2.33s]     Running Avg:     1.30721426
2026-05-04 00:32:21,171 [INFO] [2.33s]     Case:            cavity/geo/case0001 (t=10)
2026-05-04 00:32:21,172 [INFO] [2.34s] ------------------------------------------------------------
2026-05-04 00:32:21,173 [DEBUG] [2.34s] [Batch 4/16] INPUT DATA STATS
2026-05-04 00:32:21,173 [INFO] [2.34s]   Case: cavity/geo/case0002 (t=15)
2026-05-04 00:32:21,173 [DEBUG] [2.34s]   Tensor Stats - Input (first sample):
2026-05-04 00:32:21,173 [INFO] [2.34s]     shape: (64, 64, 2)
2026-05-04 00:32:21,173 [INFO] [2.34s]     dtype: torch.float32
2026-05-04 00:32:21,175 [INFO] [2.34s]     mean: 0.014879
2026-05-04 00:32:21,175 [INFO] [2.34s]     std: 1.157825
2026-05-04 00:32:21,175 [INFO] [2.34s]     min: -6.035017
2026-05-04 00:32:21,176 [INFO] [2.34s]     max: 6.462160
2026-05-04 00:32:21,176 [INFO] [2.34s]     median: -0.038180
2026-05-04 00:32:21,177 [DEBUG] [2.34s]   Tensor Stats - Target (first sample):
2026-05-04 00:32:21,177 [INFO] [2.34s]     shape: (64, 64, 2)
2026-05-04 00:32:21,177 [INFO] [2.34s]     dtype: torch.float32
2026-05-04 00:32:21,177 [INFO] [2.34s]     mean: 0.014878
2026-05-04 00:32:21,178 [INFO] [2.34s]     std: 1.160731
2026-05-04 00:32:21,178 [INFO] [2.34s]     min: -6.037682
2026-05-04 00:32:21,178 [INFO] [2.34s]     max: 6.462160
2026-05-04 00:32:21,179 [INFO] [2.34s]     median: -0.038272
2026-05-04 00:32:21,350 [DEBUG] [2.51s] 
  [Batch 4/16] GRADIENT STATISTICS
2026-05-04 00:32:21,350 [INFO] [2.51s]   Gradient Stats:
2026-05-04 00:32:21,350 [INFO] [2.51s]     grad_norm_mean: 0.146307
2026-05-04 00:32:21,350 [INFO] [2.51s]     grad_norm_max: 1.215667
2026-05-04 00:32:21,351 [INFO] [2.51s]     grad_norm_min: 0.000000
2026-05-04 00:32:21,351 [INFO] [2.51s]     grad_mean_mean: -0.000319
2026-05-04 00:32:21,351 [INFO] [2.51s]     grad_max_max: 0.125370
2026-05-04 00:32:21,351 [INFO] [2.51s]     grad_min_min: -0.304467
2026-05-04 00:32:21,351 [INFO] [2.51s]     valid_gradients: 30
2026-05-04 00:32:21,351 [INFO] [2.51s]     invalid_gradients: 0
2026-05-04 00:32:21,377 [DEBUG] [2.54s] 
  [Batch 4/16] PARAMETER STATISTICS
2026-05-04 00:32:21,377 [INFO] [2.54s]   Param Stats:
2026-05-04 00:32:21,377 [INFO] [2.54s]     param_norm_mean: 1.603785
2026-05-04 00:32:21,377 [INFO] [2.54s]     param_norm_max: 6.682913
2026-05-04 00:32:21,377 [INFO] [2.54s]     param_means_mean: 0.126208
2026-05-04 00:32:21,378 [INFO] [2.54s] 
  [Batch 4/16] TRAINING PROGRESS
2026-05-04 00:32:21,378 [INFO] [2.54s]     Batch Loss:      0.32802495
2026-05-04 00:32:21,378 [INFO] [2.54s]     Running Avg:     1.06241693
2026-05-04 00:32:21,378 [INFO] [2.54s]     Case:            cavity/geo/case0002 (t=15)
2026-05-04 00:32:21,380 [INFO] [2.54s] ------------------------------------------------------------
2026-05-04 00:32:21,381 [DEBUG] [2.54s] [Batch 5/16] INPUT DATA STATS
2026-05-04 00:32:21,381 [INFO] [2.54s]   Case: cavity/geo/case0002 (t=1)
2026-05-04 00:32:21,382 [DEBUG] [2.54s]   Tensor Stats - Input (first sample):
2026-05-04 00:32:21,382 [INFO] [2.55s]     shape: (64, 64, 2)
2026-05-04 00:32:21,382 [INFO] [2.55s]     dtype: torch.float32
2026-05-04 00:32:21,382 [INFO] [2.55s]     mean: 0.016099
2026-05-04 00:32:21,383 [INFO] [2.55s]     std: 0.965100
2026-05-04 00:32:21,383 [INFO] [2.55s]     min: -5.617545
2026-05-04 00:32:21,383 [INFO] [2.55s]     max: 6.462160
2026-05-04 00:32:21,383 [INFO] [2.55s]     median: -0.035124
2026-05-04 00:32:21,384 [DEBUG] [2.55s]   Tensor Stats - Target (first sample):
2026-05-04 00:32:21,384 [INFO] [2.55s]     shape: (64, 64, 2)
2026-05-04 00:32:21,384 [INFO] [2.55s]     dtype: torch.float32
2026-05-04 00:32:21,385 [INFO] [2.55s]     mean: 0.015945
2026-05-04 00:32:21,386 [INFO] [2.55s]     std: 0.998164
2026-05-04 00:32:21,386 [INFO] [2.55s]     min: -5.716193
2026-05-04 00:32:21,386 [INFO] [2.55s]     max: 6.462160
2026-05-04 00:32:21,386 [INFO] [2.55s]     median: -0.037682
2026-05-04 00:32:21,554 [DEBUG] [2.72s] 
  [Batch 5/16] GRADIENT STATISTICS
2026-05-04 00:32:21,554 [INFO] [2.72s]   Gradient Stats:
2026-05-04 00:32:21,554 [INFO] [2.72s]     grad_norm_mean: 0.197587
2026-05-04 00:32:21,554 [INFO] [2.72s]     grad_norm_max: 1.666441
2026-05-04 00:32:21,554 [INFO] [2.72s]     grad_norm_min: 0.000000
2026-05-04 00:32:21,554 [INFO] [2.72s]     grad_mean_mean: -0.000983
2026-05-04 00:32:21,554 [INFO] [2.72s]     grad_max_max: 0.250436
2026-05-04 00:32:21,554 [INFO] [2.72s]     grad_min_min: -0.322706
2026-05-04 00:32:21,554 [INFO] [2.72s]     valid_gradients: 30
2026-05-04 00:32:21,556 [INFO] [2.72s]     invalid_gradients: 0
2026-05-04 00:32:21,574 [DEBUG] [2.74s] 
  [Batch 5/16] PARAMETER STATISTICS
2026-05-04 00:32:21,575 [INFO] [2.74s]   Param Stats:
2026-05-04 00:32:21,575 [INFO] [2.74s]     param_norm_mean: 1.627414
2026-05-04 00:32:21,575 [INFO] [2.74s]     param_norm_max: 6.683908
2026-05-04 00:32:21,575 [INFO] [2.74s]     param_means_mean: 0.126357
2026-05-04 00:32:21,575 [INFO] [2.74s] 
  [Batch 5/16] TRAINING PROGRESS
2026-05-04 00:32:21,576 [INFO] [2.74s]     Batch Loss:      0.68733335
2026-05-04 00:32:21,576 [INFO] [2.74s]     Running Avg:     0.98740022
2026-05-04 00:32:21,576 [INFO] [2.74s]     Case:            cavity/geo/case0002 (t=1)
2026-05-04 00:32:21,576 [DEBUG] [2.74s] 
  [Batch 5/16] PREDICTION SAMPLE
2026-05-04 00:32:21,576 [INFO] [2.74s]     Sample: cavity/geo/case0002 (t=1)
2026-05-04 00:32:21,576 [INFO] [2.74s]     Predicted U stats:  mean=0.076644, std=0.254700
2026-05-04 00:32:21,577 [INFO] [2.74s]     Target U stats:     mean=0.031920, std=1.055071
2026-05-04 00:32:21,577 [INFO] [2.74s]     Predicted V stats:  mean=-0.077103, std=0.157382
2026-05-04 00:32:21,577 [INFO] [2.74s]     Target V stats:     mean=-0.000030, std=0.937408
2026-05-04 00:32:21,579 [INFO] [2.74s]     Sample MSE (U): 0.70195073
2026-05-04 00:32:21,580 [INFO] [2.74s]     Sample MSE (V): 0.68205279
2026-05-04 00:32:21,581 [INFO] [2.74s] ------------------------------------------------------------
2026-05-04 00:32:21,581 [DEBUG] [2.74s] [Batch 6/16] INPUT DATA STATS
2026-05-04 00:32:21,582 [INFO] [2.74s]   Case: cavity/geo/case0001 (t=13)
2026-05-04 00:32:21,583 [DEBUG] [2.75s]   Tensor Stats - Input (first sample):
2026-05-04 00:32:21,583 [INFO] [2.75s]     shape: (64, 64, 2)
2026-05-04 00:32:21,583 [INFO] [2.75s]     dtype: torch.float32
2026-05-04 00:32:21,583 [INFO] [2.75s]     mean: 0.015439
2026-05-04 00:32:21,583 [INFO] [2.75s]     std: 1.335793
2026-05-04 00:32:21,583 [INFO] [2.75s]     min: -6.002517
2026-05-04 00:32:21,583 [INFO] [2.75s]     max: 6.462160
2026-05-04 00:32:21,583 [INFO] [2.75s]     median: -0.018838
2026-05-04 00:32:21,585 [DEBUG] [2.75s]   Tensor Stats - Target (first sample):
2026-05-04 00:32:21,586 [INFO] [2.75s]     shape: (64, 64, 2)
2026-05-04 00:32:21,586 [INFO] [2.75s]     dtype: torch.float32
2026-05-04 00:32:21,586 [INFO] [2.75s]     mean: 0.015422
2026-05-04 00:32:21,586 [INFO] [2.75s]     std: 1.341559
2026-05-04 00:32:21,586 [INFO] [2.75s]     min: -6.010036
2026-05-04 00:32:21,586 [INFO] [2.75s]     max: 6.462160
2026-05-04 00:32:21,586 [INFO] [2.75s]     median: -0.018760
2026-05-04 00:32:21,706 [DEBUG] [2.87s] 
  [Batch 6/16] GRADIENT STATISTICS
2026-05-04 00:32:21,706 [INFO] [2.87s]   Gradient Stats:
2026-05-04 00:32:21,706 [INFO] [2.87s]     grad_norm_mean: 0.237823
2026-05-04 00:32:21,706 [INFO] [2.87s]     grad_norm_max: 1.835473
2026-05-04 00:32:21,706 [INFO] [2.87s]     grad_norm_min: 0.000000
2026-05-04 00:32:21,706 [INFO] [2.87s]     grad_mean_mean: -0.000880
2026-05-04 00:32:21,706 [INFO] [2.87s]     grad_max_max: 0.371489
2026-05-04 00:32:21,707 [INFO] [2.87s]     grad_min_min: -0.312670
2026-05-04 00:32:21,707 [INFO] [2.87s]     valid_gradients: 30
2026-05-04 00:32:21,707 [INFO] [2.87s]     invalid_gradients: 0
2026-05-04 00:32:21,721 [DEBUG] [2.88s] 
  [Batch 6/16] PARAMETER STATISTICS
2026-05-04 00:32:21,721 [INFO] [2.88s]   Param Stats:
2026-05-04 00:32:21,721 [INFO] [2.88s]     param_norm_mean: 1.649661
2026-05-04 00:32:21,721 [INFO] [2.89s]     param_norm_max: 6.685419
2026-05-04 00:32:21,722 [INFO] [2.89s]     param_means_mean: 0.126498
2026-05-04 00:32:21,722 [INFO] [2.89s] 
  [Batch 6/16] TRAINING PROGRESS
2026-05-04 00:32:21,722 [INFO] [2.89s]     Batch Loss:      0.80134219
2026-05-04 00:32:21,722 [INFO] [2.89s]     Running Avg:     0.95639054
2026-05-04 00:32:21,722 [INFO] [2.89s]     Case:            cavity/geo/case0001 (t=13)
2026-05-04 00:32:21,725 [INFO] [2.89s] ------------------------------------------------------------
2026-05-04 00:32:21,727 [DEBUG] [2.89s] [Batch 7/16] INPUT DATA STATS
2026-05-04 00:32:21,727 [INFO] [2.89s]   Case: cavity/geo/case0001 (t=7)
2026-05-04 00:32:21,727 [DEBUG] [2.89s]   Tensor Stats - Input (first sample):
2026-05-04 00:32:21,727 [INFO] [2.89s]     shape: (64, 64, 2)
2026-05-04 00:32:21,728 [INFO] [2.89s]     dtype: torch.float32
2026-05-04 00:32:21,728 [INFO] [2.89s]     mean: 0.015470
2026-05-04 00:32:21,728 [INFO] [2.89s]     std: 1.279861
2026-05-04 00:32:21,728 [INFO] [2.89s]     min: -5.927436
2026-05-04 00:32:21,728 [INFO] [2.89s]     max: 6.462160
2026-05-04 00:32:21,729 [INFO] [2.89s]     median: -0.019720
2026-05-04 00:32:21,729 [DEBUG] [2.89s]   Tensor Stats - Target (first sample):
2026-05-04 00:32:21,729 [INFO] [2.89s]     shape: (64, 64, 2)
2026-05-04 00:32:21,729 [INFO] [2.89s]     dtype: torch.float32
2026-05-04 00:32:21,729 [INFO] [2.89s]     mean: 0.015424
2026-05-04 00:32:21,729 [INFO] [2.89s]     std: 1.294529
2026-05-04 00:32:21,729 [INFO] [2.89s]     min: -5.945363
2026-05-04 00:32:21,730 [INFO] [2.89s]     max: 6.462160
2026-05-04 00:32:21,730 [INFO] [2.89s]     median: -0.020141
2026-05-04 00:32:21,843 [DEBUG] [3.01s] 
  [Batch 7/16] GRADIENT STATISTICS
2026-05-04 00:32:21,844 [INFO] [3.01s]   Gradient Stats:
2026-05-04 00:32:21,844 [INFO] [3.01s]     grad_norm_mean: 0.276105
2026-05-04 00:32:21,844 [INFO] [3.01s]     grad_norm_max: 2.237373
2026-05-04 00:32:21,844 [INFO] [3.01s]     grad_norm_min: 0.000000
2026-05-04 00:32:21,844 [INFO] [3.01s]     grad_mean_mean: -0.001780
2026-05-04 00:32:21,844 [INFO] [3.01s]     grad_max_max: 0.446456
2026-05-04 00:32:21,844 [INFO] [3.01s]     grad_min_min: -0.438495
2026-05-04 00:32:21,844 [INFO] [3.01s]     valid_gradients: 30
2026-05-04 00:32:21,844 [INFO] [3.01s]     invalid_gradients: 0
2026-05-04 00:32:21,865 [DEBUG] [3.03s] 
  [Batch 7/16] PARAMETER STATISTICS
2026-05-04 00:32:21,865 [INFO] [3.03s]   Param Stats:
2026-05-04 00:32:21,865 [INFO] [3.03s]     param_norm_mean: 1.670712
2026-05-04 00:32:21,865 [INFO] [3.03s]     param_norm_max: 6.687451
2026-05-04 00:32:21,865 [INFO] [3.03s]     param_means_mean: 0.126633
2026-05-04 00:32:21,865 [INFO] [3.03s] 
  [Batch 7/16] TRAINING PROGRESS
2026-05-04 00:32:21,867 [INFO] [3.03s]     Batch Loss:      1.02014995
2026-05-04 00:32:21,867 [INFO] [3.03s]     Running Avg:     0.96549903
2026-05-04 00:32:21,867 [INFO] [3.03s]     Case:            cavity/geo/case0001 (t=7)
2026-05-04 00:32:21,868 [INFO] [3.03s] ------------------------------------------------------------
2026-05-04 00:32:21,868 [DEBUG] [3.03s] [Batch 8/16] INPUT DATA STATS
2026-05-04 00:32:21,868 [INFO] [3.03s]   Case: cavity/geo/case0002 (t=9)
2026-05-04 00:32:21,869 [DEBUG] [3.03s]   Tensor Stats - Input (first sample):
2026-05-04 00:32:21,869 [INFO] [3.03s]     shape: (64, 64, 2)
2026-05-04 00:32:21,870 [INFO] [3.03s]     dtype: torch.float32
2026-05-04 00:32:21,870 [INFO] [3.03s]     mean: 0.014918
2026-05-04 00:32:21,870 [INFO] [3.03s]     std: 1.122254
2026-05-04 00:32:21,870 [INFO] [3.03s]     min: -5.993785
2026-05-04 00:32:21,870 [INFO] [3.03s]     max: 6.462160
2026-05-04 00:32:21,870 [INFO] [3.03s]     median: -0.038445
2026-05-04 00:32:21,871 [DEBUG] [3.03s]   Tensor Stats - Target (first sample):
2026-05-04 00:32:21,871 [INFO] [3.03s]     shape: (64, 64, 2)
2026-05-04 00:32:21,871 [INFO] [3.03s]     dtype: torch.float32
2026-05-04 00:32:21,871 [INFO] [3.04s]     mean: 0.014903
2026-05-04 00:32:21,872 [INFO] [3.04s]     std: 1.131254
2026-05-04 00:32:21,872 [INFO] [3.04s]     min: -6.005840
2026-05-04 00:32:21,872 [INFO] [3.04s]     max: 6.462160
2026-05-04 00:32:21,872 [INFO] [3.04s]     median: -0.037786
2026-05-04 00:32:21,982 [DEBUG] [3.14s] 
  [Batch 8/16] GRADIENT STATISTICS
2026-05-04 00:32:21,983 [INFO] [3.15s]   Gradient Stats:
2026-05-04 00:32:21,983 [INFO] [3.15s]     grad_norm_mean: 0.208562
2026-05-04 00:32:21,983 [INFO] [3.15s]     grad_norm_max: 2.078329
2026-05-04 00:32:21,983 [INFO] [3.15s]     grad_norm_min: 0.000000
2026-05-04 00:32:21,983 [INFO] [3.15s]     grad_mean_mean: -0.001652
2026-05-04 00:32:21,983 [INFO] [3.15s]     grad_max_max: 0.435493
2026-05-04 00:32:21,983 [INFO] [3.15s]     grad_min_min: -0.438610
2026-05-04 00:32:21,983 [INFO] [3.15s]     valid_gradients: 30
2026-05-04 00:32:21,983 [INFO] [3.15s]     invalid_gradients: 0
2026-05-04 00:32:21,999 [DEBUG] [3.16s] 
  [Batch 8/16] PARAMETER STATISTICS
2026-05-04 00:32:21,999 [INFO] [3.16s]   Param Stats:
2026-05-04 00:32:22,000 [INFO] [3.16s]     param_norm_mean: 1.691196
2026-05-04 00:32:22,000 [INFO] [3.16s]     param_norm_max: 6.689938
2026-05-04 00:32:22,000 [INFO] [3.16s]     param_means_mean: 0.126767
2026-05-04 00:32:22,000 [INFO] [3.16s] 
  [Batch 8/16] TRAINING PROGRESS
2026-05-04 00:32:22,000 [INFO] [3.16s]     Batch Loss:      0.82267791
2026-05-04 00:32:22,000 [INFO] [3.16s]     Running Avg:     0.94764639
2026-05-04 00:32:22,000 [INFO] [3.16s]     Case:            cavity/geo/case0002 (t=9)
2026-05-04 00:32:22,003 [INFO] [3.17s] ------------------------------------------------------------
2026-05-04 00:32:22,003 [DEBUG] [3.17s] [Batch 9/16] INPUT DATA STATS
2026-05-04 00:32:22,003 [INFO] [3.17s]   Case: cavity/geo/case0002 (t=17)
2026-05-04 00:32:22,004 [DEBUG] [3.17s]   Tensor Stats - Input (first sample):
2026-05-04 00:32:22,004 [INFO] [3.17s]     shape: (64, 64, 2)
2026-05-04 00:32:22,004 [INFO] [3.17s]     dtype: torch.float32
2026-05-04 00:32:22,004 [INFO] [3.17s]     mean: 0.014877
2026-05-04 00:32:22,004 [INFO] [3.17s]     std: 1.163145
2026-05-04 00:32:22,005 [INFO] [3.17s]     min: -6.039853
2026-05-04 00:32:22,005 [INFO] [3.17s]     max: 6.462160
2026-05-04 00:32:22,005 [INFO] [3.17s]     median: -0.038311
2026-05-04 00:32:22,006 [DEBUG] [3.17s]   Tensor Stats - Target (first sample):
2026-05-04 00:32:22,006 [INFO] [3.17s]     shape: (64, 64, 2)
2026-05-04 00:32:22,006 [INFO] [3.17s]     dtype: torch.float32
2026-05-04 00:32:22,006 [INFO] [3.17s]     mean: 0.014877
2026-05-04 00:32:22,006 [INFO] [3.17s]     std: 1.165153
2026-05-04 00:32:22,006 [INFO] [3.17s]     min: -6.041656
2026-05-04 00:32:22,006 [INFO] [3.17s]     max: 6.462160
2026-05-04 00:32:22,006 [INFO] [3.17s]     median: -0.038349
2026-05-04 00:32:22,112 [DEBUG] [3.27s] 
  [Batch 9/16] GRADIENT STATISTICS
2026-05-04 00:32:22,112 [INFO] [3.27s]   Gradient Stats:
2026-05-04 00:32:22,112 [INFO] [3.27s]     grad_norm_mean: 0.130271
2026-05-04 00:32:22,112 [INFO] [3.27s]     grad_norm_max: 1.349871
2026-05-04 00:32:22,112 [INFO] [3.27s]     grad_norm_min: 0.000000
2026-05-04 00:32:22,113 [INFO] [3.28s]     grad_mean_mean: -0.000600
2026-05-04 00:32:22,113 [INFO] [3.28s]     grad_max_max: 0.310197
2026-05-04 00:32:22,113 [INFO] [3.28s]     grad_min_min: -0.279321
2026-05-04 00:32:22,113 [INFO] [3.28s]     valid_gradients: 30
2026-05-04 00:32:22,113 [INFO] [3.28s]     invalid_gradients: 0
2026-05-04 00:32:22,127 [DEBUG] [3.29s] 
  [Batch 9/16] PARAMETER STATISTICS
2026-05-04 00:32:22,128 [INFO] [3.29s]   Param Stats:
2026-05-04 00:32:22,128 [INFO] [3.29s]     param_norm_mean: 1.710855
2026-05-04 00:32:22,128 [INFO] [3.29s]     param_norm_max: 6.692709
2026-05-04 00:32:22,128 [INFO] [3.29s]     param_means_mean: 0.126897
2026-05-04 00:32:22,128 [INFO] [3.29s] 
  [Batch 9/16] TRAINING PROGRESS
2026-05-04 00:32:22,128 [INFO] [3.29s]     Batch Loss:      0.37710705
2026-05-04 00:32:22,128 [INFO] [3.29s]     Running Avg:     0.88425313
2026-05-04 00:32:22,128 [INFO] [3.29s]     Case:            cavity/geo/case0002 (t=17)
2026-05-04 00:32:22,130 [INFO] [3.29s] ------------------------------------------------------------
2026-05-04 00:32:22,130 [DEBUG] [3.29s] [Batch 10/16] INPUT DATA STATS
2026-05-04 00:32:22,131 [INFO] [3.29s]   Case: cavity/geo/case0001 (t=15)
2026-05-04 00:32:22,131 [DEBUG] [3.29s]   Tensor Stats - Input (first sample):
2026-05-04 00:32:22,131 [INFO] [3.29s]     shape: (64, 64, 2)
2026-05-04 00:32:22,132 [INFO] [3.29s]     dtype: torch.float32
2026-05-04 00:32:22,132 [INFO] [3.29s]     mean: 0.015407
2026-05-04 00:32:22,132 [INFO] [3.29s]     std: 1.346806
2026-05-04 00:32:22,132 [INFO] [3.29s]     min: -6.016103
2026-05-04 00:32:22,132 [INFO] [3.29s]     max: 6.462160
2026-05-04 00:32:22,132 [INFO] [3.30s]     median: -0.018489
2026-05-04 00:32:22,133 [DEBUG] [3.30s]   Tensor Stats - Target (first sample):
2026-05-04 00:32:22,133 [INFO] [3.30s]     shape: (64, 64, 2)
2026-05-04 00:32:22,133 [INFO] [3.30s]     dtype: torch.float32
2026-05-04 00:32:22,133 [INFO] [3.30s]     mean: 0.015400
2026-05-04 00:32:22,133 [INFO] [3.30s]     std: 1.351407
2026-05-04 00:32:22,134 [INFO] [3.30s]     min: -6.021000
2026-05-04 00:32:22,134 [INFO] [3.30s]     max: 6.462160
2026-05-04 00:32:22,134 [INFO] [3.30s]     median: -0.017916
2026-05-04 00:32:22,254 [DEBUG] [3.42s] 
  [Batch 10/16] GRADIENT STATISTICS
2026-05-04 00:32:22,254 [INFO] [3.42s]   Gradient Stats:
2026-05-04 00:32:22,254 [INFO] [3.42s]     grad_norm_mean: 0.130195
2026-05-04 00:32:22,254 [INFO] [3.42s]     grad_norm_max: 1.374080
2026-05-04 00:32:22,254 [INFO] [3.42s]     grad_norm_min: 0.000000
2026-05-04 00:32:22,254 [INFO] [3.42s]     grad_mean_mean: -0.000520
2026-05-04 00:32:22,254 [INFO] [3.42s]     grad_max_max: 0.351760
2026-05-04 00:32:22,255 [INFO] [3.42s]     grad_min_min: -0.286065
2026-05-04 00:32:22,255 [INFO] [3.42s]     valid_gradients: 30
2026-05-04 00:32:22,256 [INFO] [3.42s]     invalid_gradients: 0
2026-05-04 00:32:22,274 [DEBUG] [3.44s] 
  [Batch 10/16] PARAMETER STATISTICS
2026-05-04 00:32:22,274 [INFO] [3.44s]   Param Stats:
2026-05-04 00:32:22,274 [INFO] [3.44s]     param_norm_mean: 1.729669
2026-05-04 00:32:22,274 [INFO] [3.44s]     param_norm_max: 6.695751
2026-05-04 00:32:22,274 [INFO] [3.44s]     param_means_mean: 0.127024
2026-05-04 00:32:22,274 [INFO] [3.44s] 
  [Batch 10/16] TRAINING PROGRESS
2026-05-04 00:32:22,274 [INFO] [3.44s]     Batch Loss:      0.37037039
2026-05-04 00:32:22,274 [INFO] [3.44s]     Running Avg:     0.83286486
2026-05-04 00:32:22,274 [INFO] [3.44s]     Case:            cavity/geo/case0001 (t=15)
2026-05-04 00:32:22,274 [DEBUG] [3.44s] 
  [Batch 10/16] PREDICTION SAMPLE
2026-05-04 00:32:22,274 [INFO] [3.44s]     Sample: cavity/geo/case0001 (t=15)
2026-05-04 00:32:22,276 [INFO] [3.44s]     Predicted U stats:  mean=0.114312, std=0.686146
2026-05-04 00:32:22,276 [INFO] [3.44s]     Target U stats:     mean=0.030522, std=1.318526
2026-05-04 00:32:22,276 [INFO] [3.44s]     Predicted V stats:  mean=-0.009258, std=0.568395
2026-05-04 00:32:22,277 [INFO] [3.44s]     Target V stats:     mean=0.000277, std=1.383181
2026-05-04 00:32:22,277 [INFO] [3.44s]     Sample MSE (U): 0.50584471
2026-05-04 00:32:22,277 [INFO] [3.44s]     Sample MSE (V): 0.82549077
2026-05-04 00:32:22,279 [INFO] [3.44s] ------------------------------------------------------------
2026-05-04 00:32:22,279 [DEBUG] [3.44s] [Batch 11/16] INPUT DATA STATS
2026-05-04 00:32:22,279 [INFO] [3.44s]   Case: cavity/geo/case0002 (t=14)
2026-05-04 00:32:22,279 [DEBUG] [3.44s]   Tensor Stats - Input (first sample):
2026-05-04 00:32:22,279 [INFO] [3.44s]     shape: (64, 64, 2)
2026-05-04 00:32:22,280 [INFO] [3.44s]     dtype: torch.float32
2026-05-04 00:32:22,280 [INFO] [3.44s]     mean: 0.014881
2026-05-04 00:32:22,280 [INFO] [3.44s]     std: 1.154323
2026-05-04 00:32:22,280 [INFO] [3.44s]     min: -6.031734
2026-05-04 00:32:22,281 [INFO] [3.44s]     max: 6.462160
2026-05-04 00:32:22,281 [INFO] [3.44s]     median: -0.038432
2026-05-04 00:32:22,282 [DEBUG] [3.44s]   Tensor Stats - Target (first sample):
2026-05-04 00:32:22,282 [INFO] [3.45s]     shape: (64, 64, 2)
2026-05-04 00:32:22,283 [INFO] [3.45s]     dtype: torch.float32
2026-05-04 00:32:22,283 [INFO] [3.45s]     mean: 0.014879
2026-05-04 00:32:22,283 [INFO] [3.45s]     std: 1.157825
2026-05-04 00:32:22,283 [INFO] [3.45s]     min: -6.035017
2026-05-04 00:32:22,283 [INFO] [3.45s]     max: 6.462160
2026-05-04 00:32:22,283 [INFO] [3.45s]     median: -0.038180
2026-05-04 00:32:22,406 [DEBUG] [3.57s] 
  [Batch 11/16] GRADIENT STATISTICS
2026-05-04 00:32:22,407 [INFO] [3.57s]   Gradient Stats:
2026-05-04 00:32:22,408 [INFO] [3.57s]     grad_norm_mean: 0.071585
2026-05-04 00:32:22,408 [INFO] [3.57s]     grad_norm_max: 0.599538
2026-05-04 00:32:22,408 [INFO] [3.57s]     grad_norm_min: 0.000000
2026-05-04 00:32:22,408 [INFO] [3.57s]     grad_mean_mean: 0.000608
2026-05-04 00:32:22,408 [INFO] [3.57s]     grad_max_max: 0.173401
2026-05-04 00:32:22,408 [INFO] [3.57s]     grad_min_min: -0.085590
2026-05-04 00:32:22,409 [INFO] [3.57s]     valid_gradients: 30
2026-05-04 00:32:22,409 [INFO] [3.57s]     invalid_gradients: 0
2026-05-04 00:32:22,433 [DEBUG] [3.60s] 
  [Batch 11/16] PARAMETER STATISTICS
2026-05-04 00:32:22,435 [INFO] [3.60s]   Param Stats:
2026-05-04 00:32:22,435 [INFO] [3.60s]     param_norm_mean: 1.747404
2026-05-04 00:32:22,435 [INFO] [3.60s]     param_norm_max: 6.698785
2026-05-04 00:32:22,435 [INFO] [3.60s]     param_means_mean: 0.127143
2026-05-04 00:32:22,435 [INFO] [3.60s] 
  [Batch 11/16] TRAINING PROGRESS
2026-05-04 00:32:22,436 [INFO] [3.60s]     Batch Loss:      0.13319924
2026-05-04 00:32:22,436 [INFO] [3.60s]     Running Avg:     0.76925889
2026-05-04 00:32:22,436 [INFO] [3.60s]     Case:            cavity/geo/case0002 (t=14)
2026-05-04 00:32:22,442 [INFO] [3.60s] ------------------------------------------------------------
2026-05-04 00:32:22,443 [DEBUG] [3.61s] [Batch 12/16] INPUT DATA STATS
2026-05-04 00:32:22,443 [INFO] [3.61s]   Case: cavity/geo/case0002 (t=5)
2026-05-04 00:32:22,444 [DEBUG] [3.61s]   Tensor Stats - Input (first sample):
2026-05-04 00:32:22,444 [INFO] [3.61s]     shape: (64, 64, 2)
2026-05-04 00:32:22,444 [INFO] [3.61s]     dtype: torch.float32
2026-05-04 00:32:22,445 [INFO] [3.61s]     mean: 0.015144
2026-05-04 00:32:22,445 [INFO] [3.61s]     std: 1.066950
2026-05-04 00:32:22,445 [INFO] [3.61s]     min: -5.895595
2026-05-04 00:32:22,445 [INFO] [3.61s]     max: 6.462160
2026-05-04 00:32:22,446 [INFO] [3.61s]     median: -0.038999
2026-05-04 00:32:22,447 [DEBUG] [3.61s]   Tensor Stats - Target (first sample):
2026-05-04 00:32:22,447 [INFO] [3.61s]     shape: (64, 64, 2)
2026-05-04 00:32:22,447 [INFO] [3.61s]     dtype: torch.float32
2026-05-04 00:32:22,447 [INFO] [3.61s]     mean: 0.015027
2026-05-04 00:32:22,448 [INFO] [3.61s]     std: 1.084077
2026-05-04 00:32:22,448 [INFO] [3.61s]     min: -5.930768
2026-05-04 00:32:22,448 [INFO] [3.61s]     max: 6.462160
2026-05-04 00:32:22,448 [INFO] [3.61s]     median: -0.039080
2026-05-04 00:32:22,554 [DEBUG] [3.72s] 
  [Batch 12/16] GRADIENT STATISTICS
2026-05-04 00:32:22,554 [INFO] [3.72s]   Gradient Stats:
2026-05-04 00:32:22,556 [INFO] [3.72s]     grad_norm_mean: 0.067938
2026-05-04 00:32:22,556 [INFO] [3.72s]     grad_norm_max: 0.529258
2026-05-04 00:32:22,556 [INFO] [3.72s]     grad_norm_min: 0.000000
2026-05-04 00:32:22,556 [INFO] [3.72s]     grad_mean_mean: 0.000634
2026-05-04 00:32:22,556 [INFO] [3.72s]     grad_max_max: 0.146830
2026-05-04 00:32:22,556 [INFO] [3.72s]     grad_min_min: -0.070249
2026-05-04 00:32:22,557 [INFO] [3.72s]     valid_gradients: 30
2026-05-04 00:32:22,557 [INFO] [3.72s]     invalid_gradients: 0
2026-05-04 00:32:22,577 [DEBUG] [3.74s] 
  [Batch 12/16] PARAMETER STATISTICS
2026-05-04 00:32:22,577 [INFO] [3.74s]   Param Stats:
2026-05-04 00:32:22,577 [INFO] [3.74s]     param_norm_mean: 1.764003
2026-05-04 00:32:22,577 [INFO] [3.74s]     param_norm_max: 6.701739
2026-05-04 00:32:22,577 [INFO] [3.74s]     param_means_mean: 0.127255
2026-05-04 00:32:22,578 [INFO] [3.74s] 
  [Batch 12/16] TRAINING PROGRESS
2026-05-04 00:32:22,578 [INFO] [3.74s]     Batch Loss:      0.12152001
2026-05-04 00:32:22,578 [INFO] [3.74s]     Running Avg:     0.71528065
2026-05-04 00:32:22,578 [INFO] [3.74s]     Case:            cavity/geo/case0002 (t=5)
2026-05-04 00:32:22,581 [INFO] [3.74s] ------------------------------------------------------------
2026-05-04 00:32:22,581 [DEBUG] [3.74s] [Batch 13/16] INPUT DATA STATS
2026-05-04 00:32:22,581 [INFO] [3.74s]   Case: cavity/geo/case0002 (t=0)
2026-05-04 00:32:22,582 [DEBUG] [3.75s]   Tensor Stats - Input (first sample):
2026-05-04 00:32:22,582 [INFO] [3.75s]     shape: (64, 64, 2)
2026-05-04 00:32:22,582 [INFO] [3.75s]     dtype: torch.float32
2026-05-04 00:32:22,582 [INFO] [3.75s]     mean: 0.016316
2026-05-04 00:32:22,582 [INFO] [3.75s]     std: 0.883274
2026-05-04 00:32:22,582 [INFO] [3.75s]     min: -5.300910
2026-05-04 00:32:22,583 [INFO] [3.75s]     max: 6.462160
2026-05-04 00:32:22,583 [INFO] [3.75s]     median: -0.034677
2026-05-04 00:32:22,584 [DEBUG] [3.75s]   Tensor Stats - Target (first sample):
2026-05-04 00:32:22,584 [INFO] [3.75s]     shape: (64, 64, 2)
2026-05-04 00:32:22,584 [INFO] [3.75s]     dtype: torch.float32
2026-05-04 00:32:22,584 [INFO] [3.75s]     mean: 0.016099
2026-05-04 00:32:22,584 [INFO] [3.75s]     std: 0.965100
2026-05-04 00:32:22,584 [INFO] [3.75s]     min: -5.617545
2026-05-04 00:32:22,584 [INFO] [3.75s]     max: 6.462160
2026-05-04 00:32:22,586 [INFO] [3.75s]     median: -0.035124
2026-05-04 00:32:22,701 [DEBUG] [3.86s] 
  [Batch 13/16] GRADIENT STATISTICS
2026-05-04 00:32:22,702 [INFO] [3.86s]   Gradient Stats:
2026-05-04 00:32:22,702 [INFO] [3.86s]     grad_norm_mean: 0.099638
2026-05-04 00:32:22,702 [INFO] [3.86s]     grad_norm_max: 0.980322
2026-05-04 00:32:22,702 [INFO] [3.86s]     grad_norm_min: 0.000000
2026-05-04 00:32:22,702 [INFO] [3.87s]     grad_mean_mean: -0.000454
2026-05-04 00:32:22,704 [INFO] [3.87s]     grad_max_max: 0.263164
2026-05-04 00:32:22,704 [INFO] [3.87s]     grad_min_min: -0.200187
2026-05-04 00:32:22,704 [INFO] [3.87s]     valid_gradients: 30
2026-05-04 00:32:22,704 [INFO] [3.87s]     invalid_gradients: 0
2026-05-04 00:32:22,724 [DEBUG] [3.89s] 
  [Batch 13/16] PARAMETER STATISTICS
2026-05-04 00:32:22,724 [INFO] [3.89s]   Param Stats:
2026-05-04 00:32:22,724 [INFO] [3.89s]     param_norm_mean: 1.779540
2026-05-04 00:32:22,724 [INFO] [3.89s]     param_norm_max: 6.704804
2026-05-04 00:32:22,726 [INFO] [3.89s]     param_means_mean: 0.127362
2026-05-04 00:32:22,726 [INFO] [3.89s] 
  [Batch 13/16] TRAINING PROGRESS
2026-05-04 00:32:22,726 [INFO] [3.89s]     Batch Loss:      0.19586210
2026-05-04 00:32:22,726 [INFO] [3.89s]     Running Avg:     0.67532538
2026-05-04 00:32:22,726 [INFO] [3.89s]     Case:            cavity/geo/case0002 (t=0)
2026-05-04 00:32:22,727 [INFO] [3.89s] ------------------------------------------------------------
2026-05-04 00:32:22,727 [DEBUG] [3.89s] [Batch 14/16] INPUT DATA STATS
2026-05-04 00:32:22,727 [INFO] [3.89s]   Case: cavity/geo/case0002 (t=3)
2026-05-04 00:32:22,728 [DEBUG] [3.89s]   Tensor Stats - Input (first sample):
2026-05-04 00:32:22,728 [INFO] [3.89s]     shape: (64, 64, 2)
2026-05-04 00:32:22,728 [INFO] [3.89s]     dtype: torch.float32
2026-05-04 00:32:22,728 [INFO] [3.89s]     mean: 0.015632
2026-05-04 00:32:22,728 [INFO] [3.89s]     std: 1.024295
2026-05-04 00:32:22,729 [INFO] [3.89s]     min: -5.790040
2026-05-04 00:32:22,729 [INFO] [3.89s]     max: 6.462160
2026-05-04 00:32:22,729 [INFO] [3.89s]     median: -0.038506
2026-05-04 00:32:22,730 [DEBUG] [3.89s]   Tensor Stats - Target (first sample):
2026-05-04 00:32:22,730 [INFO] [3.89s]     shape: (64, 64, 2)
2026-05-04 00:32:22,730 [INFO] [3.89s]     dtype: torch.float32
2026-05-04 00:32:22,731 [INFO] [3.89s]     mean: 0.015335
2026-05-04 00:32:22,731 [INFO] [3.89s]     std: 1.047066
2026-05-04 00:32:22,731 [INFO] [3.89s]     min: -5.849434
2026-05-04 00:32:22,731 [INFO] [3.89s]     max: 6.462160
2026-05-04 00:32:22,731 [INFO] [3.89s]     median: -0.039449
2026-05-04 00:32:22,820 [DEBUG] [3.98s] 
  [Batch 14/16] GRADIENT STATISTICS
2026-05-04 00:32:22,820 [INFO] [3.98s]   Gradient Stats:
2026-05-04 00:32:22,820 [INFO] [3.98s]     grad_norm_mean: 0.162260
2026-05-04 00:32:22,820 [INFO] [3.98s]     grad_norm_max: 1.568453
2026-05-04 00:32:22,820 [INFO] [3.98s]     grad_norm_min: 0.000000
2026-05-04 00:32:22,820 [INFO] [3.98s]     grad_mean_mean: -0.001498
2026-05-04 00:32:22,820 [INFO] [3.98s]     grad_max_max: 0.409986
2026-05-04 00:32:22,820 [INFO] [3.98s]     grad_min_min: -0.344734
2026-05-04 00:32:22,821 [INFO] [3.98s]     valid_gradients: 30
2026-05-04 00:32:22,821 [INFO] [3.98s]     invalid_gradients: 0
2026-05-04 00:32:22,838 [DEBUG] [4.00s] 
  [Batch 14/16] PARAMETER STATISTICS
2026-05-04 00:32:22,838 [INFO] [4.00s]   Param Stats:
2026-05-04 00:32:22,838 [INFO] [4.00s]     param_norm_mean: 1.793777
2026-05-04 00:32:22,838 [INFO] [4.00s]     param_norm_max: 6.708201
2026-05-04 00:32:22,838 [INFO] [4.00s]     param_means_mean: 0.127466
2026-05-04 00:32:22,839 [INFO] [4.00s] 
  [Batch 14/16] TRAINING PROGRESS
2026-05-04 00:32:22,839 [INFO] [4.00s]     Batch Loss:      0.36495253
2026-05-04 00:32:22,839 [INFO] [4.00s]     Running Avg:     0.65315589
2026-05-04 00:32:22,839 [INFO] [4.00s]     Case:            cavity/geo/case0002 (t=3)
2026-05-04 00:32:22,840 [INFO] [4.00s] ------------------------------------------------------------
2026-05-04 00:32:22,840 [DEBUG] [4.00s] [Batch 15/16] INPUT DATA STATS
2026-05-04 00:32:22,840 [INFO] [4.00s]   Case: cavity/geo/case0002 (t=13)
2026-05-04 00:32:22,841 [DEBUG] [4.00s]   Tensor Stats - Input (first sample):
2026-05-04 00:32:22,841 [INFO] [4.00s]     shape: (64, 64, 2)
2026-05-04 00:32:22,841 [INFO] [4.00s]     dtype: torch.float32
2026-05-04 00:32:22,841 [INFO] [4.00s]     mean: 0.014883
2026-05-04 00:32:22,841 [INFO] [4.01s]     std: 1.150095
2026-05-04 00:32:22,842 [INFO] [4.01s]     min: -6.027620
2026-05-04 00:32:22,842 [INFO] [4.01s]     max: 6.462160
2026-05-04 00:32:22,842 [INFO] [4.01s]     median: -0.038035
2026-05-04 00:32:22,843 [DEBUG] [4.01s]   Tensor Stats - Target (first sample):
2026-05-04 00:32:22,843 [INFO] [4.01s]     shape: (64, 64, 2)
2026-05-04 00:32:22,843 [INFO] [4.01s]     dtype: torch.float32
2026-05-04 00:32:22,843 [INFO] [4.01s]     mean: 0.014881
2026-05-04 00:32:22,845 [INFO] [4.01s]     std: 1.154323
2026-05-04 00:32:22,845 [INFO] [4.01s]     min: -6.031734
2026-05-04 00:32:22,845 [INFO] [4.01s]     max: 6.462160
2026-05-04 00:32:22,845 [INFO] [4.01s]     median: -0.038432
2026-05-04 00:32:22,964 [DEBUG] [4.13s] 
  [Batch 15/16] GRADIENT STATISTICS
2026-05-04 00:32:22,964 [INFO] [4.13s]   Gradient Stats:
2026-05-04 00:32:22,964 [INFO] [4.13s]     grad_norm_mean: 0.119374
2026-05-04 00:32:22,964 [INFO] [4.13s]     grad_norm_max: 1.188537
2026-05-04 00:32:22,965 [INFO] [4.13s]     grad_norm_min: 0.000000
2026-05-04 00:32:22,965 [INFO] [4.13s]     grad_mean_mean: -0.000644
2026-05-04 00:32:22,965 [INFO] [4.13s]     grad_max_max: 0.363488
2026-05-04 00:32:22,966 [INFO] [4.13s]     grad_min_min: -0.203846
2026-05-04 00:32:22,966 [INFO] [4.13s]     valid_gradients: 30
2026-05-04 00:32:22,966 [INFO] [4.13s]     invalid_gradients: 0
2026-05-04 00:32:22,989 [DEBUG] [4.15s] 
  [Batch 15/16] PARAMETER STATISTICS
2026-05-04 00:32:22,989 [INFO] [4.15s]   Param Stats:
2026-05-04 00:32:22,989 [INFO] [4.15s]     param_norm_mean: 1.807135
2026-05-04 00:32:22,989 [INFO] [4.15s]     param_norm_max: 6.711859
2026-05-04 00:32:22,989 [INFO] [4.15s]     param_means_mean: 0.127567
2026-05-04 00:32:22,990 [INFO] [4.15s] 
  [Batch 15/16] TRAINING PROGRESS
2026-05-04 00:32:22,990 [INFO] [4.15s]     Batch Loss:      0.25151357
2026-05-04 00:32:22,990 [INFO] [4.15s]     Running Avg:     0.62637973
2026-05-04 00:32:22,990 [INFO] [4.15s]     Case:            cavity/geo/case0002 (t=13)
2026-05-04 00:32:22,990 [DEBUG] [4.15s] 
  [Batch 15/16] PREDICTION SAMPLE
2026-05-04 00:32:22,990 [INFO] [4.15s]     Sample: cavity/geo/case0002 (t=13)
2026-05-04 00:32:22,990 [INFO] [4.15s]     Predicted U stats:  mean=0.067705, std=0.781577
2026-05-04 00:32:22,992 [INFO] [4.16s]     Target U stats:     mean=0.029592, std=1.177085
2026-05-04 00:32:22,992 [INFO] [4.16s]     Predicted V stats:  mean=-0.013606, std=0.598053
2026-05-04 00:32:22,992 [INFO] [4.16s]     Target V stats:     mean=0.000170, std=1.130768
2026-05-04 00:32:22,992 [INFO] [4.16s]     Sample MSE (U): 0.21647370
2026-05-04 00:32:22,992 [INFO] [4.16s]     Sample MSE (V): 0.37515172
2026-05-04 00:32:22,993 [INFO] [4.16s] ------------------------------------------------------------
2026-05-04 00:32:22,994 [DEBUG] [4.16s] [Batch 16/16] INPUT DATA STATS
2026-05-04 00:32:22,994 [INFO] [4.16s]   Case: cavity/geo/case0001 (t=18)
2026-05-04 00:32:22,996 [DEBUG] [4.16s]   Tensor Stats - Input (first sample):
2026-05-04 00:32:22,996 [INFO] [4.16s]     shape: (64, 64, 2)
2026-05-04 00:32:22,996 [INFO] [4.16s]     dtype: torch.float32
2026-05-04 00:32:22,996 [INFO] [4.16s]     mean: 0.015383
2026-05-04 00:32:22,996 [INFO] [4.16s]     std: 1.358802
2026-05-04 00:32:22,997 [INFO] [4.16s]     min: -6.028425
2026-05-04 00:32:22,997 [INFO] [4.16s]     max: 6.462160
2026-05-04 00:32:22,997 [INFO] [4.16s]     median: -0.017961
2026-05-04 00:32:22,997 [DEBUG] [4.16s]   Tensor Stats - Target (first sample):
2026-05-04 00:32:22,997 [INFO] [4.16s]     shape: (64, 64, 2)
2026-05-04 00:32:22,997 [INFO] [4.16s]     dtype: torch.float32
2026-05-04 00:32:22,998 [INFO] [4.16s]     mean: 0.015377
2026-05-04 00:32:22,998 [INFO] [4.16s]     std: 1.361713
2026-05-04 00:32:22,998 [INFO] [4.16s]     min: -6.031278
2026-05-04 00:32:22,998 [INFO] [4.16s]     max: 6.462160
2026-05-04 00:32:22,998 [INFO] [4.16s]     median: -0.017854
2026-05-04 00:32:23,118 [DEBUG] [4.28s] 
  [Batch 16/16] GRADIENT STATISTICS
2026-05-04 00:32:23,118 [INFO] [4.28s]   Gradient Stats:
2026-05-04 00:32:23,119 [INFO] [4.28s]     grad_norm_mean: 0.116383
2026-05-04 00:32:23,119 [INFO] [4.28s]     grad_norm_max: 1.151044
2026-05-04 00:32:23,119 [INFO] [4.28s]     grad_norm_min: 0.000000
2026-05-04 00:32:23,119 [INFO] [4.28s]     grad_mean_mean: -0.000747
2026-05-04 00:32:23,119 [INFO] [4.28s]     grad_max_max: 0.349828
2026-05-04 00:32:23,119 [INFO] [4.28s]     grad_min_min: -0.195858
2026-05-04 00:32:23,119 [INFO] [4.28s]     valid_gradients: 30
2026-05-04 00:32:23,120 [INFO] [4.28s]     invalid_gradients: 0
2026-05-04 00:32:23,137 [DEBUG] [4.30s] 
  [Batch 16/16] PARAMETER STATISTICS
2026-05-04 00:32:23,137 [INFO] [4.30s]   Param Stats:
2026-05-04 00:32:23,137 [INFO] [4.30s]     param_norm_mean: 1.819434
2026-05-04 00:32:23,137 [INFO] [4.30s]     param_norm_max: 6.715753
2026-05-04 00:32:23,137 [INFO] [4.30s]     param_means_mean: 0.127665
2026-05-04 00:32:23,137 [INFO] [4.30s] 
  [Batch 16/16] TRAINING PROGRESS
2026-05-04 00:32:23,137 [INFO] [4.30s]     Batch Loss:      0.26176012
2026-05-04 00:32:23,137 [INFO] [4.30s]     Running Avg:     0.60359101
2026-05-04 00:32:23,137 [INFO] [4.30s]     Case:            cavity/geo/case0001 (t=18)
2026-05-04 00:32:23,138 [INFO] [4.30s] 
------------------------------------------------------------
2026-05-04 00:32:23,138 [INFO] [4.30s] [EPOCH 1/1] TRAIN COMPLETE
2026-05-04 00:32:23,138 [INFO] [4.30s] ------------------------------------------------------------
2026-05-04 00:32:23,138 [INFO] [4.30s]   Average Train Loss: 0.60359101
2026-05-04 00:32:23,138 [INFO] [4.30s]   Epoch time: 2.58s
2026-05-04 00:32:23,138 [INFO] [4.30s] 
[EPOCH 1/1] EVALUATION ON TEST SET
2026-05-04 00:32:23,261 [INFO] [4.42s] 
  Test Loss: 0.91502624 *** BEST ***
2026-05-04 00:32:23,261 [INFO] [4.42s]   Test Metrics:
2026-05-04 00:32:23,261 [INFO] [4.42s]     MSE:  0.91502619
2026-05-04 00:32:23,261 [INFO] [4.43s]     RMSE: 0.956570
2026-05-04 00:32:23,263 [INFO] [4.43s]     MAE:  0.487884
2026-05-04 00:32:23,263 [INFO] [4.43s]     R2 (Overall): 0.109778
2026-05-04 00:32:23,263 [INFO] [4.43s]     R2 (U component): 0.179294
2026-05-04 00:32:23,264 [INFO] [4.43s]     R2 (V component): 0.041723
2026-05-04 00:32:23,264 [INFO] [4.43s] 
[EPOCH 1/1] END - Time: 2.58s
2026-05-04 00:32:23,264 [INFO] [4.43s] Memory: CPU Memory: 248.89MB RSS
2026-05-04 00:32:23,264 [INFO] [4.43s] === COMPLETED: Training (took 2.71s) ===
2026-05-04 00:32:23,264 [INFO] [4.43s]     Details: Total time: 2.70s (0.05 min)
2026-05-04 00:32:23,266 [INFO] [4.43s] === STARTING: Model Saving ===
2026-05-04 00:32:23,267 [INFO] [4.43s] Saving model to: C:\traework\a\wilmer-deeplearn\portable_env\python-portable\workspace\fno2-model.pth
2026-05-04 00:32:23,289 [INFO] [4.45s] Model saved successfully: C:\traework\a\wilmer-deeplearn\portable_env\python-portable\workspace\fno2-model.pth
2026-05-04 00:32:23,289 [INFO] [4.45s] File size: 6.83 MB
2026-05-04 00:32:23,290 [INFO] [4.45s] === COMPLETED: Model Saving (took 0.02s) ===
2026-05-04 00:32:23,290 [INFO] [4.45s] 
================================================================================
2026-05-04 00:32:23,291 [INFO] [4.45s] TRAINING COMPLETE - FINAL SUMMARY
2026-05-04 00:32:23,291 [INFO] [4.45s] ================================================================================
2026-05-04 00:32:23,291 [INFO] [4.45s] Total training time: 2.70 seconds (0.05 minutes)
2026-05-04 00:32:23,291 [INFO] [4.45s] Average time per epoch: 2.70 seconds
2026-05-04 00:32:23,291 [INFO] [4.45s] 
2026-05-04 00:32:23,291 [INFO] [4.45s] Final Train Loss: 0.60359101
2026-05-04 00:32:23,291 [INFO] [4.45s] Final Test Loss:  0.91502624
2026-05-04 00:32:23,292 [INFO] [4.45s] Best Test Loss:   0.91502624 (Epoch 1)
2026-05-04 00:32:23,292 [INFO] [4.45s] 
2026-05-04 00:32:23,292 [INFO] [4.45s] Final Test Metrics:
2026-05-04 00:32:23,292 [INFO] [4.45s]   MSE:  0.91502619
2026-05-04 00:32:23,292 [INFO] [4.45s]   RMSE: 0.956570
2026-05-04 00:32:23,293 [INFO] [4.46s]   MAE:  0.487884
2026-05-04 00:32:23,293 [INFO] [4.46s]   R2:   0.109778
2026-05-04 00:32:23,293 [INFO] [4.46s] 
2026-05-04 00:32:23,293 [INFO] [4.46s] Gradient Statistics Summary:
2026-05-04 00:32:23,293 [INFO] [4.46s]   Average gradient norm: 0.189167
2026-05-04 00:32:23,293 [INFO] [4.46s]   Max gradient norm:     0.380849
2026-05-04 00:32:23,293 [INFO] [4.46s]   Min gradient norm:     0.067938
2026-05-04 00:32:23,293 [INFO] [4.46s] Model saved at: C:\traework\a\wilmer-deeplearn\portable_env\python-portable\workspace\fno2-model.pth
2026-05-04 00:32:23,293 [INFO] [4.46s] Log saved at: C:\traework\a\wilmer-deeplearn\portable_env\python-portable\workspace\training_full.log
2026-05-04 00:32:23,294 [INFO] [4.46s] End time: 2026-05-04 00:32:23
2026-05-04 00:32:23,294 [INFO] [4.46s] ================================================================================
